Cluster Num,Representative,Member,RFAM family,Organism,Location,Length
1,"CM000664.2:10445264-10445145 Homo sapiens ODC_IRES Homo sapiens chromosome 2, GRCh38 reference primary assembly.","CM000664.2:10445264-10445145 Homo sapiens ODC_IRES Homo sapiens chromosome 2, GRCh38 reference primary assembly.",RF02535,Homo sapiens (human),,120
2,"CM000663.2:38708708-38708962 Homo sapiens IRES_Bip Homo sapiens chromosome 1, GRCh38 reference primary assembly.","CM000663.2:38708708-38708962 Homo sapiens IRES_Bip Homo sapiens chromosome 1, GRCh38 reference primary assembly.",RF00223,Homo sapiens (human),,255
3,LEF1|Homo sapiens,LEF1|Homo sapiens,,Homo sapiens (human),,1167
3,LEF1|Homo sapiens,"hsa_ires_00607.1|Homo sapiens (human)|chr4:108,167,768-108,168,944-",,Homo sapiens (human),"chr4:108,167,768-108,168,944-",1177
4,"hsa_ires_00016.1|Homo sapiens (human)|chr16:1,309,153-1,314,074+","hsa_ires_00016.1|Homo sapiens (human)|chr16:1,309,153-1,314,074+",,Homo sapiens (human),"chr16:1,309,153-1,314,074+",174
5,"hsa_ires_00048.1|Homo sapiens (human)|chrX:129,906,121-129,907,424+","hsa_ires_00048.1|Homo sapiens (human)|chrX:129,906,121-129,907,424+",,Homo sapiens (human),"chrX:129,906,121-129,907,424+",174
6,"hsa_ires_00080.1|Homo sapiens (human)|chrX:154,305,164-154,305,337+","hsa_ires_00080.1|Homo sapiens (human)|chrX:154,305,164-154,305,337+",,Homo sapiens (human),"chrX:154,305,164-154,305,337+",174
7,"hsa_ires_00112.1|Homo sapiens (human)|chr1:28,887,091-28,987,484+","hsa_ires_00112.1|Homo sapiens (human)|chr1:28,887,091-28,987,484+",,Homo sapiens (human),"chr1:28,887,091-28,987,484+",174
8,"hsa_ires_00144.1|Homo sapiens (human)|chr3:98,469,577-98,469,750+","hsa_ires_00144.1|Homo sapiens (human)|chr3:98,469,577-98,469,750+",,Homo sapiens (human),"chr3:98,469,577-98,469,750+",174
9,"hsa_ires_00176.1|Homo sapiens (human)|chr6:155,090,323-155,129,223+","hsa_ires_00176.1|Homo sapiens (human)|chr6:155,090,323-155,129,223+",,Homo sapiens (human),"chr6:155,090,323-155,129,223+",174
10,"hsa_ires_00208.1|Homo sapiens (human)|chr6:36,540,203-36,547,358-","hsa_ires_00208.1|Homo sapiens (human)|chr6:36,540,203-36,547,358-",,Homo sapiens (human),"chr6:36,540,203-36,547,358-",174
11,"hsa_ires_00240.1|Homo sapiens (human)|chr19:50,981,772-50,983,881-","hsa_ires_00240.1|Homo sapiens (human)|chr19:50,981,772-50,983,881-",,Homo sapiens (human),"chr19:50,981,772-50,983,881-",174
12,"hsa_ires_00272.1|Homo sapiens (human)|chr12:104,287,082-104,311,325+","hsa_ires_00272.1|Homo sapiens (human)|chr12:104,287,082-104,311,325+",,Homo sapiens (human),"chr12:104,287,082-104,311,325+",174
13,"hsa_ires_00304.1|Homo sapiens (human)|chr14:21,234,194-21,269,409-","hsa_ires_00304.1|Homo sapiens (human)|chr14:21,234,194-21,269,409-",,Homo sapiens (human),"chr14:21,234,194-21,269,409-",174
14,"hsa_ires_00336.1|Homo sapiens (human)|chr6:44,247,035-44,248,629+","hsa_ires_00336.1|Homo sapiens (human)|chr6:44,247,035-44,248,629+",,Homo sapiens (human),"chr6:44,247,035-44,248,629+",174
15,"hsa_ires_00368.1|Homo sapiens (human)|chr3:52,495,340-52,501,187+","hsa_ires_00368.1|Homo sapiens (human)|chr3:52,495,340-52,501,187+",,Homo sapiens (human),"chr3:52,495,340-52,501,187+",174
16,"hsa_ires_00400.1|Homo sapiens (human)|chr12:9,733,126-9,733,299-","hsa_ires_00400.1|Homo sapiens (human)|chr12:9,733,126-9,733,299-",,Homo sapiens (human),"chr12:9,733,126-9,733,299-",174
17,"hsa_ires_00432.1|Homo sapiens (human)|chr16:49,730,868-49,857,750-","hsa_ires_00432.1|Homo sapiens (human)|chr16:49,730,868-49,857,750-",,Homo sapiens (human),"chr16:49,730,868-49,857,750-",174
18,"hsa_ires_00464.1|Homo sapiens (human)|chr14:58,244,805-58,247,786+","hsa_ires_00464.1|Homo sapiens (human)|chr14:58,244,805-58,247,786+",,Homo sapiens (human),"chr14:58,244,805-58,247,786+",174
19,"hsa_ires_00496.1|Homo sapiens (human)|chr22:40,857,081-40,860,686+","hsa_ires_00496.1|Homo sapiens (human)|chr22:40,857,081-40,860,686+",,Homo sapiens (human),"chr22:40,857,081-40,860,686+",174
20,"hsa_ires_00528.1|Homo sapiens (human)|chr5:91,383,093-91,383,266-","hsa_ires_00528.1|Homo sapiens (human)|chr5:91,383,093-91,383,266-",,Homo sapiens (human),"chr5:91,383,093-91,383,266-",174
21,"hsa_ires_00560.1|Homo sapiens (human)|chr1:177,171,635-177,229,876+","hsa_ires_00560.1|Homo sapiens (human)|chr1:177,171,635-177,229,876+",,Homo sapiens (human),"chr1:177,171,635-177,229,876+",174
22,"hsa_ires_00592.1|Homo sapiens (human)|chr12:12,717,368-12,717,839+","hsa_ires_00592.1|Homo sapiens (human)|chr12:12,717,368-12,717,839+",,Homo sapiens (human),"chr12:12,717,368-12,717,839+",472
23,"hsa_ires_00624.1|Homo sapiens (human)|chr15:64,499,293-64,500,166+","hsa_ires_00624.1|Homo sapiens (human)|chr15:64,499,293-64,500,166+",,Homo sapiens (human),"chr15:64,499,293-64,500,166+",211
24,"hsa_ires_00656.1|Homo sapiens (human)|chr1:145,996,441-145,996,607-","hsa_ires_00656.1|Homo sapiens (human)|chr1:145,996,441-145,996,607-",,Homo sapiens (human),"chr1:145,996,441-145,996,607-",167
25,"hsa_ires_00688.1|Homo sapiens (human)|chr13:51,034,096-51,066,006-","hsa_ires_00688.1|Homo sapiens (human)|chr13:51,034,096-51,066,006-",,Homo sapiens (human),"chr13:51,034,096-51,066,006-",194
26,NDST4L|Mus musculus,NDST4L|Mus musculus,,Mus musculus (mouse),,672
27,mmu_ires_00028.1|Mus musculus (house mouse),mmu_ires_00028.1|Mus musculus (house mouse),,Mus musculus (mouse),,259
28,mouse_hsa_ires_00376.1 | chr19:56698262-56698426(-) | RF00216 | IRES_c-myc | internal ribosome entry site (IRES),mouse_hsa_ires_00376.1 | chr19:56698262-56698426(-) | RF00216 | IRES_c-myc | internal ribosome entry site (IRES),RF00216,Mus musculus (mouse),chr19:56698262-56698426-,165
28,mouse_hsa_ires_00376.1 | chr19:56698262-56698426(-) | RF00216 | IRES_c-myc | internal ribosome entry site (IRES),mouse_hSNM1 | chr19:56133365-56133529(-) | RF00216 | IRES_c-myc | internal ribosome entry site (IRES),RF00216,Mus musculus (mouse),chr19:56133365-56133529-,165
28,mouse_hsa_ires_00376.1 | chr19:56698262-56698426(-) | RF00216 | IRES_c-myc | internal ribosome entry site (IRES),mouse_hsa_ires_00603.1 | chr19:56133365-56133529(-) | RF00216 | IRES_c-myc | internal ribosome entry site (IRES),RF00216,Mus musculus (mouse),chr19:56133365-56133529-,165
29,"KX884315.1:5604-5785 Wenling crustacean virus 2 IRES_Cripavirus Wenling crustacean virus 2 strain WLJQ102135 hypothetical protein 1 and hypothetical protein 2 genes, complete cds.","KX884315.1:5604-5785 Wenling crustacean virus 2 IRES_Cripavirus Wenling crustacean virus 2 strain WLJQ102135 hypothetical protein 1 and hypothetical protein 2 genes, complete cds.",RF00458,Virus,,182
30,SINV1_IGRpred|Solenopsis invicta virus 1,SINV1_IGRpred|Solenopsis invicta virus 1,,Solenopsis invicta virus 1,,200
30,SINV1_IGRpred|Solenopsis invicta virus 1,vir_ires_00499.1,,Virus,,204
31,vir_ires_00203.1,vir_ires_00203.1,,Virus,,174
32,vir_ires_00487.1,vir_ires_00487.1,,Virus,,235
32,vir_ires_00487.1,FeLV-Notch2|Felis silvestris,,Felis silvestris,,238
33,vir_ires_00005.1,vir_ires_00005.1,,Virus,,174
34,vir_ires_00491.1,vir_ires_00491.1,RF00458,Virus,,178
35,vir_ires_00197.1,vir_ires_00197.1,,Virus,,174
36,vir_ires_00497.1,vir_ires_00497.1,,Virus,,395
37,vir_ires_00072.1,vir_ires_00072.1,,Virus,,174
38,vir_ires_00080.1,vir_ires_00080.1,,Virus,,174
39,vir_ires_00418.1,vir_ires_00418.1,,Virus,,174
40,vir_ires_00050.1,vir_ires_00050.1,,Virus,,174
41,vir_ires_00131.1,vir_ires_00131.1,,Virus,,174
42,vir_ires_00322.1,vir_ires_00322.1,,Virus,,174
43,vir_ires_00285.1,vir_ires_00285.1,,Virus,,174
44,vir_ires_00270.1,vir_ires_00270.1,,Virus,,174
45,vir_ires_00537.1,vir_ires_00537.1,,Virus,,389
46,"hsa_ires_00017.1|Homo sapiens (human)|chr11:46,701,094-46,701,524+","hsa_ires_00017.1|Homo sapiens (human)|chr11:46,701,094-46,701,524+",,Homo sapiens (human),"chr11:46,701,094-46,701,524+",174
47,"hsa_ires_00049.1|Homo sapiens (human)|chr1:204,073,539-204,112,915+","hsa_ires_00049.1|Homo sapiens (human)|chr1:204,073,539-204,112,915+",,Homo sapiens (human),"chr1:204,073,539-204,112,915+",174
48,"hsa_ires_00081.1|Homo sapiens (human)|chr8:144,890,045-144,901,461-","hsa_ires_00081.1|Homo sapiens (human)|chr8:144,890,045-144,901,461-",,Homo sapiens (human),"chr8:144,890,045-144,901,461-",174
49,"hsa_ires_00113.1|Homo sapiens (human)|chr10:79,946,529-79,949,105-","hsa_ires_00113.1|Homo sapiens (human)|chr10:79,946,529-79,949,105-",,Homo sapiens (human),"chr10:79,946,529-79,949,105-",174
50,"hsa_ires_00145.1|Homo sapiens (human)|chr3:198,152,366-198,153,224+","hsa_ires_00145.1|Homo sapiens (human)|chr3:198,152,366-198,153,224+",,Homo sapiens (human),"chr3:198,152,366-198,153,224+",174
51,"hsa_ires_00177.1|Homo sapiens (human)|chr14:94,383,238-94,390,522-","hsa_ires_00177.1|Homo sapiens (human)|chr14:94,383,238-94,390,522-",,Homo sapiens (human),"chr14:94,383,238-94,390,522-",174
52,"hsa_ires_00209.1|Homo sapiens (human)|chr11:64,285,104-64,286,524+","hsa_ires_00209.1|Homo sapiens (human)|chr11:64,285,104-64,286,524+",,Homo sapiens (human),"chr11:64,285,104-64,286,524+",174
53,"hsa_ires_00241.1|Homo sapiens (human)|chrX:30,232,906-30,235,924+","hsa_ires_00241.1|Homo sapiens (human)|chrX:30,232,906-30,235,924+",,Homo sapiens (human),"chrX:30,232,906-30,235,924+",174
54,"hsa_ires_00273.1|Homo sapiens (human)|chr7:139,787,365-139,875,602+","hsa_ires_00273.1|Homo sapiens (human)|chr7:139,787,365-139,875,602+",,Homo sapiens (human),"chr7:139,787,365-139,875,602+",174
55,"hsa_ires_00305.1|Homo sapiens (human)|chr14:23,953,756-23,955,047+","hsa_ires_00305.1|Homo sapiens (human)|chr14:23,953,756-23,955,047+",,Homo sapiens (human),"chr14:23,953,756-23,955,047+",174
56,"hsa_ires_00337.1|Homo sapiens (human)|chr11:99,325,381-99,556,214+","hsa_ires_00337.1|Homo sapiens (human)|chr11:99,325,381-99,556,214+",,Homo sapiens (human),"chr11:99,325,381-99,556,214+",174
57,"hsa_ires_00369.1|Homo sapiens (human)|chr12:6,555,910-6,556,083-","hsa_ires_00369.1|Homo sapiens (human)|chr12:6,555,910-6,556,083-",,Homo sapiens (human),"chr12:6,555,910-6,556,083-",174
58,"hsa_ires_00401.1|Homo sapiens (human)|chr2:127,874,235-127,884,783-","hsa_ires_00401.1|Homo sapiens (human)|chr2:127,874,235-127,884,783-",,Homo sapiens (human),"chr2:127,874,235-127,884,783-",174
59,"hsa_ires_00433.1|Homo sapiens (human)|chr19:58,554,187-58,554,988-","hsa_ires_00433.1|Homo sapiens (human)|chr19:58,554,187-58,554,988-",,Homo sapiens (human),"chr19:58,554,187-58,554,988-",174
60,"hsa_ires_00465.1|Homo sapiens (human)|chr2:161,136,955-161,179,678+","hsa_ires_00465.1|Homo sapiens (human)|chr2:161,136,955-161,179,678+",,Homo sapiens (human),"chr2:161,136,955-161,179,678+",174
61,"hsa_ires_00497.1|Homo sapiens (human)|chr22:39,021,346-39,021,519+","hsa_ires_00497.1|Homo sapiens (human)|chr22:39,021,346-39,021,519+",,Homo sapiens (human),"chr22:39,021,346-39,021,519+",174
62,"hsa_ires_00529.1|Homo sapiens (human)|chr7:141,738,445-141,739,166+","hsa_ires_00529.1|Homo sapiens (human)|chr7:141,738,445-141,739,166+",,Homo sapiens (human),"chr7:141,738,445-141,739,166+",174
63,"hsa_ires_00561.1|Homo sapiens (human)|chr3:157,495,350-157,503,487-","hsa_ires_00561.1|Homo sapiens (human)|chr3:157,495,350-157,503,487-",,Homo sapiens (human),"chr3:157,495,350-157,503,487-",174
64,hsa_ires_00625.1|Homo sapiens (human)|NA,hsa_ires_00625.1|Homo sapiens (human)|NA,,Homo sapiens (human),Homo sapiens human,90
65,"hsa_ires_00657.1|Homo sapiens (human)|chr17:45,894,464-45,962,337+","hsa_ires_00657.1|Homo sapiens (human)|chr17:45,894,464-45,962,337+",,Homo sapiens (human),"chr17:45,894,464-45,962,337+",240
66,"hsa_ires_00689.1|Homo sapiens (human)|chr9:87,726,220-87,726,396+","hsa_ires_00689.1|Homo sapiens (human)|chr9:87,726,220-87,726,396+",,Homo sapiens (human),"chr9:87,726,220-87,726,396+",177
67,NDST4S|Mus musculus,NDST4S|Mus musculus,,Mus musculus (mouse),,418
68,mouse_hsa_ires_00077.1 | chr5:64033802-64033992(-) | RF00226 | IRES_n-myc | internal ribosome entry site (IRES),mouse_hsa_ires_00077.1 | chr5:64033802-64033992(-) | RF00226 | IRES_n-myc | internal ribosome entry site (IRES),RF00226,Mus musculus (mouse),chr5:64033802-64033992-,191
69,"KX884293.1:7275-7471 Wuhan millipede virus 3 IRES_Cripavirus Wuhan millipede virus 3 strain WHWG56524 hypothetical protein 1 and hypothetical protein 2 genes, complete cds.","KX884293.1:7275-7471 Wuhan millipede virus 3 IRES_Cripavirus Wuhan millipede virus 3 strain WHWG56524 hypothetical protein 1 and hypothetical protein 2 genes, complete cds.",RF00458,Virus,,197
70,EoPV_5NTR|Ectropis obliqua picorna-like virus,EoPV_5NTR|Ectropis obliqua picorna-like virus,,Ectropis obliqua picorna-like virus,,390
71,vir_ires_00093.1,vir_ires_00093.1,,Virus,,174
72,vir_ires_00358.1,vir_ires_00358.1,,Virus,,174
73,vir_ires_00266.1,vir_ires_00266.1,,Virus,,174
74,vir_ires_00176.1,vir_ires_00176.1,,Virus,,174
75,vir_ires_00009.1,vir_ires_00009.1,,Virus,,174
76,vir_ires_00370.1,vir_ires_00370.1,,Virus,,174
77,vir_ires_00377.1,vir_ires_00377.1,,Virus,,174
78,vir_ires_00326.1,vir_ires_00326.1,,Virus,,174
79,vir_ires_00424.1,vir_ires_00424.1,,Virus,,174
80,vir_ires_00443.1,vir_ires_00443.1,,Virus,,174
80,vir_ires_00443.1,vir_ires_00030.1,,Virus,,174
80,vir_ires_00443.1,vir_ires_00444.1,,Virus,,174
81,vir_ires_00054.1,vir_ires_00054.1,,Virus,,174
82,vir_ires_00119.1,vir_ires_00119.1,,Virus,,174
83,vir_ires_00485.1,vir_ires_00485.1,,Virus,,280
84,vir_ires_00486.1,vir_ires_00486.1,,Virus,,408
85,vir_ires_00017.1,vir_ires_00017.1,,Virus,,174
86,vir_ires_00538.1,vir_ires_00538.1,,Virus,,372
87,"GL000255.2:3071369-3071588 Homo sapiens IRES_Hsp70 Homo sapiens chromosome 6 genomic contig, GRCh38 reference assembly alternate locus group ALT_REF_LOCI_6.","GL000255.2:3071369-3071588 Homo sapiens IRES_Hsp70 Homo sapiens chromosome 6 genomic contig, GRCh38 reference assembly alternate locus group ALT_REF_LOCI_6.",RF00495,Homo sapiens (human),,220
87,"GL000255.2:3071369-3071588 Homo sapiens IRES_Hsp70 Homo sapiens chromosome 6 genomic contig, GRCh38 reference assembly alternate locus group ALT_REF_LOCI_6.","GL000250.2:3148163-3148382 Homo sapiens IRES_Hsp70 Homo sapiens chromosome 6 genomic contig, GRCh38 reference assembly alternate locus group ALT_REF_LOCI_1.",,Homo sapiens (human),,220
87,"GL000255.2:3071369-3071588 Homo sapiens IRES_Hsp70 Homo sapiens chromosome 6 genomic contig, GRCh38 reference assembly alternate locus group ALT_REF_LOCI_6.","CM000668.2:31815541-31815760 Homo sapiens IRES_Hsp70 Homo sapiens chromosome 6, GRCh38 reference primary assembly.",,Homo sapiens (human),,220
87,"GL000255.2:3071369-3071588 Homo sapiens IRES_Hsp70 Homo sapiens chromosome 6 genomic contig, GRCh38 reference assembly alternate locus group ALT_REF_LOCI_6.","hsa_ires_00604.1|Homo sapiens (human)|chr6:31,815,541-31,815,756+",RF00495,Homo sapiens (human),"chr6:31,815,541-31,815,756+",216
87,"GL000255.2:3071369-3071588 Homo sapiens IRES_Hsp70 Homo sapiens chromosome 6 genomic contig, GRCh38 reference assembly alternate locus group ALT_REF_LOCI_6.","GL000251.2:3292792-3293011 Homo sapiens IRES_Hsp70 Homo sapiens chromosome 6 genomic contig, GRCh38 reference assembly alternate locus group ALT_REF_LOCI_2.",RF00495,Homo sapiens (human),,220
87,"GL000255.2:3071369-3071588 Homo sapiens IRES_Hsp70 Homo sapiens chromosome 6 genomic contig, GRCh38 reference assembly alternate locus group ALT_REF_LOCI_6.","GL000252.2:3063320-3063539 Homo sapiens IRES_Hsp70 Homo sapiens chromosome 6 genomic contig, GRCh38 reference assembly alternate locus group ALT_REF_LOCI_3.",,Homo sapiens (human),,220
87,"GL000255.2:3071369-3071588 Homo sapiens IRES_Hsp70 Homo sapiens chromosome 6 genomic contig, GRCh38 reference assembly alternate locus group ALT_REF_LOCI_6.",hsp70|Homo sapiens,RF00495,Homo sapiens (human),,193
88,MNT_75-267|Homo sapiens,MNT_75-267|Homo sapiens,RF00457,Homo sapiens (human),,193
88,MNT_75-267|Homo sapiens,MNT_75-267|Homo sapiens,RF00457,Homo sapiens (human),,193
88,MNT_75-267|Homo sapiens,"CM001004.3:74721955-74722157 Mus musculus IRES_mnt CM001004.3 Mus musculus chromosome 11, GRCm39 reference primary assembly C57BL/6J",,Mus musculus (mouse),,203
88,MNT_75-267|Homo sapiens,mouse_CM000679.2:2400912-2400710 | chr11:74721955-74722157(+) | RF00457 | IRES_mnt | IRES,RF00457,Mus musculus (mouse),chr11:74721955-74722157+,203
88,MNT_75-267|Homo sapiens,mouse_hsa_ires_00608.1 | chr11:74721955-74722157(+) | RF00457 | IRES_mnt | IRES,RF00457,Mus musculus (mouse),chr11:74721955-74722157+,203
88,MNT_75-267|Homo sapiens,mouse_MNT_75-267 | chr11:74721955-74722157(+) | RF00457 | IRES_mnt | IRES,RF00457,Mus musculus (mouse),chr11:74721955-74722157+,203
88,MNT_75-267|Homo sapiens,"CM000679.2:2400912-2400710 Homo sapiens IRES_mnt Homo sapiens chromosome 17, GRCh38 reference primary assembly.",RF00457,Homo sapiens (human),,203
89,"hsa_ires_00018.1|Homo sapiens (human)|chr2:210,476,387-210,476,767-","hsa_ires_00018.1|Homo sapiens (human)|chr2:210,476,387-210,476,767-",,Homo sapiens (human),"chr2:210,476,387-210,476,767-",174
90,"hsa_ires_00050.1|Homo sapiens (human)|chr19:8,316,611-8,321,396-","hsa_ires_00050.1|Homo sapiens (human)|chr19:8,316,611-8,321,396-",,Homo sapiens (human),"chr19:8,316,611-8,321,396-",174
91,"hsa_ires_00082.1|Homo sapiens (human)|chr15:72,219,098-72,231,276-","hsa_ires_00082.1|Homo sapiens (human)|chr15:72,219,098-72,231,276-",,Homo sapiens (human),"chr15:72,219,098-72,231,276-",174
92,"hsa_ires_00114.1|Homo sapiens (human)|chr21:43,095,724-43,104,334-","hsa_ires_00114.1|Homo sapiens (human)|chr21:43,095,724-43,104,334-",,Homo sapiens (human),"chr21:43,095,724-43,104,334-",174
93,"hsa_ires_00178.1|Homo sapiens (human)|chr14:39,267,416-39,279,471+","hsa_ires_00178.1|Homo sapiens (human)|chr14:39,267,416-39,279,471+",,Homo sapiens (human),"chr14:39,267,416-39,279,471+",174
94,"hsa_ires_00210.1|Homo sapiens (human)|chr11:10,807,296-10,808,792-","hsa_ires_00210.1|Homo sapiens (human)|chr11:10,807,296-10,808,792-",,Homo sapiens (human),"chr11:10,807,296-10,808,792-",174
95,"hsa_ires_00242.1|Homo sapiens (human)|chr19:38,931,121-38,931,294+","hsa_ires_00242.1|Homo sapiens (human)|chr19:38,931,121-38,931,294+",,Homo sapiens (human),"chr19:38,931,121-38,931,294+",174
96,"hsa_ires_00274.1|Homo sapiens (human)|chr3:124,730,366-124,730,539+","hsa_ires_00274.1|Homo sapiens (human)|chr3:124,730,366-124,730,539+",,Homo sapiens (human),"chr3:124,730,366-124,730,539+",174
97,"hsa_ires_00306.1|Homo sapiens (human)|chr3:48,433,857-48,434,870-","hsa_ires_00306.1|Homo sapiens (human)|chr3:48,433,857-48,434,870-",,Homo sapiens (human),"chr3:48,433,857-48,434,870-",174
98,"hsa_ires_00338.1|Homo sapiens (human)|chr2:219,245,470-219,246,016+","hsa_ires_00338.1|Homo sapiens (human)|chr2:219,245,470-219,246,016+",,Homo sapiens (human),"chr2:219,245,470-219,246,016+",174
99,"hsa_ires_00370.1|Homo sapiens (human)|chrX:33,339,266-33,339,439-","hsa_ires_00370.1|Homo sapiens (human)|chrX:33,339,266-33,339,439-",,Homo sapiens (human),"chrX:33,339,266-33,339,439-",174
100,"hsa_ires_00402.1|Homo sapiens (human)|chr7:42,926,661-42,932,206-","hsa_ires_00402.1|Homo sapiens (human)|chr7:42,926,661-42,932,206-",,Homo sapiens (human),"chr7:42,926,661-42,932,206-",174
101,"hsa_ires_00434.1|Homo sapiens (human)|chr1:26,900,298-26,900,471-","hsa_ires_00434.1|Homo sapiens (human)|chr1:26,900,298-26,900,471-",,Homo sapiens (human),"chr1:26,900,298-26,900,471-",174
102,"hsa_ires_00466.1|Homo sapiens (human)|chr3:57,073,521-57,073,694+","hsa_ires_00466.1|Homo sapiens (human)|chr3:57,073,521-57,073,694+",,Homo sapiens (human),"chr3:57,073,521-57,073,694+",174
103,"hsa_ires_00498.1|Homo sapiens (human)|chr13:99,501,433-99,501,606+","hsa_ires_00498.1|Homo sapiens (human)|chr13:99,501,433-99,501,606+",,Homo sapiens (human),"chr13:99,501,433-99,501,606+",174
104,"hsa_ires_00530.1|Homo sapiens (human)|chr2:177,234,269-177,263,573-","hsa_ires_00530.1|Homo sapiens (human)|chr2:177,234,269-177,263,573-",,Homo sapiens (human),"chr2:177,234,269-177,263,573-",174
105,"hsa_ires_00562.1|Homo sapiens (human)|chr17:39,917,317-39,917,490-","hsa_ires_00562.1|Homo sapiens (human)|chr17:39,917,317-39,917,490-",,Homo sapiens (human),"chr17:39,917,317-39,917,490-",174
106,"hsa_ires_00594.1|Homo sapiens (human)|chr18:26,862,563-26,862,910-","hsa_ires_00594.1|Homo sapiens (human)|chr18:26,862,563-26,862,910-",,Homo sapiens (human),"chr18:26,862,563-26,862,910-",348
107,hsa_ires_00626.1|Homo sapiens (human)|NA,hsa_ires_00626.1|Homo sapiens (human)|NA,,Homo sapiens (human),Homo sapiens human,75
108,"hsa_ires_00658.1|Homo sapiens (human)|chr3:69,936,642-69,936,722+","hsa_ires_00658.1|Homo sapiens (human)|chr3:69,936,642-69,936,722+",,Homo sapiens (human),"chr3:69,936,642-69,936,722+",81
109,"hsa_ires_00690.1|Homo sapiens (human)|chr13:20,189,591-20,192,943-","hsa_ires_00690.1|Homo sapiens (human)|chr13:20,189,591-20,192,943-",,Homo sapiens (human),"chr13:20,189,591-20,192,943-",174
110,mmu_ires_00030.1|Mus musculus (house mouse),mmu_ires_00030.1|Mus musculus (house mouse),,Mus musculus (mouse),,93
111,mouse_hsa_ires_00065.1 | chr7:126359360-126359480(-) | RF00261 | IRES_L-myc | internal ribosome entry site (IRES),mouse_hsa_ires_00065.1 | chr7:126359360-126359480(-) | RF00261 | IRES_L-myc | internal ribosome entry site (IRES),RF00261,Mus musculus (mouse),chr7:126359360-126359480-,121
112,mouse_CM000673.2:30012935-30012676 | chr2:106749136-106749252(-) | RF00223 | IRES_Bip | internal ribosome entry site (IRES),mouse_CM000673.2:30012935-30012676 | chr2:106749136-106749252(-) | RF00223 | IRES_Bip | internal ribosome entry site (IRES),RF00223,Mus musculus (mouse),chr2:106749136-106749252-,117
113,"DQ279927.1:55269-55485 Epstein-Barr virus (strain AG876) IRES_EBNA Human herpesvirus 4 strain AG876, complete genome.","DQ279927.1:55269-55485 Epstein-Barr virus (strain AG876) IRES_EBNA Human herpesvirus 4 strain AG876, complete genome.",RF00448,Virus,,217
114,ERAV_245-961|Equine rhinitis A virus 1,ERAV_245-961|Equine rhinitis A virus 1,RF00210,Equine rhinitis A virus 1,,712
114,ERAV_245-961|Equine rhinitis A virus 1,vir_ires_00500.1,RF00210,Virus,,717
115,TMEV|Theiler\'s encephalomyelitis virus,TMEV|Theiler\'s encephalomyelitis virus,RF00210,Theiler\'s encephalomyelitis virus,,1040
116,vir_ires_00260.1,vir_ires_00260.1,,Virus,,174
117,vir_ires_00420.1,vir_ires_00420.1,,Virus,,174
118,vir_ires_00167.1,vir_ires_00167.1,,Virus,,174
119,vir_ires_00037.1,vir_ires_00037.1,RF00229,Virus,,174
120,vir_ires_00496.1,vir_ires_00496.1,,Virus,,385
120,vir_ires_00496.1,"M31182.1:1-385 Bovine viral diarrhea virus 1  IRES_Pesti Bovine viral diarrhea virus 1-NADL, complete genome.",,Virus,,385
120,vir_ires_00496.1,BVDV1_1-385|Bovine viral diarrhea virus 1,,Bovine viral diarrhea virus 1,,385
120,vir_ires_00496.1,BVDV1_1-385|Bovine viral diarrhea virus 1,,Bovine viral diarrhea virus 1,,385
121,vir_ires_00110.1,vir_ires_00110.1,,Virus,,174
122,vir_ires_00468.1,vir_ires_00468.1,,Virus,,174
123,vir_ires_00126.1,vir_ires_00126.1,,Virus,,174
124,vir_ires_00351.1,vir_ires_00351.1,,Virus,,174
125,vir_ires_00245.1,vir_ires_00245.1,,Virus,,174
125,vir_ires_00245.1,DCV_IGR|Drosophila C virus,RF00458,Drosophila C virus,,189
126,vir_ires_00207.1,vir_ires_00207.1,,Virus,,174
127,vir_ires_00363.1,vir_ires_00363.1,,Virus,,174
128,vir_ires_00290.1,vir_ires_00290.1,,Virus,,174
129,vir_ires_00539.1,vir_ires_00539.1,,Virus,,289
130,"hsa_ires_00019.1|Homo sapiens (human)|chr2:233,917,398-233,930,684+","hsa_ires_00019.1|Homo sapiens (human)|chr2:233,917,398-233,930,684+",,Homo sapiens (human),"chr2:233,917,398-233,930,684+",174
131,"hsa_ires_00051.1|Homo sapiens (human)|chr1:154,272,563-154,272,736+","hsa_ires_00051.1|Homo sapiens (human)|chr1:154,272,563-154,272,736+",,Homo sapiens (human),"chr1:154,272,563-154,272,736+",174
132,"hsa_ires_00083.1|Homo sapiens (human)|chr7:101,629,119-101,629,292-","hsa_ires_00083.1|Homo sapiens (human)|chr7:101,629,119-101,629,292-",,Homo sapiens (human),"chr7:101,629,119-101,629,292-",174
133,"hsa_ires_00115.1|Homo sapiens (human)|chr2:219,158,335-219,160,865-","hsa_ires_00115.1|Homo sapiens (human)|chr2:219,158,335-219,160,865-",,Homo sapiens (human),"chr2:219,158,335-219,160,865-",174
134,"hsa_ires_00179.1|Homo sapiens (human)|chr22:38,110,496-38,110,669-","hsa_ires_00179.1|Homo sapiens (human)|chr22:38,110,496-38,110,669-",,Homo sapiens (human),"chr22:38,110,496-38,110,669-",174
135,"hsa_ires_00211.1|Homo sapiens (human)|chr10:100,329,941-100,330,114-","hsa_ires_00211.1|Homo sapiens (human)|chr10:100,329,941-100,330,114-",,Homo sapiens (human),"chr10:100,329,941-100,330,114-",174
136,"hsa_ires_00243.1|Homo sapiens (human)|chr10:63,133,297-63,133,470+","hsa_ires_00243.1|Homo sapiens (human)|chr10:63,133,297-63,133,470+",,Homo sapiens (human),"chr10:63,133,297-63,133,470+",174
137,"hsa_ires_00275.1|Homo sapiens (human)|chr2:202,911,477-202,911,650-","hsa_ires_00275.1|Homo sapiens (human)|chr2:202,911,477-202,911,650-",,Homo sapiens (human),"chr2:202,911,477-202,911,650-",174
138,"hsa_ires_00307.1|Homo sapiens (human)|chr4:83,536,449-83,536,622+","hsa_ires_00307.1|Homo sapiens (human)|chr4:83,536,449-83,536,622+",,Homo sapiens (human),"chr4:83,536,449-83,536,622+",174
139,"hsa_ires_00339.1|Homo sapiens (human)|chr1:161,176,061-161,177,486-","hsa_ires_00339.1|Homo sapiens (human)|chr1:161,176,061-161,177,486-",,Homo sapiens (human),"chr1:161,176,061-161,177,486-",174
140,"hsa_ires_00371.1|Homo sapiens (human)|chr5:150,447,734-150,449,663-","hsa_ires_00371.1|Homo sapiens (human)|chr5:150,447,734-150,449,663-",,Homo sapiens (human),"chr5:150,447,734-150,449,663-",174
141,"hsa_ires_00403.1|Homo sapiens (human)|chr12:16,600,861-16,608,034-","hsa_ires_00403.1|Homo sapiens (human)|chr12:16,600,861-16,608,034-",,Homo sapiens (human),"chr12:16,600,861-16,608,034-",174
142,"hsa_ires_00435.1|Homo sapiens (human)|chr21:30,430,276-30,430,449+","hsa_ires_00435.1|Homo sapiens (human)|chr21:30,430,276-30,430,449+",,Homo sapiens (human),"chr21:30,430,276-30,430,449+",174
143,"hsa_ires_00467.1|Homo sapiens (human)|chr21:31,659,622-31,659,795+","hsa_ires_00467.1|Homo sapiens (human)|chr21:31,659,622-31,659,795+",,Homo sapiens (human),"chr21:31,659,622-31,659,795+",174
144,"hsa_ires_00499.1|Homo sapiens (human)|chr6:26,365,255-26,368,050+","hsa_ires_00499.1|Homo sapiens (human)|chr6:26,365,255-26,368,050+",,Homo sapiens (human),"chr6:26,365,255-26,368,050+",174
145,"hsa_ires_00531.1|Homo sapiens (human)|chr11:66,952,430-66,954,383-","hsa_ires_00531.1|Homo sapiens (human)|chr11:66,952,430-66,954,383-",,Homo sapiens (human),"chr11:66,952,430-66,954,383-",174
146,"hsa_ires_00563.1|Homo sapiens (human)|chr1:25,272,490-25,272,663+","hsa_ires_00563.1|Homo sapiens (human)|chr1:25,272,490-25,272,663+",,Homo sapiens (human),"chr1:25,272,490-25,272,663+",174
147,"hsa_ires_00595.1|Homo sapiens (human)|chr3:148,697,903-148,697,942+","hsa_ires_00595.1|Homo sapiens (human)|chr3:148,697,903-148,697,942+",,Homo sapiens (human),"chr3:148,697,903-148,697,942+",40
148,hsa_ires_00627.1|Homo sapiens (human)|NA,hsa_ires_00627.1|Homo sapiens (human)|NA,,Homo sapiens (human),Homo sapiens human,72
149,"hsa_ires_00659.1|Homo sapiens (human)|chr15:43,800,421-43,800,622+","hsa_ires_00659.1|Homo sapiens (human)|chr15:43,800,421-43,800,622+",,Homo sapiens (human),"chr15:43,800,421-43,800,622+",202
150,UtrA|Mus musculus,UtrA|Mus musculus,,Mus musculus (mouse),,506
151,mouse_hsa_ires_00526.1 | chr7:143344721-143344951(-) | RF00226 | IRES_n-myc | internal ribosome entry site (IRES),mouse_hsa_ires_00526.1 | chr7:143344721-143344951(-) | RF00226 | IRES_n-myc | internal ribosome entry site (IRES),RF00226,Mus musculus (mouse),chr7:143344721-143344951-,231
152,mouse_hsa_ires_00227.1 | chr3:87822002-87822189(+) | RF00461 | IRES_VEGF_A | endothelial growth factor (VEGF) IRES A,mouse_hsa_ires_00227.1 | chr3:87822002-87822189(+) | RF00461 | IRES_VEGF_A | endothelial growth factor (VEGF) IRES A,RF00461,Mus musculus (mouse),chr3:87822002-87822189+,188
152,mouse_hsa_ires_00227.1 | chr3:87822002-87822189(+) | RF00461 | IRES_VEGF_A | endothelial growth factor (VEGF) IRES A,mouse_hsa_ires_00437.1 | chr3:87822002-87822189(+) | RF00461 | IRES_VEGF_A | endothelial growth factor (VEGF) IRES A,RF00461,Mus musculus (mouse),chr3:87822002-87822189+,188
152,mouse_hsa_ires_00227.1 | chr3:87822002-87822189(+) | RF00461 | IRES_VEGF_A | endothelial growth factor (VEGF) IRES A,mouse_hsa_ires_00384.1 | chr3:87822002-87822189(+) | RF00461 | IRES_VEGF_A | endothelial growth factor (VEGF) IRES A,RF00461,Mus musculus (mouse),chr3:87822002-87822189+,188
153,TMV_UI_IRESmp228|Tobacco mosaic virus,TMV_UI_IRESmp228|Tobacco mosaic virus,,Tobacco mosaic virus,,231
154,vir_ires_00055.1,vir_ires_00055.1,,Virus,,174
155,vir_ires_00446.1,vir_ires_00446.1,,Virus,,174
156,vir_ires_00155.1,vir_ires_00155.1,,Virus,,174
157,vir_ires_00184.1,vir_ires_00184.1,,Virus,,174
158,vir_ires_00298.1,vir_ires_00298.1,,Virus,,174
159,vir_ires_00213.1,vir_ires_00213.1,,Virus,,174
160,vir_ires_00244.1,vir_ires_00244.1,,Virus,,174
161,vir_ires_00423.1,vir_ires_00423.1,,Virus,,174
162,vir_ires_00252.1,vir_ires_00252.1,,Virus,,174
163,vir_ires_00373.1,vir_ires_00373.1,,Virus,,174
164,vir_ires_00059.1,vir_ires_00059.1,,Virus,,174
165,vir_ires_00323.1,vir_ires_00323.1,,Virus,,174
166,vir_ires_00540.1,vir_ires_00540.1,,Virus,,293
167,"CM000671.2:33264696-33264327 Homo sapiens IRES_Bag1 Homo sapiens chromosome 9, GRCh38 reference primary assembly.","CM000671.2:33264696-33264327 Homo sapiens IRES_Bag1 Homo sapiens chromosome 9, GRCh38 reference primary assembly.",,Homo sapiens (human),,370
168,AML1/RUNX1|Homo sapiens,AML1/RUNX1|Homo sapiens,,Homo sapiens (human),,1561
168,AML1/RUNX1|Homo sapiens,"hsa_ires_00593.1|Homo sapiens (human)|chr21:34,887,113-34,888,690-",,Homo sapiens (human),"chr21:34,887,113-34,888,690-",1578
169,"hsa_ires_00020.1|Homo sapiens (human)|chr1:151,326,180-151,326,353-","hsa_ires_00020.1|Homo sapiens (human)|chr1:151,326,180-151,326,353-",,Homo sapiens (human),"chr1:151,326,180-151,326,353-",174
170,"hsa_ires_00052.1|Homo sapiens (human)|chr6:139,288,891-139,292,071-","hsa_ires_00052.1|Homo sapiens (human)|chr6:139,288,891-139,292,071-",,Homo sapiens (human),"chr6:139,288,891-139,292,071-",174
171,"hsa_ires_00084.1|Homo sapiens (human)|chr12:57,048,324-57,050,040-","hsa_ires_00084.1|Homo sapiens (human)|chr12:57,048,324-57,050,040-",,Homo sapiens (human),"chr12:57,048,324-57,050,040-",174
172,"hsa_ires_00116.1|Homo sapiens (human)|chr3:183,099,404-183,099,577-","hsa_ires_00116.1|Homo sapiens (human)|chr3:183,099,404-183,099,577-",,Homo sapiens (human),"chr3:183,099,404-183,099,577-",174
173,"hsa_ires_00148.1|Homo sapiens (human)|chr12:54,384,515-54,384,688-","hsa_ires_00148.1|Homo sapiens (human)|chr12:54,384,515-54,384,688-",,Homo sapiens (human),"chr12:54,384,515-54,384,688-",174
174,"hsa_ires_00180.1|Homo sapiens (human)|chr14:73,896,532-73,898,241+","hsa_ires_00180.1|Homo sapiens (human)|chr14:73,896,532-73,898,241+",,Homo sapiens (human),"chr14:73,896,532-73,898,241+",174
175,"hsa_ires_00212.1|Homo sapiens (human)|chr4:102,826,509-102,827,780-","hsa_ires_00212.1|Homo sapiens (human)|chr4:102,826,509-102,827,780-",,Homo sapiens (human),"chr4:102,826,509-102,827,780-",174
176,"hsa_ires_00244.1|Homo sapiens (human)|chr8:133,284,312-133,297,289-","hsa_ires_00244.1|Homo sapiens (human)|chr8:133,284,312-133,297,289-",,Homo sapiens (human),"chr8:133,284,312-133,297,289-",174
177,"hsa_ires_00276.1|Homo sapiens (human)|chr4:80,335,720-80,362,767+","hsa_ires_00276.1|Homo sapiens (human)|chr4:80,335,720-80,362,767+",,Homo sapiens (human),"chr4:80,335,720-80,362,767+",174
178,"hsa_ires_00308.1|Homo sapiens (human)|chr12:54,257,643-54,280,131-","hsa_ires_00308.1|Homo sapiens (human)|chr12:54,257,643-54,280,131-",,Homo sapiens (human),"chr12:54,257,643-54,280,131-",174
179,"hsa_ires_00340.1|Homo sapiens (human)|chr15:34,102,358-34,102,531+","hsa_ires_00340.1|Homo sapiens (human)|chr15:34,102,358-34,102,531+",,Homo sapiens (human),"chr15:34,102,358-34,102,531+",174
180,"hsa_ires_00372.1|Homo sapiens (human)|chr5:172,959,436-172,960,005+","hsa_ires_00372.1|Homo sapiens (human)|chr5:172,959,436-172,960,005+",,Homo sapiens (human),"chr5:172,959,436-172,960,005+",174
181,"hsa_ires_00404.1|Homo sapiens (human)|chr11:6,403,767-6,405,210-","hsa_ires_00404.1|Homo sapiens (human)|chr11:6,403,767-6,405,210-",,Homo sapiens (human),"chr11:6,403,767-6,405,210-",174
182,"hsa_ires_00436.1|Homo sapiens (human)|chr3:172,752,321-172,754,530+","hsa_ires_00436.1|Homo sapiens (human)|chr3:172,752,321-172,754,530+",,Homo sapiens (human),"chr3:172,752,321-172,754,530+",174
183,"hsa_ires_00468.1|Homo sapiens (human)|chr10:103,392,458-103,395,910-","hsa_ires_00468.1|Homo sapiens (human)|chr10:103,392,458-103,395,910-",,Homo sapiens (human),"chr10:103,392,458-103,395,910-",174
184,"hsa_ires_00500.1|Homo sapiens (human)|chr14:72,939,836-72,940,326+","hsa_ires_00500.1|Homo sapiens (human)|chr14:72,939,836-72,940,326+",,Homo sapiens (human),"chr14:72,939,836-72,940,326+",174
185,"hsa_ires_00532.1|Homo sapiens (human)|chr10:60,778,479-60,780,165+","hsa_ires_00532.1|Homo sapiens (human)|chr10:60,778,479-60,780,165+",,Homo sapiens (human),"chr10:60,778,479-60,780,165+",117
186,"hsa_ires_00564.1|Homo sapiens (human)|chr9:113,501,427-113,501,600+","hsa_ires_00564.1|Homo sapiens (human)|chr9:113,501,427-113,501,600+",,Homo sapiens (human),"chr9:113,501,427-113,501,600+",174
187,hsa_ires_00628.1|Homo sapiens (human)|NA,hsa_ires_00628.1|Homo sapiens (human)|NA,,Homo sapiens (human),Homo sapiens human,78
188,"hsa_ires_00660.1|Homo sapiens (human)|chr2:218,217,094-218,217,470+","hsa_ires_00660.1|Homo sapiens (human)|chr2:218,217,094-218,217,470+",,Homo sapiens (human),"chr2:218,217,094-218,217,470+",169
189,"CM001006.3:58956225-58956532 Mus musculus IRES_TrkB CM001006.3 Mus musculus chromosome 13, GRCm39 reference primary assembly C57BL/6J","CM001006.3:58956225-58956532 Mus musculus IRES_TrkB CM001006.3 Mus musculus chromosome 13, GRCm39 reference primary assembly C57BL/6J",RF00547,Mus musculus (mouse),,308
189,"CM001006.3:58956225-58956532 Mus musculus IRES_TrkB CM001006.3 Mus musculus chromosome 13, GRCm39 reference primary assembly C57BL/6J",mmu_ires_00029.1|Mus musculus (house mouse),RF00547,Mus musculus (mouse),,344
189,"CM001006.3:58956225-58956532 Mus musculus IRES_TrkB CM001006.3 Mus musculus chromosome 13, GRCm39 reference primary assembly C57BL/6J",mouse_hsa_ires_00640.1 | chr13:58956225-58956532(+) | RF00547 | IRES_TrkB | IRES,RF00547,chr13:58956225-58956532(+),chr13:58956225-58956532+,308
189,"CM001006.3:58956225-58956532 Mus musculus IRES_TrkB CM001006.3 Mus musculus chromosome 13, GRCm39 reference primary assembly C57BL/6J",mouse_CM000671.2:84670396-84670748 | chr13:58956225-58956532(+) | RF00547 | IRES_TrkB | IRES,RF00547,chr13:58956225-58956532(+),chr13:58956225-58956532+,308
190,VEGF-A_-133_-1|Mus musculus,VEGF-A_-133_-1|Mus musculus,,Mus musculus (mouse),,133
191,mouse_hsa_ires_00588.1 | chr2:34662106-34662369(+) | RF00223 | IRES_Bip | internal ribosome entry site (IRES),mouse_hsa_ires_00588.1 | chr2:34662106-34662369(+) | RF00223 | IRES_Bip | internal ribosome entry site (IRES),RF00223,Mus musculus (mouse),chr2:34662106-34662369+,264
191,mouse_hsa_ires_00588.1 | chr2:34662106-34662369(+) | RF00223 | IRES_Bip | internal ribosome entry site (IRES),"CM000995.3:34662106-34662369 Mus musculus IRES_Bip Mus musculus chromosome 2, GRCm39 reference primary assembly C57BL/6J",,Mus musculus (mouse),,264
191,mouse_hsa_ires_00588.1 | chr2:34662106-34662369(+) | RF00223 | IRES_Bip | internal ribosome entry site (IRES),mouse_hsa_ires_00597.1 | chr2:34662106-34662369(+) | RF00223 | IRES_Bip | internal ribosome entry site (IRES),RF00223,Mus musculus (mouse),chr2:34662106-34662369+,264
191,mouse_hsa_ires_00588.1 | chr2:34662106-34662369(+) | RF00223 | IRES_Bip | internal ribosome entry site (IRES),mouse_CM000671.2:125241341-125241094 | chr2:34662106-34662369(+) | RF00223 | IRES_Bip | internal ribosome entry site (IRES),RF00223,Mus musculus (mouse),chr2:34662106-34662369+,264
191,mouse_hsa_ires_00588.1 | chr2:34662106-34662369(+) | RF00223 | IRES_Bip | internal ribosome entry site (IRES),mouse_hsa_ires_00315.1 | chr2:34662106-34662369(+) | RF00223 | IRES_Bip | internal ribosome entry site (IRES),RF00223,Mus musculus (mouse),chr2:34662106-34662369+,264
191,mouse_hsa_ires_00588.1 | chr2:34662106-34662369(+) | RF00223 | IRES_Bip | internal ribosome entry site (IRES),mouse_BiP_-222_-3 | chr2:34662106-34662369(+) | RF00223 | IRES_Bip | internal ribosome entry site (IRES),RF00223,Mus musculus (mouse),chr2:34662106-34662369+,264
192,mouse_hsa_ires_00047.1 | chr4:116860349-116860452(+) | RF00223 | IRES_Bip | internal ribosome entry site (IRES),mouse_hsa_ires_00047.1 | chr4:116860349-116860452(+) | RF00223 | IRES_Bip | internal ribosome entry site (IRES),RF00223,Mus musculus (mouse),chr4:116860349-116860452+,104
193,mouse_hsa_ires_00227.1 | chr3:88126356-88126471(-) | RF00226 | IRES_n-myc | internal ribosome entry site (IRES),mouse_hsa_ires_00227.1 | chr3:88126356-88126471(-) | RF00226 | IRES_n-myc | internal ribosome entry site (IRES),RF00226,Mus musculus (mouse),chr3:88126356-88126471-,116
193,mouse_hsa_ires_00227.1 | chr3:88126356-88126471(-) | RF00226 | IRES_n-myc | internal ribosome entry site (IRES),mouse_hsa_ires_00384.1 | chr3:87952513-87952628(-) | RF00226 | IRES_n-myc | internal ribosome entry site (IRES),RF00226,Mus musculus (mouse),chr3:87952513-87952628-,116
194,mouse_hsa_ires_00049.1 | chr1:133282574-133282694(-) | RF00223 | IRES_Bip | internal ribosome entry site (IRES),mouse_hsa_ires_00049.1 | chr1:133282574-133282694(-) | RF00223 | IRES_Bip | internal ribosome entry site (IRES),RF00223,Mus musculus (mouse),chr1:133282574-133282694-,121
195,"KX883663.1:6128-6306 Shahe picorna-like virus 11 IRES_Cripavirus Shahe picorna-like virus 11 strain SHWC13613 hypothetical protein 1 and hypothetical protein 2 genes, complete cds.","KX883663.1:6128-6306 Shahe picorna-like virus 11 IRES_Cripavirus Shahe picorna-like virus 11 strain SHWC13613 hypothetical protein 1 and hypothetical protein 2 genes, complete cds.",RF00458,Virus,,179
196,vir_ires_00269.1,vir_ires_00269.1,,Virus,,174
197,vir_ires_00169.1,vir_ires_00169.1,,Virus,,174
198,vir_ires_00191.1,vir_ires_00191.1,,Virus,,174
199,vir_ires_00325.1,vir_ires_00325.1,,Virus,,174
200,vir_ires_00366.1,vir_ires_00366.1,,Virus,,174
201,vir_ires_00006.1,vir_ires_00006.1,,Virus,,174
202,vir_ires_00104.1,vir_ires_00104.1,,Virus,,174
203,vir_ires_00051.1,vir_ires_00051.1,,Virus,,174
204,vir_ires_00095.1,vir_ires_00095.1,,Virus,,174
205,vir_ires_00171.1,vir_ires_00171.1,,Virus,,174
206,vir_ires_00317.1,vir_ires_00317.1,,Virus,,174
207,vir_ires_00196.1,vir_ires_00196.1,,Virus,,174
208,vir_ires_00541.1,vir_ires_00541.1,,Virus,,215
209,"CM000671.2:84670396-84670748 Homo sapiens IRES_TrkB Homo sapiens chromosome 9, GRCh38 reference primary assembly.","CM000671.2:84670396-84670748 Homo sapiens IRES_TrkB Homo sapiens chromosome 9, GRCh38 reference primary assembly.",,Homo sapiens (human),,353
210,Apaf-1|Homo sapiens,Apaf-1|Homo sapiens,,Homo sapiens (human),,231
210,Apaf-1|Homo sapiens,"hsa_ires_00580.1|Homo sapiens (human)|chr12:98,645,644-98,648,359+",,Homo sapiens (human),"chr12:98,645,644-98,648,359+",233
211,"hsa_ires_00021.1|Homo sapiens (human)|chrX:101,616,621-101,617,912-","hsa_ires_00021.1|Homo sapiens (human)|chrX:101,616,621-101,617,912-",,Homo sapiens (human),"chrX:101,616,621-101,617,912-",174
212,"hsa_ires_00053.1|Homo sapiens (human)|chr9:133,129,228-133,129,401-","hsa_ires_00053.1|Homo sapiens (human)|chr9:133,129,228-133,129,401-",,Homo sapiens (human),"chr9:133,129,228-133,129,401-",174
213,"hsa_ires_00085.1|Homo sapiens (human)|chr15:82,571,498-82,571,671-","hsa_ires_00085.1|Homo sapiens (human)|chr15:82,571,498-82,571,671-",,Homo sapiens (human),"chr15:82,571,498-82,571,671-",174
214,"hsa_ires_00117.1|Homo sapiens (human)|chr19:40,442,081-40,442,494-","hsa_ires_00117.1|Homo sapiens (human)|chr19:40,442,081-40,442,494-",,Homo sapiens (human),"chr19:40,442,081-40,442,494-",174
215,"hsa_ires_00149.1|Homo sapiens (human)|chr11:55,554,307-55,554,480+","hsa_ires_00149.1|Homo sapiens (human)|chr11:55,554,307-55,554,480+",,Homo sapiens (human),"chr11:55,554,307-55,554,480+",174
216,"hsa_ires_00181.1|Homo sapiens (human)|chr17:49,622,811-49,677,988-","hsa_ires_00181.1|Homo sapiens (human)|chr17:49,622,811-49,677,988-",,Homo sapiens (human),"chr17:49,622,811-49,677,988-",174
217,"hsa_ires_00213.1|Homo sapiens (human)|chr8:123,416,725-123,416,898+","hsa_ires_00213.1|Homo sapiens (human)|chr8:123,416,725-123,416,898+",,Homo sapiens (human),"chr8:123,416,725-123,416,898+",174
218,"hsa_ires_00245.1|Homo sapiens (human)|chr15:50,686,534-50,686,707-","hsa_ires_00245.1|Homo sapiens (human)|chr15:50,686,534-50,686,707-",,Homo sapiens (human),"chr15:50,686,534-50,686,707-",174
219,"hsa_ires_00277.1|Homo sapiens (human)|chr3:52,149,977-52,154,361-","hsa_ires_00277.1|Homo sapiens (human)|chr3:52,149,977-52,154,361-",,Homo sapiens (human),"chr3:52,149,977-52,154,361-",174
220,"hsa_ires_00309.1|Homo sapiens (human)|chr1:113,904,718-113,904,891-","hsa_ires_00309.1|Homo sapiens (human)|chr1:113,904,718-113,904,891-",,Homo sapiens (human),"chr1:113,904,718-113,904,891-",174
221,"hsa_ires_00341.1|Homo sapiens (human)|chr2:15,558,622-15,561,348-","hsa_ires_00341.1|Homo sapiens (human)|chr2:15,558,622-15,561,348-",,Homo sapiens (human),"chr2:15,558,622-15,561,348-",174
222,"hsa_ires_00373.1|Homo sapiens (human)|chr6:30,571,393-30,577,414+","hsa_ires_00373.1|Homo sapiens (human)|chr6:30,571,393-30,577,414+",,Homo sapiens (human),"chr6:30,571,393-30,577,414+",174
223,"hsa_ires_00405.1|Homo sapiens (human)|chr17:17,522,382-17,577,465-","hsa_ires_00405.1|Homo sapiens (human)|chr17:17,522,382-17,577,465-",,Homo sapiens (human),"chr17:17,522,382-17,577,465-",174
224,"hsa_ires_00437.1|Homo sapiens (human)|chr1:155,679,501-155,679,674-","hsa_ires_00437.1|Homo sapiens (human)|chr1:155,679,501-155,679,674-",,Homo sapiens (human),"chr1:155,679,501-155,679,674-",174
225,"hsa_ires_00469.1|Homo sapiens (human)|chr11:66,000,390-66,002,066-","hsa_ires_00469.1|Homo sapiens (human)|chr11:66,000,390-66,002,066-",,Homo sapiens (human),"chr11:66,000,390-66,002,066-",174
226,"hsa_ires_00501.1|Homo sapiens (human)|chr8:76,984,179-77,000,004-","hsa_ires_00501.1|Homo sapiens (human)|chr8:76,984,179-77,000,004-",,Homo sapiens (human),"chr8:76,984,179-77,000,004-",174
227,"hsa_ires_00533.1|Homo sapiens (human)|chr11:85,648,040-85,654,186+","hsa_ires_00533.1|Homo sapiens (human)|chr11:85,648,040-85,654,186+",,Homo sapiens (human),"chr11:85,648,040-85,654,186+",174
228,"hsa_ires_00565.1|Homo sapiens (human)|chr1:161,118,325-161,118,498+","hsa_ires_00565.1|Homo sapiens (human)|chr1:161,118,325-161,118,498+",,Homo sapiens (human),"chr1:161,118,325-161,118,498+",174
229,"hsa_ires_00597.1|Homo sapiens (human)|chr9:125,241,127-125,241,220-","hsa_ires_00597.1|Homo sapiens (human)|chr9:125,241,127-125,241,220-",RF00223,Homo sapiens (human),"chr9:125,241,127-125,241,220-",94
230,hsa_ires_00629.1|Homo sapiens (human)|NA,hsa_ires_00629.1|Homo sapiens (human)|NA,,Homo sapiens (human),Homo sapiens human,75
231,"hsa_ires_00661.1|Homo sapiens (human)|chr6:24,666,763-24,666,861-","hsa_ires_00661.1|Homo sapiens (human)|chr6:24,666,763-24,666,861-",,Homo sapiens (human),"chr6:24,666,763-24,666,861-",99
232,mmu_ires_00000.1|Mus musculus (house mouse),mmu_ires_00000.1|Mus musculus (house mouse),,Mus musculus (mouse),,166
233,mouse_hsa_ires_00352.1 | chr14:65411372-65411567(+) | RF00216 | IRES_c-myc | internal ribosome entry site (IRES),mouse_hsa_ires_00352.1 | chr14:65411372-65411567(+) | RF00216 | IRES_c-myc | internal ribosome entry site (IRES),RF00216,Mus musculus (mouse),chr14:65411372-65411567+,196
234,mouse_hsa_ires_00653.1 | chr2:172180647-172180801(+) | RF00261 | IRES_L-myc | internal ribosome entry site (IRES),mouse_hsa_ires_00653.1 | chr2:172180647-172180801(+) | RF00261 | IRES_L-myc | internal ribosome entry site (IRES),RF00261,Mus musculus (mouse),chr2:172180647-172180801+,155
234,mouse_hsa_ires_00653.1 | chr2:172180647-172180801(+) | RF00261 | IRES_L-myc | internal ribosome entry site (IRES),mouse_hsa_ires_00303.1 | chr2:172180647-172180801(+) | RF00261 | IRES_L-myc | internal ribosome entry site (IRES),RF00261,Mus musculus (mouse),chr2:172180647-172180801+,155
234,mouse_hsa_ires_00653.1 | chr2:172180647-172180801(+) | RF00261 | IRES_L-myc | internal ribosome entry site (IRES),mouse_hsa_ires_00188.1 | chr2:172180647-172180801(+) | RF00261 | IRES_L-myc | internal ribosome entry site (IRES),RF00261,Mus musculus (mouse),chr2:172180647-172180801+,155
234,mouse_hsa_ires_00653.1 | chr2:172180647-172180801(+) | RF00261 | IRES_L-myc | internal ribosome entry site (IRES),mouse_hsa_ires_00614.1 | chr2:172180647-172180801(+) | RF00261 | IRES_L-myc | internal ribosome entry site (IRES),RF00261,Mus musculus (mouse),chr2:172180647-172180801+,155
234,mouse_hsa_ires_00653.1 | chr2:172180647-172180801(+) | RF00261 | IRES_L-myc | internal ribosome entry site (IRES),mouse_hsa_ires_00605.1 | chr2:172180647-172180801(+) | RF00261 | IRES_L-myc | internal ribosome entry site (IRES),RF00261,Mus musculus (mouse),chr2:172180647-172180801+,155
235,mouse_hsa_ires_00686.1 | chr4:154040483-154040638(+) | RF00226 | IRES_n-myc | internal ribosome entry site (IRES),mouse_hsa_ires_00686.1 | chr4:154040483-154040638(+) | RF00226 | IRES_n-myc | internal ribosome entry site (IRES),RF00226,Mus musculus (mouse),chr4:154040483-154040638+,156
236,"KX883934.1:6306-6467 Hubei picorna-like virus 14 IRES_Cripavirus Hubei picorna-like virus 14 strain QTM26191 hypothetical protein 1 and hypothetical protein 2 genes, complete cds.","KX883934.1:6306-6467 Hubei picorna-like virus 14 IRES_Cripavirus Hubei picorna-like virus 14 strain QTM26191 hypothetical protein 1 and hypothetical protein 2 genes, complete cds.",RF00458,Virus,,162
237,TRV_5NTR|Triatoma virus,TRV_5NTR|Triatoma virus,,Triatoma virus,,694
237,TRV_5NTR|Triatoma virus,TRV_5NTR|Triatoma virus,,Triatoma virus,,694
238,vir_ires_00417.1,vir_ires_00417.1,,Virus,,174
239,vir_ires_00062.1,vir_ires_00062.1,,Virus,,174
240,vir_ires_00277.1,vir_ires_00277.1,,Virus,,174
241,vir_ires_00394.1,vir_ires_00394.1,,Virus,,174
242,vir_ires_00219.1,vir_ires_00219.1,,Virus,,174
243,vir_ires_00347.1,vir_ires_00347.1,,Virus,,174
244,vir_ires_00128.1,vir_ires_00128.1,,Virus,,174
245,vir_ires_00247.1,vir_ires_00247.1,,Virus,,174
246,vir_ires_00086.1,vir_ires_00086.1,,Virus,,174
247,vir_ires_00462.1,vir_ires_00462.1,,Virus,,174
247,vir_ires_00462.1,vir_ires_00029.1,,Virus,,174
248,vir_ires_00390.1,vir_ires_00390.1,,Virus,,174
249,vir_ires_00081.1,vir_ires_00081.1,,Virus,,174
250,vir_ires_00109.1,vir_ires_00109.1,,Virus,,174
251,vir_ires_00023.1,vir_ires_00023.1,,Virus,,174
252,vir_ires_00040.1,vir_ires_00040.1,,Virus,,174
253,vir_ires_00542.1,vir_ires_00542.1,,Virus,,264
254,"CM000673.2:30012935-30012676 Homo sapiens IRES_Kv1_4 Homo sapiens chromosome 11, GRCh38 reference primary assembly.","CM000673.2:30012935-30012676 Homo sapiens IRES_Kv1_4 Homo sapiens chromosome 11, GRCh38 reference primary assembly.",,Homo sapiens (human),,260
255,AQP4|Homo sapiens,AQP4|Homo sapiens,,Homo sapiens (human),,284
256,n-MYC|Homo sapiens,n-MYC|Homo sapiens,,Homo sapiens (human),,320
257,"hsa_ires_00022.1|Homo sapiens (human)|chr19:579,538-580,433+","hsa_ires_00022.1|Homo sapiens (human)|chr19:579,538-580,433+",,Homo sapiens (human),"chr19:579,538-580,433+",174
258,"hsa_ires_00054.1|Homo sapiens (human)|chr5:1,201,595-1,201,768+","hsa_ires_00054.1|Homo sapiens (human)|chr5:1,201,595-1,201,768+",,Homo sapiens (human),"chr5:1,201,595-1,201,768+",174
259,"hsa_ires_00086.1|Homo sapiens (human)|chr10:35,167,552-35,167,725+","hsa_ires_00086.1|Homo sapiens (human)|chr10:35,167,552-35,167,725+",,Homo sapiens (human),"chr10:35,167,552-35,167,725+",174
260,"hsa_ires_00118.1|Homo sapiens (human)|chr6:30,112,742-30,113,090-","hsa_ires_00118.1|Homo sapiens (human)|chr6:30,112,742-30,113,090-",,Homo sapiens (human),"chr6:30,112,742-30,113,090-",174
261,"hsa_ires_00150.1|Homo sapiens (human)|chr21:42,201,615-42,225,694+","hsa_ires_00150.1|Homo sapiens (human)|chr21:42,201,615-42,225,694+",,Homo sapiens (human),"chr21:42,201,615-42,225,694+",174
262,"hsa_ires_00182.1|Homo sapiens (human)|chr12:9,971,423-9,971,596+","hsa_ires_00182.1|Homo sapiens (human)|chr12:9,971,423-9,971,596+",,Homo sapiens (human),"chr12:9,971,423-9,971,596+",174
263,"hsa_ires_00214.1|Homo sapiens (human)|chr1:201,648,495-201,648,668+","hsa_ires_00214.1|Homo sapiens (human)|chr1:201,648,495-201,648,668+",,Homo sapiens (human),"chr1:201,648,495-201,648,668+",174
264,"hsa_ires_00246.1|Homo sapiens (human)|chr21:30,425,739-30,425,912-","hsa_ires_00246.1|Homo sapiens (human)|chr21:30,425,739-30,425,912-",,Homo sapiens (human),"chr21:30,425,739-30,425,912-",174
265,"hsa_ires_00278.1|Homo sapiens (human)|chr1:209,650,945-209,651,118-","hsa_ires_00278.1|Homo sapiens (human)|chr1:209,650,945-209,651,118-",,Homo sapiens (human),"chr1:209,650,945-209,651,118-",174
266,"hsa_ires_00310.1|Homo sapiens (human)|chrX:48,786,574-48,791,192+","hsa_ires_00310.1|Homo sapiens (human)|chrX:48,786,574-48,791,192+",,Homo sapiens (human),"chrX:48,786,574-48,791,192+",174
267,"hsa_ires_00342.1|Homo sapiens (human)|chr3:42,794,202-42,804,535-","hsa_ires_00342.1|Homo sapiens (human)|chr3:42,794,202-42,804,535-",,Homo sapiens (human),"chr3:42,794,202-42,804,535-",174
268,"hsa_ires_00374.1|Homo sapiens (human)|chrX:35,798,447-35,802,196+","hsa_ires_00374.1|Homo sapiens (human)|chrX:35,798,447-35,802,196+",,Homo sapiens (human),"chrX:35,798,447-35,802,196+",174
269,"hsa_ires_00406.1|Homo sapiens (human)|chr1:212,565,334-212,615,041+","hsa_ires_00406.1|Homo sapiens (human)|chr1:212,565,334-212,615,041+",,Homo sapiens (human),"chr1:212,565,334-212,615,041+",174
270,"hsa_ires_00438.1|Homo sapiens (human)|chr8:109,322,419-109,329,933-","hsa_ires_00438.1|Homo sapiens (human)|chr8:109,322,419-109,329,933-",,Homo sapiens (human),"chr8:109,322,419-109,329,933-",174
271,"hsa_ires_00470.1|Homo sapiens (human)|chr9:128,456,219-128,460,558+","hsa_ires_00470.1|Homo sapiens (human)|chr9:128,456,219-128,460,558+",,Homo sapiens (human),"chr9:128,456,219-128,460,558+",174
272,"hsa_ires_00502.1|Homo sapiens (human)|chr19:49,496,365-49,497,260+","hsa_ires_00502.1|Homo sapiens (human)|chr19:49,496,365-49,497,260+",,Homo sapiens (human),"chr19:49,496,365-49,497,260+",174
273,"hsa_ires_00534.1|Homo sapiens (human)|chr17:78,892,330-78,892,503-","hsa_ires_00534.1|Homo sapiens (human)|chr17:78,892,330-78,892,503-",,Homo sapiens (human),"chr17:78,892,330-78,892,503-",174
274,"hsa_ires_00566.1|Homo sapiens (human)|chr6:13,584,127-13,591,743+","hsa_ires_00566.1|Homo sapiens (human)|chr6:13,584,127-13,591,743+",,Homo sapiens (human),"chr6:13,584,127-13,591,743+",174
275,"hsa_ires_00598.1|Homo sapiens (human)|chr8:127,736,244-127,736,610+","hsa_ires_00598.1|Homo sapiens (human)|chr8:127,736,244-127,736,610+",RF00216,Homo sapiens (human),"chr8:127,736,244-127,736,610+",367
275,"hsa_ires_00598.1|Homo sapiens (human)|chr8:127,736,244-127,736,610+",c-myc|Homo sapiens,RF00216,Homo sapiens (human),,393
275,"hsa_ires_00598.1|Homo sapiens (human)|chr8:127,736,244-127,736,610+","CM000670.2:127736244-127736545 Homo sapiens IRES_c-myc Homo sapiens chromosome 8, GRCh38 reference primary assembly.",,Homo sapiens (human),,302
276,hsa_ires_00630.1|Homo sapiens (human)|NA,hsa_ires_00630.1|Homo sapiens (human)|NA,,Homo sapiens (human),Homo sapiens human,96
277,"hsa_ires_00662.1|Homo sapiens (human)|chr9:95,508,362-95,508,549-","hsa_ires_00662.1|Homo sapiens (human)|chr9:95,508,362-95,508,549-",,Homo sapiens (human),"chr9:95,508,362-95,508,549-",188
278,"CM000997.3:40948223-40947846 Mus musculus IRES_Bag1 CM000997.3 Mus musculus chromosome 4, GRCm39 reference primary assembly C57BL/6J","CM000997.3:40948223-40947846 Mus musculus IRES_Bag1 CM000997.3 Mus musculus chromosome 4, GRCm39 reference primary assembly C57BL/6J",,Mus musculus (mouse),,378
279,mouse_hsa_ires_00653.1 | chr2:171160497-171160675(+) | RF00226 | IRES_n-myc | internal ribosome entry site (IRES),mouse_hsa_ires_00653.1 | chr2:171160497-171160675(+) | RF00226 | IRES_n-myc | internal ribosome entry site (IRES),RF00226,Mus musculus (mouse),chr2:171160497-171160675+,179
279,mouse_hsa_ires_00653.1 | chr2:171160497-171160675(+) | RF00226 | IRES_n-myc | internal ribosome entry site (IRES),mouse_hsa_ires_00303.1 | chr2:171160497-171160675(+) | RF00226 | IRES_n-myc | internal ribosome entry site (IRES),RF00226,Mus musculus (mouse),chr2:171160497-171160675+,179
279,mouse_hsa_ires_00653.1 | chr2:171160497-171160675(+) | RF00226 | IRES_n-myc | internal ribosome entry site (IRES),mouse_hsa_ires_00614.1 | chr2:171160497-171160675(+) | RF00226 | IRES_n-myc | internal ribosome entry site (IRES),RF00226,Mus musculus (mouse),chr2:171160497-171160675+,179
279,mouse_hsa_ires_00653.1 | chr2:171160497-171160675(+) | RF00226 | IRES_n-myc | internal ribosome entry site (IRES),mouse_hsa_ires_00605.1 | chr2:171160497-171160675(+) | RF00226 | IRES_n-myc | internal ribosome entry site (IRES),RF00226,Mus musculus (mouse),chr2:171160497-171160675+,179
280,mouse_hsa_ires_00666.1 | chr2:166101276-166101567(+) | RF00461 | IRES_VEGF_A | endothelial growth factor (VEGF) IRES A,mouse_hsa_ires_00666.1 | chr2:166101276-166101567(+) | RF00461 | IRES_VEGF_A | endothelial growth factor (VEGF) IRES A,RF00461,Mus musculus (mouse),chr2:166101276-166101567+,292
280,mouse_hsa_ires_00666.1 | chr2:166101276-166101567(+) | RF00461 | IRES_VEGF_A | endothelial growth factor (VEGF) IRES A,mouse_hsa_ires_00669.1 | chr2:166101276-166101567(+) | RF00461 | IRES_VEGF_A | endothelial growth factor (VEGF) IRES A,RF00461,Mus musculus (mouse),chr2:166101276-166101567+,292
280,mouse_hsa_ires_00666.1 | chr2:166101276-166101567(+) | RF00461 | IRES_VEGF_A | endothelial growth factor (VEGF) IRES A,mouse_hsa_ires_00667.1 | chr2:166101276-166101567(+) | RF00461 | IRES_VEGF_A | endothelial growth factor (VEGF) IRES A,RF00461,Mus musculus (mouse),chr2:166101276-166101567+,292
280,mouse_hsa_ires_00666.1 | chr2:166101276-166101567(+) | RF00461 | IRES_VEGF_A | endothelial growth factor (VEGF) IRES A,mouse_hsa_ires_00665.1 | chr2:166101276-166101567(+) | RF00461 | IRES_VEGF_A | endothelial growth factor (VEGF) IRES A,RF00461,Mus musculus (mouse),chr2:166101276-166101567+,292
280,mouse_hsa_ires_00666.1 | chr2:166101276-166101567(+) | RF00461 | IRES_VEGF_A | endothelial growth factor (VEGF) IRES A,mouse_hsa_ires_00668.1 | chr2:166101276-166101567(+) | RF00461 | IRES_VEGF_A | endothelial growth factor (VEGF) IRES A,RF00461,Mus musculus (mouse),chr2:166101276-166101567+,292
281,"KX883972.1:5630-5823 Hubei picorna-like virus 16 IRES_Cripavirus Hubei picorna-like virus 16 strain SCM51353 hypothetical protein 1 and hypothetical protein 2 genes, complete cds.","KX883972.1:5630-5823 Hubei picorna-like virus 16 IRES_Cripavirus Hubei picorna-like virus 16 strain SCM51353 hypothetical protein 1 and hypothetical protein 2 genes, complete cds.",RF00458,Virus,,194
282,FMDV_type_C|Foot-and-mouth disease virus,FMDV_type_C|Foot-and-mouth disease virus,RF00210,Foot-and-mouth disease virus,,461
283,vir_ires_00147.1,vir_ires_00147.1,,Virus,,174
284,vir_ires_00127.1,vir_ires_00127.1,,Virus,,174
285,vir_ires_00399.1,vir_ires_00399.1,,Virus,,174
286,vir_ires_00094.1,vir_ires_00094.1,,Virus,,174
287,vir_ires_00502.1,vir_ires_00502.1,RF00229,Virus,,642
288,vir_ires_00421.1,vir_ires_00421.1,,Virus,,174
289,vir_ires_00432.1,vir_ires_00432.1,,Virus,,174
289,vir_ires_00432.1,vir_ires_00027.1,,Virus,,174
290,vir_ires_00359.1,vir_ires_00359.1,,Virus,,174
291,vir_ires_00163.1,vir_ires_00163.1,,Virus,,174
292,vir_ires_00283.1,vir_ires_00283.1,,Virus,,174
293,vir_ires_00096.1,vir_ires_00096.1,,Virus,,174
294,vir_ires_00447.1,vir_ires_00447.1,,Virus,,174
295,vir_ires_00159.1,vir_ires_00159.1,,Virus,,174
296,vir_ires_00511.1,vir_ires_00511.1,RF00448,Virus,,144
297,vir_ires_00543.1,vir_ires_00543.1,RF02340,Virus,,96
298,AT1R_var1|Homo sapiens,AT1R_var1|Homo sapiens,,Homo sapiens (human),,356
298,AT1R_var1|Homo sapiens,AT1R_var4|Homo sapiens,,Homo sapiens (human),,414
299,NRF_-653_-17|Homo sapiens,NRF_-653_-17|Homo sapiens,,Homo sapiens (human),,637
299,NRF_-653_-17|Homo sapiens,"hsa_ires_00611.1|Homo sapiens (human)|chrX:119,592,498-119,593,150-",,Homo sapiens (human),"chrX:119,592,498-119,593,150-",653
300,"hsa_ires_00023.1|Homo sapiens (human)|chr14:22,999,024-23,000,999-","hsa_ires_00023.1|Homo sapiens (human)|chr14:22,999,024-23,000,999-",,Homo sapiens (human),"chr14:22,999,024-23,000,999-",174
301,"hsa_ires_00055.1|Homo sapiens (human)|chr18:58,149,362-58,149,535+","hsa_ires_00055.1|Homo sapiens (human)|chr18:58,149,362-58,149,535+",,Homo sapiens (human),"chr18:58,149,362-58,149,535+",174
302,"hsa_ires_00087.1|Homo sapiens (human)|chr17:7,675,216-7,675,389-","hsa_ires_00087.1|Homo sapiens (human)|chr17:7,675,216-7,675,389-",,Homo sapiens (human),"chr17:7,675,216-7,675,389-",174
303,"hsa_ires_00119.1|Homo sapiens (human)|chr20:33,168,154-33,169,248+","hsa_ires_00119.1|Homo sapiens (human)|chr20:33,168,154-33,169,248+",,Homo sapiens (human),"chr20:33,168,154-33,169,248+",174
304,"hsa_ires_00151.1|Homo sapiens (human)|chr1:153,544,690-153,545,806-","hsa_ires_00151.1|Homo sapiens (human)|chr1:153,544,690-153,545,806-",,Homo sapiens (human),"chr1:153,544,690-153,545,806-",174
305,"hsa_ires_00183.1|Homo sapiens (human)|chr11:72,080,768-72,088,352+","hsa_ires_00183.1|Homo sapiens (human)|chr11:72,080,768-72,088,352+",,Homo sapiens (human),"chr11:72,080,768-72,088,352+",174
306,"hsa_ires_00215.1|Homo sapiens (human)|chr3:98,770,944-98,772,903+","hsa_ires_00215.1|Homo sapiens (human)|chr3:98,770,944-98,772,903+",,Homo sapiens (human),"chr3:98,770,944-98,772,903+",174
307,"hsa_ires_00247.1|Homo sapiens (human)|chr10:16,782,035-16,817,438-","hsa_ires_00247.1|Homo sapiens (human)|chr10:16,782,035-16,817,438-",,Homo sapiens (human),"chr10:16,782,035-16,817,438-",174
308,"hsa_ires_00279.1|Homo sapiens (human)|chr4:127,782,377-127,782,550+","hsa_ires_00279.1|Homo sapiens (human)|chr4:127,782,377-127,782,550+",,Homo sapiens (human),"chr4:127,782,377-127,782,550+",174
309,"hsa_ires_00311.1|Homo sapiens (human)|chr8:93,755,025-93,758,547+","hsa_ires_00311.1|Homo sapiens (human)|chr8:93,755,025-93,758,547+",,Homo sapiens (human),"chr8:93,755,025-93,758,547+",174
310,"hsa_ires_00343.1|Homo sapiens (human)|chr7:131,110,127-131,142,912+","hsa_ires_00343.1|Homo sapiens (human)|chr7:131,110,127-131,142,912+",,Homo sapiens (human),"chr7:131,110,127-131,142,912+",174
311,"hsa_ires_00375.1|Homo sapiens (human)|chr12:109,098,153-109,098,326+","hsa_ires_00375.1|Homo sapiens (human)|chr12:109,098,153-109,098,326+",,Homo sapiens (human),"chr12:109,098,153-109,098,326+",174
312,"hsa_ires_00407.1|Homo sapiens (human)|chr17:42,458,844-42,460,901+","hsa_ires_00407.1|Homo sapiens (human)|chr17:42,458,844-42,460,901+",,Homo sapiens (human),"chr17:42,458,844-42,460,901+",174
313,"hsa_ires_00439.1|Homo sapiens (human)|chr3:53,347,454-53,347,627-","hsa_ires_00439.1|Homo sapiens (human)|chr3:53,347,454-53,347,627-",,Homo sapiens (human),"chr3:53,347,454-53,347,627-",174
314,"hsa_ires_00471.1|Homo sapiens (human)|chr5:136,152,754-136,153,760+","hsa_ires_00471.1|Homo sapiens (human)|chr5:136,152,754-136,153,760+",,Homo sapiens (human),"chr5:136,152,754-136,153,760+",174
315,"hsa_ires_00503.1|Homo sapiens (human)|chrX:103,677,028-103,686,641-","hsa_ires_00503.1|Homo sapiens (human)|chrX:103,677,028-103,686,641-",,Homo sapiens (human),"chrX:103,677,028-103,686,641-",174
316,"hsa_ires_00535.1|Homo sapiens (human)|chr17:10,036,437-10,036,610-","hsa_ires_00535.1|Homo sapiens (human)|chr17:10,036,437-10,036,610-",,Homo sapiens (human),"chr17:10,036,437-10,036,610-",174
317,"hsa_ires_00567.1|Homo sapiens (human)|chr1:113,758,704-113,758,877-","hsa_ires_00567.1|Homo sapiens (human)|chr1:113,758,704-113,758,877-",,Homo sapiens (human),"chr1:113,758,704-113,758,877-",174
318,"hsa_ires_00599.1|Homo sapiens (human)|chr12:48,716,676-48,716,990-","hsa_ires_00599.1|Homo sapiens (human)|chr12:48,716,676-48,716,990-",,Homo sapiens (human),"chr12:48,716,676-48,716,990-",315
319,hsa_ires_00631.1|Homo sapiens (human)|NA,hsa_ires_00631.1|Homo sapiens (human)|NA,,Homo sapiens (human),Homo sapiens human,54
320,"hsa_ires_00663.1|Homo sapiens (human)|chr15:73,994,713-73,994,812+","hsa_ires_00663.1|Homo sapiens (human)|chr15:73,994,713-73,994,812+",,Homo sapiens (human),"chr15:73,994,713-73,994,812+",100
321,mmu_ires_00002.1|Mus musculus (house mouse),mmu_ires_00002.1|Mus musculus (house mouse),,Mus musculus (mouse),,200
322,mouse_hsa_ires_00561.1 | chr3:65942197-65942297(+) | RF00447 | IRES_Kv1_4 | potassium-channel Kv1.4 IRES,mouse_hsa_ires_00561.1 | chr3:65942197-65942297(+) | RF00447 | IRES_Kv1_4 | potassium-channel Kv1.4 IRES,RF00447,Mus musculus (mouse),chr3:65942197-65942297+,101
323,mouse_hsa_ires_00125.1 | chr8:107058266-107058371(-) | RF00223 | IRES_Bip | internal ribosome entry site (IRES),mouse_hsa_ires_00125.1 | chr8:107058266-107058371(-) | RF00223 | IRES_Bip | internal ribosome entry site (IRES),RF00223,Mus musculus (mouse),chr8:107058266-107058371-,106
324,"KX883381.1:6466-6659 Beihai picorna-like virus 75 IRES_Cripavirus Beihai picorna-like virus 75 strain BHJP52955 hypothetical protein 1 and hypothetical protein 2 genes, complete cds.","KX883381.1:6466-6659 Beihai picorna-like virus 75 IRES_Cripavirus Beihai picorna-like virus 75 strain BHJP52955 hypothetical protein 1 and hypothetical protein 2 genes, complete cds.",RF00458,Virus,,194
325,vir_ires_00297.1,vir_ires_00297.1,,Virus,,174
326,vir_ires_00291.1,vir_ires_00291.1,,Virus,,174
327,vir_ires_00346.1,vir_ires_00346.1,,Virus,,174
328,vir_ires_00114.1,vir_ires_00114.1,,Virus,,174
329,vir_ires_00179.1,vir_ires_00179.1,,Virus,,174
330,vir_ires_00221.1,vir_ires_00221.1,,Virus,,174
331,vir_ires_00077.1,vir_ires_00077.1,,Virus,,174
332,vir_ires_00223.1,vir_ires_00223.1,,Virus,,174
333,vir_ires_00360.1,vir_ires_00360.1,,Virus,,174
333,vir_ires_00360.1,vir_ires_00469.1,,Virus,,174
334,vir_ires_00233.1,vir_ires_00233.1,,Virus,,174
335,vir_ires_00227.1,vir_ires_00227.1,,Virus,,174
336,vir_ires_00316.1,vir_ires_00316.1,,Virus,,174
337,vir_ires_00349.1,vir_ires_00349.1,,Virus,,174
338,vir_ires_00117.1,vir_ires_00117.1,,Virus,,174
339,vir_ires_00512.1,vir_ires_00512.1,RF00511,Virus,,232
340,vir_ires_00544.1,vir_ires_00544.1,RF02340,Virus,,107
341,AT1R_var2|Homo sapiens,AT1R_var2|Homo sapiens,,Homo sapiens (human),,272
342,p27kip1|Homo sapiens,p27kip1|Homo sapiens,,Homo sapiens (human),,152
343,"hsa_ires_00024.1|Homo sapiens (human)|chr6:96,563,194-96,603,613+","hsa_ires_00024.1|Homo sapiens (human)|chr6:96,563,194-96,603,613+",,Homo sapiens (human),"chr6:96,563,194-96,603,613+",174
344,"hsa_ires_00056.1|Homo sapiens (human)|chr1:162,381,730-162,381,903+","hsa_ires_00056.1|Homo sapiens (human)|chr1:162,381,730-162,381,903+",,Homo sapiens (human),"chr1:162,381,730-162,381,903+",174
345,"hsa_ires_00088.1|Homo sapiens (human)|chr19:18,269,479-18,274,467-","hsa_ires_00088.1|Homo sapiens (human)|chr19:18,269,479-18,274,467-",,Homo sapiens (human),"chr19:18,269,479-18,274,467-",174
346,"hsa_ires_00120.1|Homo sapiens (human)|chr12:89,497,317-89,525,267-","hsa_ires_00120.1|Homo sapiens (human)|chr12:89,497,317-89,525,267-",,Homo sapiens (human),"chr12:89,497,317-89,525,267-",174
347,"hsa_ires_00152.1|Homo sapiens (human)|chr14:39,175,183-39,175,356+","hsa_ires_00152.1|Homo sapiens (human)|chr14:39,175,183-39,175,356+",,Homo sapiens (human),"chr14:39,175,183-39,175,356+",174
348,"hsa_ires_00184.1|Homo sapiens (human)|chr6:26,056,298-26,056,471-","hsa_ires_00184.1|Homo sapiens (human)|chr6:26,056,298-26,056,471-",,Homo sapiens (human),"chr6:26,056,298-26,056,471-",174
349,"hsa_ires_00216.1|Homo sapiens (human)|chr1:153,307,202-153,310,718-","hsa_ires_00216.1|Homo sapiens (human)|chr1:153,307,202-153,310,718-",,Homo sapiens (human),"chr1:153,307,202-153,310,718-",174
350,"hsa_ires_00248.1|Homo sapiens (human)|chr19:15,125,007-15,125,766-","hsa_ires_00248.1|Homo sapiens (human)|chr19:15,125,007-15,125,766-",,Homo sapiens (human),"chr19:15,125,007-15,125,766-",174
351,"hsa_ires_00280.1|Homo sapiens (human)|chr7:148,847,299-148,883,363-","hsa_ires_00280.1|Homo sapiens (human)|chr7:148,847,299-148,883,363-",,Homo sapiens (human),"chr7:148,847,299-148,883,363-",174
352,"hsa_ires_00312.1|Homo sapiens (human)|chr9:26,947,312-26,961,970+","hsa_ires_00312.1|Homo sapiens (human)|chr9:26,947,312-26,961,970+",,Homo sapiens (human),"chr9:26,947,312-26,961,970+",174
353,"hsa_ires_00344.1|Homo sapiens (human)|chr2:10,369,154-10,419,757+","hsa_ires_00344.1|Homo sapiens (human)|chr2:10,369,154-10,419,757+",,Homo sapiens (human),"chr2:10,369,154-10,419,757+",174
354,"hsa_ires_00376.1|Homo sapiens (human)|chr10:114,163,269-114,174,127-","hsa_ires_00376.1|Homo sapiens (human)|chr10:114,163,269-114,174,127-",,Homo sapiens (human),"chr10:114,163,269-114,174,127-",174
355,"hsa_ires_00408.1|Homo sapiens (human)|chr19:8,364,148-8,364,321+","hsa_ires_00408.1|Homo sapiens (human)|chr19:8,364,148-8,364,321+",,Homo sapiens (human),"chr19:8,364,148-8,364,321+",174
356,"hsa_ires_00440.1|Homo sapiens (human)|chr7:27,102,501-27,102,674-","hsa_ires_00440.1|Homo sapiens (human)|chr7:27,102,501-27,102,674-",,Homo sapiens (human),"chr7:27,102,501-27,102,674-",174
357,"hsa_ires_00472.1|Homo sapiens (human)|chrX:48,898,336-48,898,509+","hsa_ires_00472.1|Homo sapiens (human)|chrX:48,898,336-48,898,509+",,Homo sapiens (human),"chrX:48,898,336-48,898,509+",174
358,"hsa_ires_00504.1|Homo sapiens (human)|chr3:150,943,845-150,944,018-","hsa_ires_00504.1|Homo sapiens (human)|chr3:150,943,845-150,944,018-",,Homo sapiens (human),"chr3:150,943,845-150,944,018-",174
359,"hsa_ires_00536.1|Homo sapiens (human)|chrX:65,667,668-65,667,841+","hsa_ires_00536.1|Homo sapiens (human)|chrX:65,667,668-65,667,841+",,Homo sapiens (human),"chrX:65,667,668-65,667,841+",174
360,"hsa_ires_00568.1|Homo sapiens (human)|chr3:100,114,930-100,160,445+","hsa_ires_00568.1|Homo sapiens (human)|chr3:100,114,930-100,160,445+",,Homo sapiens (human),"chr3:100,114,930-100,160,445+",174
361,"hsa_ires_00600.1|Homo sapiens (human)|chr3:184,320,569-184,320,669+","hsa_ires_00600.1|Homo sapiens (human)|chr3:184,320,569-184,320,669+",,Homo sapiens (human),"chr3:184,320,569-184,320,669+",101
362,hsa_ires_00632.1|Homo sapiens (human)|NA,hsa_ires_00632.1|Homo sapiens (human)|NA,,Homo sapiens (human),Homo sapiens human,72
363,"hsa_ires_00664.1|Homo sapiens (human)|chr4:89,835,668-89,837,199-","hsa_ires_00664.1|Homo sapiens (human)|chr4:89,835,668-89,837,199-",,Homo sapiens (human),"chr4:89,835,668-89,837,199-",263
364,"CM001013.3:159687117-159686931 Mus musculus IRES_Cx43 CM001013.3 Mus musculus chromosome X, GRCm39 reference primary assembly C57BL/6J","CM001013.3:159687117-159686931 Mus musculus IRES_Cx43 CM001013.3 Mus musculus chromosome X, GRCm39 reference primary assembly C57BL/6J",RF00487,Mus musculus (mouse),,187
365,mmu_ires_00003.1|Mus musculus (house mouse),mmu_ires_00003.1|Mus musculus (house mouse),,Mus musculus (mouse),,418
365,mmu_ires_00003.1|Mus musculus (house mouse),NDST1|Mus musculus,,Mus musculus (mouse),,420
366,mouse_hsa_ires_00672.1 | chr17:44116009-44116158(+) | RF00261 | IRES_L-myc | internal ribosome entry site (IRES),mouse_hsa_ires_00672.1 | chr17:44116009-44116158(+) | RF00261 | IRES_L-myc | internal ribosome entry site (IRES),RF00261,Mus musculus (mouse),chr17:44116009-44116158+,150
367,mouse_hsa_ires_00625.1 | chr9:73334709-73334888(-) | RF00216 | IRES_c-myc | internal ribosome entry site (IRES),mouse_hsa_ires_00625.1 | chr9:73334709-73334888(-) | RF00216 | IRES_c-myc | internal ribosome entry site (IRES),RF00216,Mus musculus (mouse),chr9:73334709-73334888-,180
368,mouse_CM000685.2:71223206-71223356 | chrX:100427320-100427468(+) | RF00484 | IRES_Cx32 | internal ribosome entry site (IRES),mouse_CM000685.2:71223206-71223356 | chrX:100427320-100427468(+) | RF00484 | IRES_Cx32 | internal ribosome entry site (IRES),RF00484,Mus musculus (mouse),chrX:100427320-100427468+,149
368,mouse_CM000685.2:71223206-71223356 | chrX:100427320-100427468(+) | RF00484 | IRES_Cx32 | internal ribosome entry site (IRES),"CM001013.3:100427320-100427468 Mus musculus IRES_Cx32 CM001013.3 Mus musculus chromosome X, GRCm39 reference primary assembly C57BL/6J",RF00484,Mus musculus (mouse),,149
368,mouse_CM000685.2:71223206-71223356 | chrX:100427320-100427468(+) | RF00484 | IRES_Cx32 | internal ribosome entry site (IRES),mmu_ires_00013.1|Mus musculus (house mouse),RF00484,Mus musculus (mouse),,127
368,mouse_CM000685.2:71223206-71223356 | chrX:100427320-100427468(+) | RF00484 | IRES_Cx32 | internal ribosome entry site (IRES),"CM000685.2:71223206-71223356 Homo sapiens IRES_Cx32 Homo sapiens chromosome X, GRCh38 reference primary assembly.",RF00484,Homo sapiens (human),,151
369,mouse_hsa_ires_00344.1 | chr12:16818954-16819123(-) | RF00461 | IRES_VEGF_A | endothelial growth factor (VEGF) IRES A,mouse_hsa_ires_00344.1 | chr12:16818954-16819123(-) | RF00461 | IRES_VEGF_A | endothelial growth factor (VEGF) IRES A,RF00461,Mus musculus (mouse),chr12:16818954-16819123-,170
370,"KX884478.1:5388-5567 Beihai picorna-like virus 80 IRES_Cripavirus Beihai picorna-like virus 80 strain BHZC36213 hypothetical protein 2 genes, complete cds.","KX884478.1:5388-5567 Beihai picorna-like virus 80 IRES_Cripavirus Beihai picorna-like virus 80 strain BHZC36213 hypothetical protein 2 genes, complete cds.",RF00458,Virus,,180
371,GBV-B|Hepatitis GB virus B,GBV-B|Hepatitis GB virus B,,Hepatitis GB virus B,,416
371,GBV-B|Hepatitis GB virus B,vir_ires_00478.1,,Virus,,445
372,vir_ires_00287.1,vir_ires_00287.1,,Virus,,174
373,vir_ires_00362.1,vir_ires_00362.1,,Virus,,174
373,vir_ires_00362.1,vir_ires_00340.1,,Virus,,174
374,vir_ires_00001.1,vir_ires_00001.1,,Virus,,174
375,vir_ires_00318.1,vir_ires_00318.1,,Virus,,174
376,vir_ires_00241.1,vir_ires_00241.1,,Virus,,174
377,vir_ires_00356.1,vir_ires_00356.1,,Virus,,174
378,vir_ires_00395.1,vir_ires_00395.1,,Virus,,174
379,vir_ires_00228.1,vir_ires_00228.1,,Virus,,174
380,vir_ires_00060.1,vir_ires_00060.1,,Virus,,174
381,vir_ires_00088.1,vir_ires_00088.1,,Virus,,174
382,vir_ires_00183.1,vir_ires_00183.1,,Virus,,174
383,vir_ires_00405.1,vir_ires_00405.1,,Virus,,174
384,vir_ires_00156.1,vir_ires_00156.1,,Virus,,174
385,vir_ires_00021.1,vir_ires_00021.1,,Virus,,174
386,vir_ires_00545.1,vir_ires_00545.1,,Virus,,297
387,"GL000250.2:3160362-3160579 Homo sapiens IRES_Hsp70 Homo sapiens chromosome 6 genomic contig, GRCh38 reference assembly alternate locus group ALT_REF_LOCI_1.","GL000250.2:3160362-3160579 Homo sapiens IRES_Hsp70 Homo sapiens chromosome 6 genomic contig, GRCh38 reference assembly alternate locus group ALT_REF_LOCI_1.",,Homo sapiens (human),,218
387,"GL000250.2:3160362-3160579 Homo sapiens IRES_Hsp70 Homo sapiens chromosome 6 genomic contig, GRCh38 reference assembly alternate locus group ALT_REF_LOCI_1.","CM000668.2:31827737-31827954 Homo sapiens IRES_Hsp70 Homo sapiens chromosome 6, GRCh38 reference primary assembly.",,Homo sapiens (human),,218
387,"GL000250.2:3160362-3160579 Homo sapiens IRES_Hsp70 Homo sapiens chromosome 6 genomic contig, GRCh38 reference assembly alternate locus group ALT_REF_LOCI_1.","GL000251.2:3304990-3305207 Homo sapiens IRES_Hsp70 Homo sapiens chromosome 6 genomic contig, GRCh38 reference assembly alternate locus group ALT_REF_LOCI_2.",,Homo sapiens (human),,218
387,"GL000250.2:3160362-3160579 Homo sapiens IRES_Hsp70 Homo sapiens chromosome 6 genomic contig, GRCh38 reference assembly alternate locus group ALT_REF_LOCI_1.","GL000252.2:3075516-3075733 Homo sapiens IRES_Hsp70 Homo sapiens chromosome 6 genomic contig, GRCh38 reference assembly alternate locus group ALT_REF_LOCI_3.",,Homo sapiens (human),,218
387,"GL000250.2:3160362-3160579 Homo sapiens IRES_Hsp70 Homo sapiens chromosome 6 genomic contig, GRCh38 reference assembly alternate locus group ALT_REF_LOCI_1.","GL000255.2:3083569-3083786 Homo sapiens IRES_Hsp70 Homo sapiens chromosome 6 genomic contig, GRCh38 reference assembly alternate locus group ALT_REF_LOCI_6.",,Homo sapiens (human),,218
388,AT1R_var3|Homo sapiens,AT1R_var3|Homo sapiens,,Homo sapiens (human),,330
389,"hsa_ires_00025.1|Homo sapiens (human)|chr7:22,727,147-22,727,482+","hsa_ires_00025.1|Homo sapiens (human)|chr7:22,727,147-22,727,482+",,Homo sapiens (human),"chr7:22,727,147-22,727,482+",174
390,"hsa_ires_00057.1|Homo sapiens (human)|chr1:22,052,627-22,078,486+","hsa_ires_00057.1|Homo sapiens (human)|chr1:22,052,627-22,078,486+",,Homo sapiens (human),"chr1:22,052,627-22,078,486+",174
391,"hsa_ires_00089.1|Homo sapiens (human)|chr1:77,978,920-77,979,093-","hsa_ires_00089.1|Homo sapiens (human)|chr1:77,978,920-77,979,093-",,Homo sapiens (human),"chr1:77,978,920-77,979,093-",174
392,"hsa_ires_00121.1|Homo sapiens (human)|chr7:94,004,205-94,004,378-","hsa_ires_00121.1|Homo sapiens (human)|chr7:94,004,205-94,004,378-",,Homo sapiens (human),"chr7:94,004,205-94,004,378-",174
393,"hsa_ires_00153.1|Homo sapiens (human)|chr5:178,153,787-178,153,960-","hsa_ires_00153.1|Homo sapiens (human)|chr5:178,153,787-178,153,960-",,Homo sapiens (human),"chr5:178,153,787-178,153,960-",174
394,"hsa_ires_00185.1|Homo sapiens (human)|chrX:111,681,345-111,682,225+","hsa_ires_00185.1|Homo sapiens (human)|chrX:111,681,345-111,682,225+",,Homo sapiens (human),"chrX:111,681,345-111,682,225+",174
395,"hsa_ires_00217.1|Homo sapiens (human)|chrX:152,991,599-152,991,952-","hsa_ires_00217.1|Homo sapiens (human)|chrX:152,991,599-152,991,952-",,Homo sapiens (human),"chrX:152,991,599-152,991,952-",174
396,"hsa_ires_00249.1|Homo sapiens (human)|chr11:61,333,265-61,334,728+","hsa_ires_00249.1|Homo sapiens (human)|chr11:61,333,265-61,334,728+",,Homo sapiens (human),"chr11:61,333,265-61,334,728+",174
397,"hsa_ires_00281.1|Homo sapiens (human)|chr14:24,314,862-24,315,651+","hsa_ires_00281.1|Homo sapiens (human)|chr14:24,314,862-24,315,651+",,Homo sapiens (human),"chr14:24,314,862-24,315,651+",174
398,"hsa_ires_00313.1|Homo sapiens (human)|chr1:155,689,101-155,709,779+","hsa_ires_00313.1|Homo sapiens (human)|chr1:155,689,101-155,709,779+",,Homo sapiens (human),"chr1:155,689,101-155,709,779+",174
399,"hsa_ires_00345.1|Homo sapiens (human)|chr11:40,116,293-40,241,597-","hsa_ires_00345.1|Homo sapiens (human)|chr11:40,116,293-40,241,597-",,Homo sapiens (human),"chr11:40,116,293-40,241,597-",174
400,"hsa_ires_00377.1|Homo sapiens (human)|chr6:89,637,793-89,638,755-","hsa_ires_00377.1|Homo sapiens (human)|chr6:89,637,793-89,638,755-",,Homo sapiens (human),"chr6:89,637,793-89,638,755-",174
401,"hsa_ires_00409.1|Homo sapiens (human)|chr1:153,668,552-153,670,963-","hsa_ires_00409.1|Homo sapiens (human)|chr1:153,668,552-153,670,963-",,Homo sapiens (human),"chr1:153,668,552-153,670,963-",174
402,"hsa_ires_00441.1|Homo sapiens (human)|chr2:171,687,463-171,690,155+","hsa_ires_00441.1|Homo sapiens (human)|chr2:171,687,463-171,690,155+",,Homo sapiens (human),"chr2:171,687,463-171,690,155+",174
403,"hsa_ires_00473.1|Homo sapiens (human)|chr3:3,175,190-3,179,717-","hsa_ires_00473.1|Homo sapiens (human)|chr3:3,175,190-3,179,717-",,Homo sapiens (human),"chr3:3,175,190-3,179,717-",174
404,"hsa_ires_00505.1|Homo sapiens (human)|chrX:149,688,253-149,688,975+","hsa_ires_00505.1|Homo sapiens (human)|chrX:149,688,253-149,688,975+",,Homo sapiens (human),"chrX:149,688,253-149,688,975+",174
405,"hsa_ires_00537.1|Homo sapiens (human)|chr10:80,420,294-80,420,467+","hsa_ires_00537.1|Homo sapiens (human)|chr10:80,420,294-80,420,467+",,Homo sapiens (human),"chr10:80,420,294-80,420,467+",174
406,"hsa_ires_00569.1|Homo sapiens (human)|chr17:32,444,463-32,446,966+","hsa_ires_00569.1|Homo sapiens (human)|chr17:32,444,463-32,446,966+",,Homo sapiens (human),"chr17:32,444,463-32,446,966+",174
407,"hsa_ires_00601.1|Homo sapiens (human)|chr5:142,697,635-142,697,753-","hsa_ires_00601.1|Homo sapiens (human)|chr5:142,697,635-142,697,753-",RF00387,Homo sapiens (human),"chr5:142,697,635-142,697,753-",119
408,hsa_ires_00633.1|Homo sapiens (human)|NA,hsa_ires_00633.1|Homo sapiens (human)|NA,,Homo sapiens (human),Homo sapiens human,90
409,"hsa_ires_00665.1|Homo sapiens (human)|chr20:49,154,034-49,188,370-","hsa_ires_00665.1|Homo sapiens (human)|chr20:49,154,034-49,188,370-",,Homo sapiens (human),"chr20:49,154,034-49,188,370-",368
409,"hsa_ires_00665.1|Homo sapiens (human)|chr20:49,154,034-49,188,370-","hsa_ires_00668.1|Homo sapiens (human)|chr20:49,166,165-49,188,370-",,Homo sapiens (human),"chr20:49,166,165-49,188,370-",451
410,"CM001010.3:46342573-46342268 Mus musculus IRES_VEGF_A CM001010.3 Mus musculus chromosome 17, GRCm39 reference primary assembly C57BL/6J","CM001010.3:46342573-46342268 Mus musculus IRES_VEGF_A CM001010.3 Mus musculus chromosome 17, GRCm39 reference primary assembly C57BL/6J",,Mus musculus (mouse),,306
411,mouse_hsa_ires_00513.1 | chr15:82872153-82872259(+) | RF00223 | IRES_Bip | internal ribosome entry site (IRES),mouse_hsa_ires_00513.1 | chr15:82872153-82872259(+) | RF00223 | IRES_Bip | internal ribosome entry site (IRES),RF00223,Mus musculus (mouse),chr15:82872153-82872259+,107
412,mouse_hsa_ires_00471.1 | chr13:56456621-56456816(+) | RF00226 | IRES_n-myc | internal ribosome entry site (IRES),mouse_hsa_ires_00471.1 | chr13:56456621-56456816(+) | RF00226 | IRES_n-myc | internal ribosome entry site (IRES),RF00226,Mus musculus (mouse),chr13:56456621-56456816+,196
413,mouse_hsa_ires_00173.1 | chr11:86784617-86784848(+) | RF00461 | IRES_VEGF_A | endothelial growth factor (VEGF) IRES A,mouse_hsa_ires_00173.1 | chr11:86784617-86784848(+) | RF00461 | IRES_VEGF_A | endothelial growth factor (VEGF) IRES A,RF00461,Mus musculus (mouse),chr11:86784617-86784848+,232
414,"KX883372.1:6126-6317 Beihai picorna-like virus 91 IRES_Cripavirus Beihai picorna-like virus 91 strain BHJJX25930 hypothetical protein 1 and hypothetical protein 2 genes, complete cds.","KX883372.1:6126-6317 Beihai picorna-like virus 91 IRES_Cripavirus Beihai picorna-like virus 91 strain BHJJX25930 hypothetical protein 1 and hypothetical protein 2 genes, complete cds.",RF00458,Virus,,192
415,GBV-C|Hepatitis GB virus C,GBV-C|Hepatitis GB virus C,,Hepatitis GB virus C,,630
416,vir_ires_00343.1,vir_ires_00343.1,RF00458,Virus,,174
416,vir_ires_00343.1,HoCV1_IGRpred|Homalodisca coagulata virus-1,RF00458,Homalodisca coagulata virus-1,,188
417,vir_ires_00193.1,vir_ires_00193.1,,Virus,,174
418,vir_ires_00275.1,vir_ires_00275.1,,Virus,,174
419,vir_ires_00240.1,vir_ires_00240.1,,Virus,,174
420,vir_ires_00153.1,vir_ires_00153.1,,Virus,,174
421,vir_ires_00070.1,vir_ires_00070.1,,Virus,,174
422,vir_ires_00157.1,vir_ires_00157.1,,Virus,,174
423,vir_ires_00258.1,vir_ires_00258.1,,Virus,,174
424,vir_ires_00121.1,vir_ires_00121.1,,Virus,,174
425,vir_ires_00253.1,vir_ires_00253.1,,Virus,,174
426,vir_ires_00151.1,vir_ires_00151.1,,Virus,,174
427,vir_ires_00032.1,vir_ires_00032.1,,Virus,,174
428,vir_ires_00415.1,vir_ires_00415.1,,Virus,,174
429,vir_ires_00103.1,vir_ires_00103.1,,Virus,,174
430,vir_ires_00437.1,vir_ires_00437.1,,Virus,,174
431,vir_ires_00514.1,vir_ires_00514.1,RF00458,Virus,,177
431,vir_ires_00514.1,HiPV_IGRpred|Himetobi P virus,RF00458,Himetobi P virus,,188
432,vir_ires_00546.1,vir_ires_00546.1,,Virus,,311
433,PDGF2/c-sis|Homo sapiens,PDGF2/c-sis|Homo sapiens,,Homo sapiens (human),,1022
434,"hsa_ires_00026.1|Homo sapiens (human)|chr2:158,101,890-158,102,063+","hsa_ires_00026.1|Homo sapiens (human)|chr2:158,101,890-158,102,063+",,Homo sapiens (human),"chr2:158,101,890-158,102,063+",174
435,"hsa_ires_00058.1|Homo sapiens (human)|chr7:99,325,873-99,333,366+","hsa_ires_00058.1|Homo sapiens (human)|chr7:99,325,873-99,333,366+",,Homo sapiens (human),"chr7:99,325,873-99,333,366+",174
436,"hsa_ires_00090.1|Homo sapiens (human)|chr11:118,893,506-118,893,679+","hsa_ires_00090.1|Homo sapiens (human)|chr11:118,893,506-118,893,679+",,Homo sapiens (human),"chr11:118,893,506-118,893,679+",174
437,"hsa_ires_00122.1|Homo sapiens (human)|chr3:46,863,310-46,863,483-","hsa_ires_00122.1|Homo sapiens (human)|chr3:46,863,310-46,863,483-",,Homo sapiens (human),"chr3:46,863,310-46,863,483-",174
438,"hsa_ires_00154.1|Homo sapiens (human)|chr2:113,127,561-113,127,734+","hsa_ires_00154.1|Homo sapiens (human)|chr2:113,127,561-113,127,734+",,Homo sapiens (human),"chr2:113,127,561-113,127,734+",174
439,"hsa_ires_00186.1|Homo sapiens (human)|chr2:218,660,094-218,660,987+","hsa_ires_00186.1|Homo sapiens (human)|chr2:218,660,094-218,660,987+",,Homo sapiens (human),"chr2:218,660,094-218,660,987+",174
440,"hsa_ires_00218.1|Homo sapiens (human)|chr3:94,003,664-94,003,837+","hsa_ires_00218.1|Homo sapiens (human)|chr3:94,003,664-94,003,837+",,Homo sapiens (human),"chr3:94,003,664-94,003,837+",174
441,"hsa_ires_00250.1|Homo sapiens (human)|chr11:67,353,400-67,353,573-","hsa_ires_00250.1|Homo sapiens (human)|chr11:67,353,400-67,353,573-",,Homo sapiens (human),"chr11:67,353,400-67,353,573-",174
442,"hsa_ires_00282.1|Homo sapiens (human)|chr6:149,890,902-149,895,886-","hsa_ires_00282.1|Homo sapiens (human)|chr6:149,890,902-149,895,886-",,Homo sapiens (human),"chr6:149,890,902-149,895,886-",174
443,"hsa_ires_00314.1|Homo sapiens (human)|chr4:139,295,799-139,302,427-","hsa_ires_00314.1|Homo sapiens (human)|chr4:139,295,799-139,302,427-",,Homo sapiens (human),"chr4:139,295,799-139,302,427-",174
444,"hsa_ires_00346.1|Homo sapiens (human)|chr20:9,069,111-9,307,814+","hsa_ires_00346.1|Homo sapiens (human)|chr20:9,069,111-9,307,814+",,Homo sapiens (human),"chr20:9,069,111-9,307,814+",174
445,"hsa_ires_00378.1|Homo sapiens (human)|chr9:8,636,838-8,733,946-","hsa_ires_00378.1|Homo sapiens (human)|chr9:8,636,838-8,733,946-",,Homo sapiens (human),"chr9:8,636,838-8,733,946-",174
446,"hsa_ires_00410.1|Homo sapiens (human)|chr3:187,702,129-187,702,302-","hsa_ires_00410.1|Homo sapiens (human)|chr3:187,702,129-187,702,302-",,Homo sapiens (human),"chr3:187,702,129-187,702,302-",174
447,"hsa_ires_00442.1|Homo sapiens (human)|chr16:21,161,009-21,161,182+","hsa_ires_00442.1|Homo sapiens (human)|chr16:21,161,009-21,161,182+",,Homo sapiens (human),"chr16:21,161,009-21,161,182+",174
448,"hsa_ires_00474.1|Homo sapiens (human)|chr12:56,116,614-56,116,787+","hsa_ires_00474.1|Homo sapiens (human)|chr12:56,116,614-56,116,787+",,Homo sapiens (human),"chr12:56,116,614-56,116,787+",174
449,"hsa_ires_00506.1|Homo sapiens (human)|chr16:4,514,131-4,538,394-","hsa_ires_00506.1|Homo sapiens (human)|chr16:4,514,131-4,538,394-",,Homo sapiens (human),"chr16:4,514,131-4,538,394-",174
450,"hsa_ires_00538.1|Homo sapiens (human)|chr4:151,175,364-151,175,537-","hsa_ires_00538.1|Homo sapiens (human)|chr4:151,175,364-151,175,537-",,Homo sapiens (human),"chr4:151,175,364-151,175,537-",174
451,"hsa_ires_00570.1|Homo sapiens (human)|chr13:27,251,555-27,255,243+","hsa_ires_00570.1|Homo sapiens (human)|chr13:27,251,555-27,255,243+",,Homo sapiens (human),"chr13:27,251,555-27,255,243+",174
452,"hsa_ires_00602.1|Homo sapiens (human)|chrX:147,911,951-147,912,179+","hsa_ires_00602.1|Homo sapiens (human)|chrX:147,911,951-147,912,179+",,Homo sapiens (human),"chrX:147,911,951-147,912,179+",229
452,"hsa_ires_00602.1|Homo sapiens (human)|chrX:147,911,951-147,912,179+",FMR1|Homo sapiens,,Homo sapiens (human),,252
453,hsa_ires_00634.1|Homo sapiens (human)|NA,hsa_ires_00634.1|Homo sapiens (human)|NA,,Homo sapiens (human),Homo sapiens human,87
454,"hsa_ires_00666.1|Homo sapiens (human)|chr20:49,154,034-49,188,370-","hsa_ires_00666.1|Homo sapiens (human)|chr20:49,154,034-49,188,370-",,Homo sapiens (human),"chr20:49,154,034-49,188,370-",293
454,"hsa_ires_00666.1|Homo sapiens (human)|chr20:49,154,034-49,188,370-","hsa_ires_00667.1|Homo sapiens (human)|chr20:49,166,202-49,188,370-",,Homo sapiens (human),"chr20:49,166,202-49,188,370-",339
455,"CM001011.3:39062328-39062167 Mus musculus IRES_FGF1 CM001011.3 Mus musculus chromosome 18, GRCm39 reference primary assembly C57BL/6J","CM001011.3:39062328-39062167 Mus musculus IRES_FGF1 CM001011.3 Mus musculus chromosome 18, GRCm39 reference primary assembly C57BL/6J",RF00387,Mus musculus (mouse),,162
455,"CM001011.3:39062328-39062167 Mus musculus IRES_FGF1 CM001011.3 Mus musculus chromosome 18, GRCm39 reference primary assembly C57BL/6J",mouse_hsa_ires_00510.1 | chr18:37942355-37942516(-) | RF00387 | IRES_FGF1 | internal ribosome entry site (IRES),RF00387,chr18:37942355-37942516(-),chr18:37942355-37942516-,162
455,"CM001011.3:39062328-39062167 Mus musculus IRES_FGF1 CM001011.3 Mus musculus chromosome 18, GRCm39 reference primary assembly C57BL/6J",mouse_CM000667.2:142697800-142697634 | chr18:37942355-37942516(-) | RF00387 | IRES_FGF1 | internal ribosome entry site (IRES),RF00387,chr18:37942355-37942516(-),chr18:37942355-37942516-,162
455,"CM001011.3:39062328-39062167 Mus musculus IRES_FGF1 CM001011.3 Mus musculus chromosome 18, GRCm39 reference primary assembly C57BL/6J",mouse_hsa_ires_00317.1 | chr18:38786795-38786956(-) | RF00387 | IRES_FGF1 | internal ribosome entry site (IRES),RF00387,chr18:38786795-38786956(-),chr18:38786795-38786956-,162
456,mouse_hsa_ires_00068.1 | chr12:118308897-118309053(-) | RF00226 | IRES_n-myc | internal ribosome entry site (IRES),mouse_hsa_ires_00068.1 | chr12:118308897-118309053(-) | RF00226 | IRES_n-myc | internal ribosome entry site (IRES),RF00226,Mus musculus (mouse),chr12:118308897-118309053-,157
457,mouse_hsa_ires_00612.1 | chr15:78640294-78640461(-) | RF00223 | IRES_Bip | internal ribosome entry site (IRES),mouse_hsa_ires_00612.1 | chr15:78640294-78640461(-) | RF00223 | IRES_Bip | internal ribosome entry site (IRES),RF00223,Mus musculus (mouse),chr15:78640294-78640461-,168
457,mouse_hsa_ires_00612.1 | chr15:78640294-78640461(-) | RF00223 | IRES_Bip | internal ribosome entry site (IRES),mouse_CM000684.2:39244768-39244141 | chr15:78640294-78640461(-) | RF00223 | IRES_Bip | internal ribosome entry site (IRES),RF00223,Mus musculus (mouse),chr15:78640294-78640461-,168
457,mouse_hsa_ires_00612.1 | chr15:78640294-78640461(-) | RF00223 | IRES_Bip | internal ribosome entry site (IRES),mouse_hsa_ires_00200.1 | chr15:79892560-79892727(-) | RF00223 | IRES_Bip | internal ribosome entry site (IRES),RF00223,Mus musculus (mouse),chr15:79892560-79892727-,168
457,mouse_hsa_ires_00612.1 | chr15:78640294-78640461(-) | RF00223 | IRES_Bip | internal ribosome entry site (IRES),mouse_PDGF2/c-sis | chr15:78640294-78640461(-) | RF00223 | IRES_Bip | internal ribosome entry site (IRES),RF00223,Mus musculus (mouse),chr15:78640294-78640461-,168
458,"KX884554.1:5201-5348 Changjiang picorna-like virus 11 IRES_Cripavirus Changjiang picorna-like virus 11 strain CJLX30672 hypothetical protein 1 and hypothetical protein 2 genes, complete cds.","KX884554.1:5201-5348 Changjiang picorna-like virus 11 IRES_Cripavirus Changjiang picorna-like virus 11 strain CJLX30672 hypothetical protein 1 and hypothetical protein 2 genes, complete cds.",RF00458,Virus,,148
459,gypsy_env|Drosophila melanogaster,gypsy_env|Drosophila melanogaster,,Drosophila melanogaster,,330
459,gypsy_env|Drosophila melanogaster,gypsy_env|Drosophila melanogaster,,Drosophila melanogaster,,330
459,gypsy_env|Drosophila melanogaster,gypsy_env|Drosophila melanogaster,,Drosophila melanogaster,,330
460,vir_ires_00235.1,vir_ires_00235.1,,Virus,,174
461,vir_ires_00354.1,vir_ires_00354.1,,Virus,,174
462,vir_ires_00209.1,vir_ires_00209.1,,Virus,,174
463,vir_ires_00149.1,vir_ires_00149.1,,Virus,,174
464,vir_ires_00374.1,vir_ires_00374.1,,Virus,,174
465,vir_ires_00261.1,vir_ires_00261.1,,Virus,,174
466,vir_ires_00039.1,vir_ires_00039.1,,Virus,,174
466,vir_ires_00039.1,vir_ires_00465.1,,Virus,,174
467,vir_ires_00160.1,vir_ires_00160.1,,Virus,,174
468,vir_ires_00255.1,vir_ires_00255.1,,Virus,,174
469,vir_ires_00490.1,vir_ires_00490.1,,Virus,,549
470,vir_ires_00208.1,vir_ires_00208.1,,Virus,,174
471,vir_ires_00044.1,vir_ires_00044.1,,Virus,,174
472,vir_ires_00124.1,vir_ires_00124.1,,Virus,,174
473,vir_ires_00353.1,vir_ires_00353.1,,Virus,,174
474,vir_ires_00302.1,vir_ires_00302.1,,Virus,,174
475,vir_ires_00441.1,vir_ires_00441.1,,Virus,,174
476,vir_ires_00515.1,vir_ires_00515.1,,Virus,,148
476,vir_ires_00515.1,vir_ires_00506.1,,Virus,,148
476,vir_ires_00515.1,crTMV_IREScp|Crucifer tobamovirus,RF00225,Crucifer tobamovirus,,146
476,vir_ires_00515.1,crTMV_IREScp|Crucifer tobamovirus,RF00225,Crucifer tobamovirus,,146
476,vir_ires_00515.1,"U03387.1:5455-5605 Turnip vein-clearing virus IRES_Tobamo Turnip vein-clearing virus, complete genome.",RF00225,Virus,,151
476,vir_ires_00515.1,crTMV_IREScp|Crucifer tobamovirus,RF00225,Crucifer tobamovirus,,146
476,vir_ires_00515.1,crTMV_IREScp|Crucifer tobamovirus,,Crucifer tobamovirus,,148
476,vir_ires_00515.1,crTMV_IREScp|Crucifer tobamovirus,,Crucifer tobamovirus,,148
477,vir_ires_00547.1,vir_ires_00547.1,,Virus,,438
478,Pim-1|Homo sapiens,Pim-1|Homo sapiens,,Homo sapiens (human),,396
479,"hsa_ires_00027.1|Homo sapiens (human)|chr12:47,879,114-47,899,927-","hsa_ires_00027.1|Homo sapiens (human)|chr12:47,879,114-47,899,927-",,Homo sapiens (human),"chr12:47,879,114-47,899,927-",174
480,"hsa_ires_00059.1|Homo sapiens (human)|chr12:51,008,605-51,009,270-","hsa_ires_00059.1|Homo sapiens (human)|chr12:51,008,605-51,009,270-",,Homo sapiens (human),"chr12:51,008,605-51,009,270-",174
481,"hsa_ires_00091.1|Homo sapiens (human)|chr17:78,126,800-78,132,407-","hsa_ires_00091.1|Homo sapiens (human)|chr17:78,126,800-78,132,407-",,Homo sapiens (human),"chr17:78,126,800-78,132,407-",174
482,"hsa_ires_00123.1|Homo sapiens (human)|chr8:92,017,341-92,017,514-","hsa_ires_00123.1|Homo sapiens (human)|chr8:92,017,341-92,017,514-",,Homo sapiens (human),"chr8:92,017,341-92,017,514-",174
483,"hsa_ires_00155.1|Homo sapiens (human)|chr3:71,198,382-71,493,432-","hsa_ires_00155.1|Homo sapiens (human)|chr3:71,198,382-71,493,432-",,Homo sapiens (human),"chr3:71,198,382-71,493,432-",174
484,"hsa_ires_00187.1|Homo sapiens (human)|chr1:45,623,886-45,624,059-","hsa_ires_00187.1|Homo sapiens (human)|chr1:45,623,886-45,624,059-",,Homo sapiens (human),"chr1:45,623,886-45,624,059-",174
485,"hsa_ires_00219.1|Homo sapiens (human)|chr20:16,730,026-16,731,702+","hsa_ires_00219.1|Homo sapiens (human)|chr20:16,730,026-16,731,702+",,Homo sapiens (human),"chr20:16,730,026-16,731,702+",174
486,"hsa_ires_00251.1|Homo sapiens (human)|chr20:5,109,431-5,112,795-","hsa_ires_00251.1|Homo sapiens (human)|chr20:5,109,431-5,112,795-",,Homo sapiens (human),"chr20:5,109,431-5,112,795-",174
487,"hsa_ires_00283.1|Homo sapiens (human)|chr7:99,676,208-99,679,998-","hsa_ires_00283.1|Homo sapiens (human)|chr7:99,676,208-99,679,998-",,Homo sapiens (human),"chr7:99,676,208-99,679,998-",174
488,"hsa_ires_00315.1|Homo sapiens (human)|chr9:122,093,419-122,093,592-","hsa_ires_00315.1|Homo sapiens (human)|chr9:122,093,419-122,093,592-",,Homo sapiens (human),"chr9:122,093,419-122,093,592-",174
489,"hsa_ires_00347.1|Homo sapiens (human)|chr3:64,023,836-64,024,009-","hsa_ires_00347.1|Homo sapiens (human)|chr3:64,023,836-64,024,009-",,Homo sapiens (human),"chr3:64,023,836-64,024,009-",174
490,"hsa_ires_00379.1|Homo sapiens (human)|chrX:23,783,178-23,783,351+","hsa_ires_00379.1|Homo sapiens (human)|chrX:23,783,178-23,783,351+",,Homo sapiens (human),"chrX:23,783,178-23,783,351+",174
491,"hsa_ires_00411.1|Homo sapiens (human)|chr3:123,620,295-123,620,468-","hsa_ires_00411.1|Homo sapiens (human)|chr3:123,620,295-123,620,468-",,Homo sapiens (human),"chr3:123,620,295-123,620,468-",174
492,"hsa_ires_00443.1|Homo sapiens (human)|chr6:144,291,737-144,403,125+","hsa_ires_00443.1|Homo sapiens (human)|chr6:144,291,737-144,403,125+",,Homo sapiens (human),"chr6:144,291,737-144,403,125+",174
493,"hsa_ires_00475.1|Homo sapiens (human)|chr4:87,499,575-87,529,207-","hsa_ires_00475.1|Homo sapiens (human)|chr4:87,499,575-87,529,207-",,Homo sapiens (human),"chr4:87,499,575-87,529,207-",174
494,"hsa_ires_00507.1|Homo sapiens (human)|chr2:10,445,033-10,448,167-","hsa_ires_00507.1|Homo sapiens (human)|chr2:10,445,033-10,448,167-",RF02535,Homo sapiens (human),"chr2:10,445,033-10,448,167-",174
495,"hsa_ires_00539.1|Homo sapiens (human)|chr1:207,089,358-207,089,531+","hsa_ires_00539.1|Homo sapiens (human)|chr1:207,089,358-207,089,531+",,Homo sapiens (human),"chr1:207,089,358-207,089,531+",174
496,"hsa_ires_00571.1|Homo sapiens (human)|chr12:43,755,246-43,758,443-","hsa_ires_00571.1|Homo sapiens (human)|chr12:43,755,246-43,758,443-",,Homo sapiens (human),"chr12:43,755,246-43,758,443-",174
497,hsa_ires_00635.1|Homo sapiens (human)|NA,hsa_ires_00635.1|Homo sapiens (human)|NA,,Homo sapiens (human),Homo sapiens human,75
498,mmu_ires_00006.1|Mus musculus (house mouse),mmu_ires_00006.1|Mus musculus (house mouse),,Mus musculus (mouse),,515
499,mouse_hsa_ires_00612.1 | chr15:78934754-78934924(+) | RF00226 | IRES_n-myc | internal ribosome entry site (IRES),mouse_hsa_ires_00612.1 | chr15:78934754-78934924(+) | RF00226 | IRES_n-myc | internal ribosome entry site (IRES),RF00226,Mus musculus (mouse),chr15:78934754-78934924+,171
499,mouse_hsa_ires_00612.1 | chr15:78934754-78934924(+) | RF00226 | IRES_n-myc | internal ribosome entry site (IRES),mouse_CM000684.2:39244768-39244141 | chr15:78934754-78934924(+) | RF00226 | IRES_n-myc | internal ribosome entry site (IRES),RF00226,Mus musculus (mouse),chr15:78934754-78934924+,171
499,mouse_hsa_ires_00612.1 | chr15:78934754-78934924(+) | RF00226 | IRES_n-myc | internal ribosome entry site (IRES),mouse_hsa_ires_00179.1 | chr15:78934754-78934924(+) | RF00226 | IRES_n-myc | internal ribosome entry site (IRES),RF00226,Mus musculus (mouse),chr15:78934754-78934924+,171
499,mouse_hsa_ires_00612.1 | chr15:78934754-78934924(+) | RF00226 | IRES_n-myc | internal ribosome entry site (IRES),mouse_PDGF2/c-sis | chr15:78934754-78934924(+) | RF00226 | IRES_n-myc | internal ribosome entry site (IRES),RF00226,Mus musculus (mouse),chr15:78934754-78934924+,171
499,mouse_hsa_ires_00612.1 | chr15:78934754-78934924(+) | RF00226 | IRES_n-myc | internal ribosome entry site (IRES),mouse_hsa_ires_00413.1 | chr15:78934754-78934924(+) | RF00226 | IRES_n-myc | internal ribosome entry site (IRES),RF00226,Mus musculus (mouse),chr15:78934754-78934924+,171
500,"KX883736.1:5584-5793 Hubei picorna-like virus 24 IRES_Cripavirus Hubei picorna-like virus 24 strain WGML142000 hypothetical protein 1 and hypothetical protein 2 genes, complete cds.","KX883736.1:5584-5793 Hubei picorna-like virus 24 IRES_Cripavirus Hubei picorna-like virus 24 strain WGML142000 hypothetical protein 1 and hypothetical protein 2 genes, complete cds.",RF00458,Virus,,210
501,vir_ires_00466.1,vir_ires_00466.1,,Virus,,174
501,vir_ires_00466.1,vir_ires_00138.1,,Virus,,174
501,vir_ires_00466.1,vir_ires_00288.1,,Virus,,174
502,vir_ires_00083.1,vir_ires_00083.1,,Virus,,174
503,vir_ires_00120.1,vir_ires_00120.1,,Virus,,174
504,vir_ires_00414.1,vir_ires_00414.1,,Virus,,174
505,vir_ires_00352.1,vir_ires_00352.1,,Virus,,174
506,vir_ires_00115.1,vir_ires_00115.1,,Virus,,174
507,vir_ires_00329.1,vir_ires_00329.1,,Virus,,174
508,vir_ires_00467.1,vir_ires_00467.1,,Virus,,174
509,vir_ires_00152.1,vir_ires_00152.1,,Virus,,174
510,vir_ires_00136.1,vir_ires_00136.1,,Virus,,174
511,vir_ires_00192.1,vir_ires_00192.1,,Virus,,174
512,vir_ires_00503.1,vir_ires_00503.1,,Virus,,655
512,vir_ires_00503.1,EV71_1-748|Human enterovirus 71,RF00229,Human enterovirus 71,,748
513,vir_ires_00022.1,vir_ires_00022.1,,Virus,,174
513,vir_ires_00022.1,vir_ires_00396.1,,Virus,,174
514,vir_ires_00049.1,vir_ires_00049.1,,Virus,,174
515,vir_ires_00516.1,vir_ires_00516.1,,Virus,,116
516,vir_ires_00548.1,vir_ires_00548.1,,Virus,,614
517,BAG1_p36delta236nt|Homo sapiens,BAG1_p36delta236nt|Homo sapiens,RF00222,Homo sapiens (human),,130
517,BAG1_p36delta236nt|Homo sapiens,"hsa_ires_00596.1|Homo sapiens (human)|chr9:33,264,330-33,264,461-",RF00222,Homo sapiens (human),"chr9:33,264,330-33,264,461-",132
517,BAG1_p36delta236nt|Homo sapiens,BAG1_p36delta236nt|Homo sapiens,RF00222,Homo sapiens (human),,130
518,PITSLRE_p58|Homo sapiens,PITSLRE_p58|Homo sapiens,,Homo sapiens (human),,381
518,PITSLRE_p58|Homo sapiens,"hsa_ires_00613.1|Homo sapiens (human)|chr1:1,708,225-1,709,632-",,Homo sapiens (human),"chr1:1,708,225-1,709,632-",391
519,"hsa_ires_00028.1|Homo sapiens (human)|chr1:151,254,721-151,262,246+","hsa_ires_00028.1|Homo sapiens (human)|chr1:151,254,721-151,262,246+",,Homo sapiens (human),"chr1:151,254,721-151,262,246+",174
520,"hsa_ires_00060.1|Homo sapiens (human)|chr12:75,508,399-75,511,638-","hsa_ires_00060.1|Homo sapiens (human)|chr12:75,508,399-75,511,638-",,Homo sapiens (human),"chr12:75,508,399-75,511,638-",174
521,"hsa_ires_00092.1|Homo sapiens (human)|chr1:25,820,916-25,823,104+","hsa_ires_00092.1|Homo sapiens (human)|chr1:25,820,916-25,823,104+",,Homo sapiens (human),"chr1:25,820,916-25,823,104+",174
522,"hsa_ires_00124.1|Homo sapiens (human)|chr17:41,624,457-41,624,630-","hsa_ires_00124.1|Homo sapiens (human)|chr17:41,624,457-41,624,630-",,Homo sapiens (human),"chr17:41,624,457-41,624,630-",174
523,"hsa_ires_00156.1|Homo sapiens (human)|chr1:7,850,893-7,853,044-","hsa_ires_00156.1|Homo sapiens (human)|chr1:7,850,893-7,853,044-",,Homo sapiens (human),"chr1:7,850,893-7,853,044-",174
524,"hsa_ires_00188.1|Homo sapiens (human)|chr20:57,524,206-57,524,379-","hsa_ires_00188.1|Homo sapiens (human)|chr20:57,524,206-57,524,379-",,Homo sapiens (human),"chr20:57,524,206-57,524,379-",174
525,"hsa_ires_00220.1|Homo sapiens (human)|chr4:110,198,336-110,198,509-","hsa_ires_00220.1|Homo sapiens (human)|chr4:110,198,336-110,198,509-",,Homo sapiens (human),"chr4:110,198,336-110,198,509-",174
526,"hsa_ires_00252.1|Homo sapiens (human)|chr1:165,419,943-165,424,852-","hsa_ires_00252.1|Homo sapiens (human)|chr1:165,419,943-165,424,852-",,Homo sapiens (human),"chr1:165,419,943-165,424,852-",174
527,"hsa_ires_00284.1|Homo sapiens (human)|chr19:110,679-110,852+","hsa_ires_00284.1|Homo sapiens (human)|chr19:110,679-110,852+",,Homo sapiens (human),"chr19:110,679-110,852+",174
527,"hsa_ires_00284.1|Homo sapiens (human)|chr19:110,679-110,852+","hsa_ires_00146.1|Homo sapiens (human)|chr1:69,091-69,264+",,Homo sapiens (human),"chr1:69,091-69,264+",174
528,"hsa_ires_00316.1|Homo sapiens (human)|chrX:14,529,884-14,530,057+","hsa_ires_00316.1|Homo sapiens (human)|chrX:14,529,884-14,530,057+",,Homo sapiens (human),"chrX:14,529,884-14,530,057+",174
529,"hsa_ires_00348.1|Homo sapiens (human)|chr12:54,632,358-54,634,879-","hsa_ires_00348.1|Homo sapiens (human)|chr12:54,632,358-54,634,879-",,Homo sapiens (human),"chr12:54,632,358-54,634,879-",174
530,"hsa_ires_00380.1|Homo sapiens (human)|chr12:209,987-213,953-","hsa_ires_00380.1|Homo sapiens (human)|chr12:209,987-213,953-",,Homo sapiens (human),"chr12:209,987-213,953-",174
531,"hsa_ires_00412.1|Homo sapiens (human)|chr16:30,354,682-30,354,855-","hsa_ires_00412.1|Homo sapiens (human)|chr16:30,354,682-30,354,855-",,Homo sapiens (human),"chr16:30,354,682-30,354,855-",174
532,"hsa_ires_00444.1|Homo sapiens (human)|chr7:44,122,054-44,122,227-","hsa_ires_00444.1|Homo sapiens (human)|chr7:44,122,054-44,122,227-",,Homo sapiens (human),"chr7:44,122,054-44,122,227-",174
533,"hsa_ires_00476.1|Homo sapiens (human)|chr18:55,403,715-55,403,888-","hsa_ires_00476.1|Homo sapiens (human)|chr18:55,403,715-55,403,888-",,Homo sapiens (human),"chr18:55,403,715-55,403,888-",174
534,"hsa_ires_00508.1|Homo sapiens (human)|chr2:157,325,643-157,325,816-","hsa_ires_00508.1|Homo sapiens (human)|chr2:157,325,643-157,325,816-",,Homo sapiens (human),"chr2:157,325,643-157,325,816-",174
535,"hsa_ires_00540.1|Homo sapiens (human)|chr12:113,186,207-113,186,746+","hsa_ires_00540.1|Homo sapiens (human)|chr12:113,186,207-113,186,746+",,Homo sapiens (human),"chr12:113,186,207-113,186,746+",174
536,"hsa_ires_00572.1|Homo sapiens (human)|chr21:44,567,884-44,690,596-","hsa_ires_00572.1|Homo sapiens (human)|chr21:44,567,884-44,690,596-",,Homo sapiens (human),"chr21:44,567,884-44,690,596-",174
537,hsa_ires_00636.1|Homo sapiens (human)|NA,hsa_ires_00636.1|Homo sapiens (human)|NA,,Homo sapiens (human),Homo sapiens human,80
538,mmu_ires_00007.1|Mus musculus (house mouse),mmu_ires_00007.1|Mus musculus (house mouse),,Mus musculus (mouse),,59
539,mouse_hsa_ires_00551.1 | chr9:105141875-105142078(-) | RF00226 | IRES_n-myc | internal ribosome entry site (IRES),mouse_hsa_ires_00551.1 | chr9:105141875-105142078(-) | RF00226 | IRES_n-myc | internal ribosome entry site (IRES),RF00226,Mus musculus (mouse),chr9:105141875-105142078-,204
539,mouse_hsa_ires_00551.1 | chr9:105141875-105142078(-) | RF00226 | IRES_n-myc | internal ribosome entry site (IRES),mouse_hsa_ires_00453.1 | chr9:105330300-105330503(-) | RF00226 | IRES_n-myc | internal ribosome entry site (IRES),RF00226,Mus musculus (mouse),chr9:105330300-105330503-,204
539,mouse_hsa_ires_00551.1 | chr9:105141875-105142078(-) | RF00226 | IRES_n-myc | internal ribosome entry site (IRES),mouse_hsa_ires_00277.1 | chr9:104897469-104897672(-) | RF00226 | IRES_n-myc | internal ribosome entry site (IRES),RF00226,Mus musculus (mouse),chr9:104897469-104897672-,204
540,mouse_hsa_ires_00453.1 | chr9:105287577-105287744(-) | RF00226 | IRES_n-myc | internal ribosome entry site (IRES),mouse_hsa_ires_00453.1 | chr9:105287577-105287744(-) | RF00226 | IRES_n-myc | internal ribosome entry site (IRES),RF00226,Mus musculus (mouse),chr9:105287577-105287744-,168
540,mouse_hsa_ires_00453.1 | chr9:105287577-105287744(-) | RF00226 | IRES_n-myc | internal ribosome entry site (IRES),mouse_hsa_ires_00551.1 | chr9:105099152-105099319(-) | RF00226 | IRES_n-myc | internal ribosome entry site (IRES),RF00226,Mus musculus (mouse),chr9:105099152-105099319-,168
541,mouse_hsa_ires_00670.1 | chr2:156242620-156242777(-) | RF00226 | IRES_n-myc | internal ribosome entry site (IRES),mouse_hsa_ires_00670.1 | chr2:156242620-156242777(-) | RF00226 | IRES_n-myc | internal ribosome entry site (IRES),RF00226,Mus musculus (mouse),chr2:156242620-156242777-,158
542,"KX883290.1:6822-7013 Hubei picorna-like virus 15 IRES_Cripavirus Hubei picorna-like virus 15 strain arthropodmix13755 hypothetical protein 1 and hypothetical protein 2 genes, complete cds.","KX883290.1:6822-7013 Hubei picorna-like virus 15 IRES_Cripavirus Hubei picorna-like virus 15 strain arthropodmix13755 hypothetical protein 1 and hypothetical protein 2 genes, complete cds.",,Virus,,192
543,vir_ires_00089.1,vir_ires_00089.1,,Virus,,174
544,vir_ires_00105.1,vir_ires_00105.1,,Virus,,174
545,vir_ires_00310.1,vir_ires_00310.1,,Virus,,174
546,vir_ires_00130.1,vir_ires_00130.1,,Virus,,174
547,vir_ires_00463.1,vir_ires_00463.1,,Virus,,174
547,vir_ires_00463.1,vir_ires_00061.1,,Virus,,174
548,vir_ires_00057.1,vir_ires_00057.1,,Virus,,174
549,vir_ires_00129.1,vir_ires_00129.1,,Virus,,174
550,vir_ires_00256.1,vir_ires_00256.1,,Virus,,174
551,vir_ires_00411.1,vir_ires_00411.1,RF00229,Virus,,174
552,vir_ires_00194.1,vir_ires_00194.1,,Virus,,174
553,vir_ires_00164.1,vir_ires_00164.1,,Virus,,174
554,vir_ires_00480.1,vir_ires_00480.1,,Virus,,237
555,vir_ires_00215.1,vir_ires_00215.1,,Virus,,174
556,vir_ires_00312.1,vir_ires_00312.1,,Virus,,174
557,vir_ires_00045.1,vir_ires_00045.1,,Virus,,174
558,vir_ires_00517.1,vir_ires_00517.1,,Virus,,113
559,vir_ires_00549.1,vir_ires_00549.1,,Virus,,42
560,"CM000684.2:39244768-39244141 Homo sapiens IRES_c-sis Homo sapiens chromosome 22, GRCh38 reference primary assembly.","CM000684.2:39244768-39244141 Homo sapiens IRES_c-sis Homo sapiens chromosome 22, GRCh38 reference primary assembly.",,Homo sapiens (human),,628
561,UNR|Homo sapiens,UNR|Homo sapiens,,Homo sapiens (human),,429
562,"hsa_ires_00029.1|Homo sapiens (human)|chr19:35,499,993-35,501,911-","hsa_ires_00029.1|Homo sapiens (human)|chr19:35,499,993-35,501,911-",,Homo sapiens (human),"chr19:35,499,993-35,501,911-",174
563,"hsa_ires_00061.1|Homo sapiens (human)|chr6:44,158,811-44,169,328+","hsa_ires_00061.1|Homo sapiens (human)|chr6:44,158,811-44,169,328+",,Homo sapiens (human),"chr6:44,158,811-44,169,328+",174
564,"hsa_ires_00093.1|Homo sapiens (human)|chr16:24,846,289-24,858,643+","hsa_ires_00093.1|Homo sapiens (human)|chr16:24,846,289-24,858,643+",,Homo sapiens (human),"chr16:24,846,289-24,858,643+",174
565,"hsa_ires_00125.1|Homo sapiens (human)|chr16:69,626,446-69,647,056+","hsa_ires_00125.1|Homo sapiens (human)|chr16:69,626,446-69,647,056+",,Homo sapiens (human),"chr16:69,626,446-69,647,056+",174
566,"hsa_ires_00157.1|Homo sapiens (human)|chrX:47,144,680-47,144,853-","hsa_ires_00157.1|Homo sapiens (human)|chrX:47,144,680-47,144,853-",,Homo sapiens (human),"chrX:47,144,680-47,144,853-",174
567,"hsa_ires_00189.1|Homo sapiens (human)|chr7:100,219,737-100,219,910+","hsa_ires_00189.1|Homo sapiens (human)|chr7:100,219,737-100,219,910+",,Homo sapiens (human),"chr7:100,219,737-100,219,910+",174
568,"hsa_ires_00221.1|Homo sapiens (human)|chr6:135,492,238-135,497,222-","hsa_ires_00221.1|Homo sapiens (human)|chr6:135,492,238-135,497,222-",,Homo sapiens (human),"chr6:135,492,238-135,497,222-",174
569,"hsa_ires_00253.1|Homo sapiens (human)|chr16:31,135,499-31,135,672-","hsa_ires_00253.1|Homo sapiens (human)|chr16:31,135,499-31,135,672-",,Homo sapiens (human),"chr16:31,135,499-31,135,672-",174
570,"hsa_ires_00285.1|Homo sapiens (human)|chr3:46,577,796-46,577,969+","hsa_ires_00285.1|Homo sapiens (human)|chr3:46,577,796-46,577,969+",,Homo sapiens (human),"chr3:46,577,796-46,577,969+",174
571,"hsa_ires_00317.1|Homo sapiens (human)|chr5:143,400,585-143,400,758-","hsa_ires_00317.1|Homo sapiens (human)|chr5:143,400,585-143,400,758-",,Homo sapiens (human),"chr5:143,400,585-143,400,758-",174
572,"hsa_ires_00349.1|Homo sapiens (human)|chr11:33,161,318-33,161,491-","hsa_ires_00349.1|Homo sapiens (human)|chr11:33,161,318-33,161,491-",,Homo sapiens (human),"chr11:33,161,318-33,161,491-",174
573,"hsa_ires_00381.1|Homo sapiens (human)|chrX:49,059,005-49,062,041+","hsa_ires_00381.1|Homo sapiens (human)|chrX:49,059,005-49,062,041+",,Homo sapiens (human),"chrX:49,059,005-49,062,041+",174
574,"hsa_ires_00413.1|Homo sapiens (human)|chr22:38,782,732-38,794,102-","hsa_ires_00413.1|Homo sapiens (human)|chr22:38,782,732-38,794,102-",,Homo sapiens (human),"chr22:38,782,732-38,794,102-",174
575,"hsa_ires_00445.1|Homo sapiens (human)|chr17:42,851,184-42,851,357+","hsa_ires_00445.1|Homo sapiens (human)|chr17:42,851,184-42,851,357+",,Homo sapiens (human),"chr17:42,851,184-42,851,357+",174
576,"hsa_ires_00477.1|Homo sapiens (human)|chr18:905,213-905,386+","hsa_ires_00477.1|Homo sapiens (human)|chr18:905,213-905,386+",,Homo sapiens (human),"chr18:905,213-905,386+",174
577,"hsa_ires_00509.1|Homo sapiens (human)|chr6:30,061,351-30,061,524+","hsa_ires_00509.1|Homo sapiens (human)|chr6:30,061,351-30,061,524+",,Homo sapiens (human),"chr6:30,061,351-30,061,524+",174
578,"hsa_ires_00541.1|Homo sapiens (human)|chrX:30,246,363-30,250,493+","hsa_ires_00541.1|Homo sapiens (human)|chrX:30,246,363-30,250,493+",,Homo sapiens (human),"chrX:30,246,363-30,250,493+",174
579,"hsa_ires_00573.1|Homo sapiens (human)|chr4:2,469,242-2,490,493+","hsa_ires_00573.1|Homo sapiens (human)|chr4:2,469,242-2,490,493+",,Homo sapiens (human),"chr4:2,469,242-2,490,493+",174
580,"hsa_ires_00605.1|Homo sapiens (human)|chr20:56,388,198-56,392,295-","hsa_ires_00605.1|Homo sapiens (human)|chr20:56,388,198-56,392,295-",,Homo sapiens (human),"chr20:56,388,198-56,392,295-",133
580,"hsa_ires_00605.1|Homo sapiens (human)|chr20:56,388,198-56,392,295-","hsa_ires_00614.1|Homo sapiens (human)|chr20:56,388,198-56,392,295-",,Homo sapiens (human),"chr20:56,388,198-56,392,295-",147
581,"hsa_ires_00637.1|Homo sapiens (human)|chr2:239,195,174-239,195,422-","hsa_ires_00637.1|Homo sapiens (human)|chr2:239,195,174-239,195,422-",,Homo sapiens (human),"chr2:239,195,174-239,195,422-",249
582,"hsa_ires_00669.1|Homo sapiens (human)|chr20:49,166,202-49,188,370-","hsa_ires_00669.1|Homo sapiens (human)|chr20:49,166,202-49,188,370-",,Homo sapiens (human),"chr20:49,166,202-49,188,370-",537
583,"CM000995.3:107125011-107125270 Mus musculus IRES_Kv1_4 Mus musculus chromosome 2, GRCm39 reference primary assembly C57BL/6J","CM000995.3:107125011-107125270 Mus musculus IRES_Kv1_4 Mus musculus chromosome 2, GRCm39 reference primary assembly C57BL/6J",RF00447,Mus musculus (mouse),,260
583,"CM000995.3:107125011-107125270 Mus musculus IRES_Kv1_4 Mus musculus chromosome 2, GRCm39 reference primary assembly C57BL/6J",mouse_CM000673.2:30012935-30012676 | chr2:107125011-107125270(+) | RF00447 | IRES_Kv1_4 | potassium-channel Kv1.4 IRES,RF00447,chr2:107125011-107125270(+),chr2:107125011-107125270+,260
584,mmu_ires_00008.1|Mus musculus (house mouse),mmu_ires_00008.1|Mus musculus (house mouse),,Mus musculus (mouse),,1021
585,mouse_hsa_ires_00200.1 | chr15:79868434-79869040(-) | RF00549 | IRES_c-sis | internal ribosome entry site (IRES),mouse_hsa_ires_00200.1 | chr15:79868434-79869040(-) | RF00549 | IRES_c-sis | internal ribosome entry site (IRES),RF00549,Mus musculus (mouse),chr15:79868434-79869040-,607
585,mouse_hsa_ires_00200.1 | chr15:79868434-79869040(-) | RF00549 | IRES_c-sis | internal ribosome entry site (IRES),"CM001008.3:79898989-79898383 Mus musculus IRES_c-sis CM001008.3 Mus musculus chromosome 15, GRCm39 reference primary assembly C57BL/6J",,Mus musculus (mouse),,607
586,"KX883338.1:5405-5590 Beihai picorna-like virus 79 IRES_Cripavirus Beihai picorna-like virus 79 strain BHBJDX18844 hypothetical protein 1 and hypothetical protein 2 genes, complete cds.","KX883338.1:5405-5590 Beihai picorna-like virus 79 IRES_Cripavirus Beihai picorna-like virus 79 strain BHBJDX18844 hypothetical protein 1 and hypothetical protein 2 genes, complete cds.",RF00458,Virus,,186
587,vir_ires_00036.1,vir_ires_00036.1,,Virus,,174
588,vir_ires_00494.1,vir_ires_00494.1,,Virus,,212
588,vir_ires_00494.1,TSV_IGR|Taura syndrome virus,,Taura syndrome virus,,250
589,vir_ires_00315.1,vir_ires_00315.1,,Virus,,174
590,vir_ires_00257.1,vir_ires_00257.1,,Virus,,174
591,vir_ires_00488.1,vir_ires_00488.1,,Virus,,579
591,vir_ires_00488.1,RhPV_5NCR|Rhopalosiphum padi virus,,Rhopalosiphum padi virus,,579
591,vir_ires_00488.1,RhPV_5NCR|Rhopalosiphum padi virus,,Rhopalosiphum padi virus,,579
592,vir_ires_00239.1,vir_ires_00239.1,,Virus,,174
593,vir_ires_00035.1,vir_ires_00035.1,,Virus,,174
594,vir_ires_00384.1,vir_ires_00384.1,,Virus,,174
595,vir_ires_00107.1,vir_ires_00107.1,,Virus,,174
596,vir_ires_00299.1,vir_ires_00299.1,,Virus,,174
597,vir_ires_00389.1,vir_ires_00389.1,,Virus,,174
598,vir_ires_00419.1,vir_ires_00419.1,,Virus,,174
599,vir_ires_00075.1,vir_ires_00075.1,,Virus,,174
600,vir_ires_00309.1,vir_ires_00309.1,,Virus,,174
601,vir_ires_00407.1,vir_ires_00407.1,,Virus,,174
602,vir_ires_00518.1,vir_ires_00518.1,RF00229,Virus,,742
603,vir_ires_00550.1,vir_ires_00550.1,,Virus,,447
603,vir_ires_00550.1,vir_ires_00529.1,,Virus,,449
604,BiP_-222_-3|Homo sapiens,BiP_-222_-3|Homo sapiens,RF00223,Homo sapiens (human),,222
604,BiP_-222_-3|Homo sapiens,"CM000671.2:125241341-125241094 Homo sapiens IRES_Bip Homo sapiens chromosome 9, GRCh38 reference primary assembly.",,Homo sapiens (human),,248
605,"hsa_ires_00030.1|Homo sapiens (human)|chr12:121,011,141-121,016,497-","hsa_ires_00030.1|Homo sapiens (human)|chr12:121,011,141-121,016,497-",,Homo sapiens (human),"chr12:121,011,141-121,016,497-",174
606,"hsa_ires_00062.1|Homo sapiens (human)|chr9:88,134,812-88,134,985-","hsa_ires_00062.1|Homo sapiens (human)|chr9:88,134,812-88,134,985-",,Homo sapiens (human),"chr9:88,134,812-88,134,985-",174
607,"hsa_ires_00094.1|Homo sapiens (human)|chr17:44,187,682-44,189,046+","hsa_ires_00094.1|Homo sapiens (human)|chr17:44,187,682-44,189,046+",,Homo sapiens (human),"chr17:44,187,682-44,189,046+",174
608,"hsa_ires_00126.1|Homo sapiens (human)|chrX:102,248,438-102,307,078+","hsa_ires_00126.1|Homo sapiens (human)|chrX:102,248,438-102,307,078+",,Homo sapiens (human),"chrX:102,248,438-102,307,078+",174
609,"hsa_ires_00158.1|Homo sapiens (human)|chr5:141,476,002-141,494,835+","hsa_ires_00158.1|Homo sapiens (human)|chr5:141,476,002-141,494,835+",,Homo sapiens (human),"chr5:141,476,002-141,494,835+",174
610,"hsa_ires_00190.1|Homo sapiens (human)|chr12:31,659,302-31,661,953+","hsa_ires_00190.1|Homo sapiens (human)|chr12:31,659,302-31,661,953+",,Homo sapiens (human),"chr12:31,659,302-31,661,953+",174
611,"hsa_ires_00222.1|Homo sapiens (human)|chr18:63,643,490-63,644,268-","hsa_ires_00222.1|Homo sapiens (human)|chr18:63,643,490-63,644,268-",,Homo sapiens (human),"chr18:63,643,490-63,644,268-",174
612,"hsa_ires_00254.1|Homo sapiens (human)|chr16:67,180,611-67,183,379-","hsa_ires_00254.1|Homo sapiens (human)|chr16:67,180,611-67,183,379-",,Homo sapiens (human),"chr16:67,180,611-67,183,379-",174
613,"hsa_ires_00286.1|Homo sapiens (human)|chr1:155,324,244-155,324,417+","hsa_ires_00286.1|Homo sapiens (human)|chr1:155,324,244-155,324,417+",,Homo sapiens (human),"chr1:155,324,244-155,324,417+",174
614,"hsa_ires_00318.1|Homo sapiens (human)|chrX:115,593,507-115,610,290+","hsa_ires_00318.1|Homo sapiens (human)|chrX:115,593,507-115,610,290+",,Homo sapiens (human),"chrX:115,593,507-115,610,290+",174
615,"hsa_ires_00350.1|Homo sapiens (human)|chr6:106,512,168-106,512,341+","hsa_ires_00350.1|Homo sapiens (human)|chr6:106,512,168-106,512,341+",,Homo sapiens (human),"chr6:106,512,168-106,512,341+",174
616,"hsa_ires_00382.1|Homo sapiens (human)|chrY:1,282,413-1,282,703;chrX:1,282,413-1,282,703+;+","hsa_ires_00382.1|Homo sapiens (human)|chrY:1,282,413-1,282,703;chrX:1,282,413-1,282,703+;+",,Homo sapiens (human),"chrY:1,282,413-1,282,703;chrX:1,282,413-1,282,703+;+",174
617,"hsa_ires_00414.1|Homo sapiens (human)|chr19:21,819,221-21,836,208-","hsa_ires_00414.1|Homo sapiens (human)|chr19:21,819,221-21,836,208-",,Homo sapiens (human),"chr19:21,819,221-21,836,208-",174
618,"hsa_ires_00446.1|Homo sapiens (human)|chr12:102,958,071-102,958,244+","hsa_ires_00446.1|Homo sapiens (human)|chr12:102,958,071-102,958,244+",,Homo sapiens (human),"chr12:102,958,071-102,958,244+",174
619,"hsa_ires_00478.1|Homo sapiens (human)|chr10:122,386,104-122,393,200+","hsa_ires_00478.1|Homo sapiens (human)|chr10:122,386,104-122,393,200+",,Homo sapiens (human),"chr10:122,386,104-122,393,200+",174
620,"hsa_ires_00510.1|Homo sapiens (human)|chr5:142,613,988-142,614,161-","hsa_ires_00510.1|Homo sapiens (human)|chr5:142,613,988-142,614,161-",,Homo sapiens (human),"chr5:142,613,988-142,614,161-",174
621,"hsa_ires_00542.1|Homo sapiens (human)|chr20:21,126,088-21,132,153+","hsa_ires_00542.1|Homo sapiens (human)|chr20:21,126,088-21,132,153+",,Homo sapiens (human),"chr20:21,126,088-21,132,153+",174
622,"hsa_ires_00574.1|Homo sapiens (human)|chr11:2,140,297-2,141,027-","hsa_ires_00574.1|Homo sapiens (human)|chr11:2,140,297-2,141,027-",RF00483,Homo sapiens (human),"chr11:2,140,297-2,141,027-",174
623,"hsa_ires_00606.1|Homo sapiens (human)|chr1:39,901,435-39,902,015-","hsa_ires_00606.1|Homo sapiens (human)|chr1:39,901,435-39,902,015-",RF00261,Homo sapiens (human),"chr1:39,901,435-39,902,015-",217
623,"hsa_ires_00606.1|Homo sapiens (human)|chr1:39,901,435-39,902,015-","CM000997.3:122889735-122889956 Mus musculus IRES_L-myc CM000997.3 Mus musculus chromosome 4, GRCm39 reference primary assembly C57BL/6J",RF00261,Mus musculus (mouse),,222
623,"hsa_ires_00606.1|Homo sapiens (human)|chr1:39,901,435-39,902,015-",mouse_CM000663.2:39902015-39901795 | chr4:122889735-122889956(+) | RF00261 | IRES_L-myc | internal ribosome entry site (IRES),RF00261,chr4:122889735-122889956(+),chr4:122889735-122889956+,222
623,"hsa_ires_00606.1|Homo sapiens (human)|chr1:39,901,435-39,902,015-",mouse_hsa_ires_00606.1 | chr4:122889735-122889956(+) | RF00261 | IRES_L-myc | internal ribosome entry site (IRES),RF00261,chr4:122889735-122889956(+),chr4:122889735-122889956+,222
623,"hsa_ires_00606.1|Homo sapiens (human)|chr1:39,901,435-39,902,015-",mouse_CM000663.2:38708708-38708962 | chr4:122889735-122889956(+) | RF00261 | IRES_L-myc | internal ribosome entry site (IRES),RF00261,chr4:122889735-122889956(+),chr4:122889735-122889956+,222
623,"hsa_ires_00606.1|Homo sapiens (human)|chr1:39,901,435-39,902,015-","CM000663.2:39902015-39901795 Homo sapiens IRES_L-myc Homo sapiens chromosome 1, GRCh38 reference primary assembly.",,Homo sapiens (human),,221
624,"hsa_ires_00638.1|Homo sapiens (human)|chr2:239,194,229-239,194,451-","hsa_ires_00638.1|Homo sapiens (human)|chr2:239,194,229-239,194,451-",,Homo sapiens (human),"chr2:239,194,229-239,194,451-",223
625,"hsa_ires_00670.1|Homo sapiens (human)|chr20:37,346,154-37,384,186+","hsa_ires_00670.1|Homo sapiens (human)|chr20:37,346,154-37,384,186+",,Homo sapiens (human),"chr20:37,346,154-37,384,186+",381
626,"CM001000.3:142214878-142214758 Mus musculus IRES_IGF2 CM001000.3 Mus musculus chromosome 7, GRCm39 reference primary assembly C57BL/6J","CM001000.3:142214878-142214758 Mus musculus IRES_IGF2 CM001000.3 Mus musculus chromosome 7, GRCm39 reference primary assembly C57BL/6J",RF00483,Mus musculus (mouse),,121
626,"CM001000.3:142214878-142214758 Mus musculus IRES_IGF2 CM001000.3 Mus musculus chromosome 7, GRCm39 reference primary assembly C57BL/6J","CM000673.2:2141059-2140939 Homo sapiens IRES_IGF2 Homo sapiens chromosome 11, GRCh38 reference primary assembly.",RF00483,Homo sapiens (human),,121
627,mmu_ires_00010.1|Mus musculus (house mouse),mmu_ires_00010.1|Mus musculus (house mouse),,Mus musculus (mouse),,115
628,mouse_hsa_ires_00052.1 | chr10:16783403-16783551(+) | RF00457 | IRES_mnt | IRES,mouse_hsa_ires_00052.1 | chr10:16783403-16783551(+) | RF00457 | IRES_mnt | IRES,RF00457,Mus musculus (mouse),chr10:16783403-16783551+,149
629,"KX883654.1:5717-5927 Shahe picorna-like virus 8 IRES_Cripavirus Shahe picorna-like virus 8 strain SHWC12398 hypothetical protein 1 and hypothetical protein 2 genes, complete cds.","KX883654.1:5717-5927 Shahe picorna-like virus 8 IRES_Cripavirus Shahe picorna-like virus 8 strain SHWC12398 hypothetical protein 1 and hypothetical protein 2 genes, complete cds.",RF00458,Virus,,211
630,vir_ires_00025.1,vir_ires_00025.1,,Virus,,174
631,vir_ires_00392.1,vir_ires_00392.1,,Virus,,174
632,vir_ires_00276.1,vir_ires_00276.1,,Virus,,174
633,vir_ires_00187.1,vir_ires_00187.1,,Virus,,174
634,vir_ires_00397.1,vir_ires_00397.1,,Virus,,174
635,vir_ires_00398.1,vir_ires_00398.1,,Virus,,174
636,vir_ires_00333.1,vir_ires_00333.1,,Virus,,174
637,vir_ires_00289.1,vir_ires_00289.1,,Virus,,174
638,vir_ires_00182.1,vir_ires_00182.1,,Virus,,174
638,vir_ires_00182.1,vir_ires_00063.1,,Virus,,174
639,vir_ires_00250.1,vir_ires_00250.1,,Virus,,174
640,vir_ires_00175.1,vir_ires_00175.1,,Virus,,174
641,vir_ires_00004.1,vir_ires_00004.1,,Virus,,174
642,vir_ires_00259.1,vir_ires_00259.1,,Virus,,174
643,vir_ires_00282.1,vir_ires_00282.1,,Virus,,174
644,vir_ires_00368.1,vir_ires_00368.1,RF00229,Virus,,174
645,vir_ires_00519.1,vir_ires_00519.1,,Virus,,574
645,vir_ires_00519.1,EMCV-R|Encephalomyocarditis virus,,Encephalomyocarditis virus,,576
646,vir_ires_00551.1,vir_ires_00551.1,,Virus,,495
647,XIAP_5-464|Homo sapiens,XIAP_5-464|Homo sapiens,,Homo sapiens (human),,460
647,XIAP_5-464|Homo sapiens,XIAP_5-464|Homo sapiens,,Homo sapiens (human),,460
648,"hsa_ires_00031.1|Homo sapiens (human)|chr12:27,969,495-27,969,832-","hsa_ires_00031.1|Homo sapiens (human)|chr12:27,969,495-27,969,832-",,Homo sapiens (human),"chr12:27,969,495-27,969,832-",174
649,"hsa_ires_00063.1|Homo sapiens (human)|chr19:35,907,549-35,908,309-","hsa_ires_00063.1|Homo sapiens (human)|chr19:35,907,549-35,908,309-",,Homo sapiens (human),"chr19:35,907,549-35,908,309-",174
650,"hsa_ires_00095.1|Homo sapiens (human)|chr1:45,551,116-45,561,794+","hsa_ires_00095.1|Homo sapiens (human)|chr1:45,551,116-45,561,794+",,Homo sapiens (human),"chr1:45,551,116-45,561,794+",174
651,"hsa_ires_00127.1|Homo sapiens (human)|chr2:79,025,711-79,026,093+","hsa_ires_00127.1|Homo sapiens (human)|chr2:79,025,711-79,026,093+",,Homo sapiens (human),"chr2:79,025,711-79,026,093+",174
652,"hsa_ires_00159.1|Homo sapiens (human)|chr10:104,275,129-104,275,302+","hsa_ires_00159.1|Homo sapiens (human)|chr10:104,275,129-104,275,302+",,Homo sapiens (human),"chr10:104,275,129-104,275,302+",174
653,"hsa_ires_00191.1|Homo sapiens (human)|chr16:67,943,204-67,944,112-","hsa_ires_00191.1|Homo sapiens (human)|chr16:67,943,204-67,944,112-",,Homo sapiens (human),"chr16:67,943,204-67,944,112-",174
654,"hsa_ires_00223.1|Homo sapiens (human)|chr1:150,268,811-150,268,984-","hsa_ires_00223.1|Homo sapiens (human)|chr1:150,268,811-150,268,984-",,Homo sapiens (human),"chr1:150,268,811-150,268,984-",174
655,"hsa_ires_00255.1|Homo sapiens (human)|chr11:95,865,647-95,887,632-","hsa_ires_00255.1|Homo sapiens (human)|chr11:95,865,647-95,887,632-",,Homo sapiens (human),"chr11:95,865,647-95,887,632-",174
656,"hsa_ires_00287.1|Homo sapiens (human)|chr4:39,458,414-39,458,587-","hsa_ires_00287.1|Homo sapiens (human)|chr4:39,458,414-39,458,587-",,Homo sapiens (human),"chr4:39,458,414-39,458,587-",174
657,"hsa_ires_00319.1|Homo sapiens (human)|chr16:70,314,949-70,317,526+","hsa_ires_00319.1|Homo sapiens (human)|chr16:70,314,949-70,317,526+",,Homo sapiens (human),"chr16:70,314,949-70,317,526+",174
658,"hsa_ires_00351.1|Homo sapiens (human)|chr21:33,539,316-33,542,792-","hsa_ires_00351.1|Homo sapiens (human)|chr21:33,539,316-33,542,792-",,Homo sapiens (human),"chr21:33,539,316-33,542,792-",174
659,"hsa_ires_00383.1|Homo sapiens (human)|chr1:45,457,786-45,490,939-","hsa_ires_00383.1|Homo sapiens (human)|chr1:45,457,786-45,490,939-",,Homo sapiens (human),"chr1:45,457,786-45,490,939-",174
660,"hsa_ires_00415.1|Homo sapiens (human)|chr3:25,428,558-25,428,731+","hsa_ires_00415.1|Homo sapiens (human)|chr3:25,428,558-25,428,731+",,Homo sapiens (human),"chr3:25,428,558-25,428,731+",174
661,"hsa_ires_00447.1|Homo sapiens (human)|chr20:64,076,887-64,079,399-","hsa_ires_00447.1|Homo sapiens (human)|chr20:64,076,887-64,079,399-",,Homo sapiens (human),"chr20:64,076,887-64,079,399-",174
662,"hsa_ires_00479.1|Homo sapiens (human)|chr16:20,902,544-20,902,717+","hsa_ires_00479.1|Homo sapiens (human)|chr16:20,902,544-20,902,717+",,Homo sapiens (human),"chr16:20,902,544-20,902,717+",174
663,"hsa_ires_00511.1|Homo sapiens (human)|chr3:197,183,809-197,183,982-","hsa_ires_00511.1|Homo sapiens (human)|chr3:197,183,809-197,183,982-",,Homo sapiens (human),"chr3:197,183,809-197,183,982-",174
664,"hsa_ires_00543.1|Homo sapiens (human)|chr9:90,827,447-90,843,898+","hsa_ires_00543.1|Homo sapiens (human)|chr9:90,827,447-90,843,898+",,Homo sapiens (human),"chr9:90,827,447-90,843,898+",174
665,"hsa_ires_00575.1|Homo sapiens (human)|chr11:68,896,656-68,900,599-","hsa_ires_00575.1|Homo sapiens (human)|chr11:68,896,656-68,900,599-",,Homo sapiens (human),"chr11:68,896,656-68,900,599-",174
666,"hsa_ires_00639.1|Homo sapiens (human)|chr2:177,264,532-177,264,659-","hsa_ires_00639.1|Homo sapiens (human)|chr2:177,264,532-177,264,659-",RF02531,Homo sapiens (human),"chr2:177,264,532-177,264,659-",128
666,"hsa_ires_00639.1|Homo sapiens (human)|chr2:177,264,532-177,264,659-","CM000664.2:177264659-177264532 Homo sapiens NRF2_IRES Homo sapiens chromosome 2, GRCh38 reference primary assembly.",RF02531,Homo sapiens (human),,128
667,"hsa_ires_00671.1|Homo sapiens (human)|chr15:40,929,333-40,929,668+","hsa_ires_00671.1|Homo sapiens (human)|chr15:40,929,333-40,929,668+",,Homo sapiens (human),"chr15:40,929,333-40,929,668+",336
668,mmu_ires_00011.1|Mus musculus (house mouse),mmu_ires_00011.1|Mus musculus (house mouse),,Mus musculus (mouse),,174
669,mouse_hsa_ires_00276.1 | chr5:98312761-98312941(-) | RF00226 | IRES_n-myc | internal ribosome entry site (IRES),mouse_hsa_ires_00276.1 | chr5:98312761-98312941(-) | RF00226 | IRES_n-myc | internal ribosome entry site (IRES),RF00226,Mus musculus (mouse),chr5:98312761-98312941-,181
670,mouse_hsa_ires_00560.1 | chr1:157065538-157065701(+) | RF00457 | IRES_mnt | IRES,mouse_hsa_ires_00560.1 | chr1:157065538-157065701(+) | RF00457 | IRES_mnt | IRES,RF00457,Mus musculus (mouse),chr1:157065538-157065701+,164
671,mouse_hsa_ires_00031.1 | chr6:146665733-146665870(+) | RF00261 | IRES_L-myc | internal ribosome entry site (IRES),mouse_hsa_ires_00031.1 | chr6:146665733-146665870(+) | RF00261 | IRES_L-myc | internal ribosome entry site (IRES),RF00261,Mus musculus (mouse),chr6:146665733-146665870+,138
672,vir_ires_00376.1,vir_ires_00376.1,RF00102,Virus,,174
673,vir_ires_00311.1,vir_ires_00311.1,,Virus,,174
674,vir_ires_00355.1,vir_ires_00355.1,,Virus,,174
675,vir_ires_00434.1,vir_ires_00434.1,,Virus,,174
676,vir_ires_00306.1,vir_ires_00306.1,,Virus,,174
677,vir_ires_00041.1,vir_ires_00041.1,,Virus,,174
678,vir_ires_00473.1,vir_ires_00473.1,,Virus,,353
679,vir_ires_00321.1,vir_ires_00321.1,,Virus,,174
680,vir_ires_00248.1,vir_ires_00248.1,,Virus,,174
681,vir_ires_00082.1,vir_ires_00082.1,,Virus,,174
682,vir_ires_00097.1,vir_ires_00097.1,,Virus,,174
682,vir_ires_00097.1,vir_ires_00038.1,,Virus,,174
683,vir_ires_00090.1,vir_ires_00090.1,,Virus,,174
684,vir_ires_00416.1,vir_ires_00416.1,,Virus,,174
685,vir_ires_00265.1,vir_ires_00265.1,,Virus,,174
686,vir_ires_00493.1,vir_ires_00493.1,,Virus,,245
687,vir_ires_00520.1,vir_ires_00520.1,,Virus,,721
688,vir_ires_00552.1,vir_ires_00552.1,,Virus,,487
689,"CM000666.2:122826680-122827177 Homo sapiens IRES_FGF2 Homo sapiens chromosome 4, GRCh38 reference primary assembly.","CM000666.2:122826680-122827177 Homo sapiens IRES_FGF2 Homo sapiens chromosome 4, GRCh38 reference primary assembly.",,Homo sapiens (human),,498
690,c-IAP1_285-1399|Homo sapiens,c-IAP1_285-1399|Homo sapiens,,Homo sapiens (human),,1115
690,c-IAP1_285-1399|Homo sapiens,c-IAP1_285-1399|Homo sapiens,,Homo sapiens (human),,1115
691,"hsa_ires_00000.1|Homo sapiens (human)|chr2:45,602,066-45,611,294-","hsa_ires_00000.1|Homo sapiens (human)|chr2:45,602,066-45,611,294-",,Homo sapiens (human),"chr2:45,602,066-45,611,294-",174
692,"hsa_ires_00032.1|Homo sapiens (human)|chr2:99,142,294-99,147,467+","hsa_ires_00032.1|Homo sapiens (human)|chr2:99,142,294-99,147,467+",,Homo sapiens (human),"chr2:99,142,294-99,147,467+",174
693,"hsa_ires_00064.1|Homo sapiens (human)|chr12:48,122,647-48,122,820+","hsa_ires_00064.1|Homo sapiens (human)|chr12:48,122,647-48,122,820+",,Homo sapiens (human),"chr12:48,122,647-48,122,820+",174
694,"hsa_ires_00096.1|Homo sapiens (human)|chr19:55,368,513-55,370,420-","hsa_ires_00096.1|Homo sapiens (human)|chr19:55,368,513-55,370,420-",,Homo sapiens (human),"chr19:55,368,513-55,370,420-",174
695,"hsa_ires_00128.1|Homo sapiens (human)|chr12:55,331,701-55,331,874+","hsa_ires_00128.1|Homo sapiens (human)|chr12:55,331,701-55,331,874+",,Homo sapiens (human),"chr12:55,331,701-55,331,874+",174
696,"hsa_ires_00160.1|Homo sapiens (human)|chr12:6,200,326-6,200,499+","hsa_ires_00160.1|Homo sapiens (human)|chr12:6,200,326-6,200,499+",,Homo sapiens (human),"chr12:6,200,326-6,200,499+",174
697,"hsa_ires_00192.1|Homo sapiens (human)|chr21:32,794,422-32,810,608-","hsa_ires_00192.1|Homo sapiens (human)|chr21:32,794,422-32,810,608-",,Homo sapiens (human),"chr21:32,794,422-32,810,608-",174
698,"hsa_ires_00224.1|Homo sapiens (human)|chr16:67,227,113-67,227,897+","hsa_ires_00224.1|Homo sapiens (human)|chr16:67,227,113-67,227,897+",,Homo sapiens (human),"chr16:67,227,113-67,227,897+",174
699,"hsa_ires_00256.1|Homo sapiens (human)|chr2:223,051,971-223,052,144+","hsa_ires_00256.1|Homo sapiens (human)|chr2:223,051,971-223,052,144+",,Homo sapiens (human),"chr2:223,051,971-223,052,144+",174
700,"hsa_ires_00288.1|Homo sapiens (human)|chr2:27,380,118-27,380,291-","hsa_ires_00288.1|Homo sapiens (human)|chr2:27,380,118-27,380,291-",,Homo sapiens (human),"chr2:27,380,118-27,380,291-",174
701,"hsa_ires_00320.1|Homo sapiens (human)|chr1:206,921,855-206,922,028-","hsa_ires_00320.1|Homo sapiens (human)|chr1:206,921,855-206,922,028-",,Homo sapiens (human),"chr1:206,921,855-206,922,028-",174
702,"hsa_ires_00352.1|Homo sapiens (human)|chr8:27,471,059-27,478,861-","hsa_ires_00352.1|Homo sapiens (human)|chr8:27,471,059-27,478,861-",,Homo sapiens (human),"chr8:27,471,059-27,478,861-",174
703,"hsa_ires_00384.1|Homo sapiens (human)|chr1:156,246,732-156,247,982-","hsa_ires_00384.1|Homo sapiens (human)|chr1:156,246,732-156,247,982-",,Homo sapiens (human),"chr1:156,246,732-156,247,982-",174
704,"hsa_ires_00416.1|Homo sapiens (human)|chr2:74,502,860-74,503,033-","hsa_ires_00416.1|Homo sapiens (human)|chr2:74,502,860-74,503,033-",,Homo sapiens (human),"chr2:74,502,860-74,503,033-",174
705,"hsa_ires_00448.1|Homo sapiens (human)|chr6:24,774,931-24,777,289+","hsa_ires_00448.1|Homo sapiens (human)|chr6:24,774,931-24,777,289+",,Homo sapiens (human),"chr6:24,774,931-24,777,289+",174
706,"hsa_ires_00480.1|Homo sapiens (human)|chr1:173,207,159-173,207,313-","hsa_ires_00480.1|Homo sapiens (human)|chr1:173,207,159-173,207,313-",,Homo sapiens (human),"chr1:173,207,159-173,207,313-",174
707,"hsa_ires_00512.1|Homo sapiens (human)|chr2:37,928,779-37,929,277+","hsa_ires_00512.1|Homo sapiens (human)|chr2:37,928,779-37,929,277+",,Homo sapiens (human),"chr2:37,928,779-37,929,277+",174
708,"hsa_ires_00544.1|Homo sapiens (human)|chr4:100,517,915-100,518,088-","hsa_ires_00544.1|Homo sapiens (human)|chr4:100,517,915-100,518,088-",,Homo sapiens (human),"chr4:100,517,915-100,518,088-",174
709,"hsa_ires_00576.1|Homo sapiens (human)|chr15:41,230,507-41,230,680-","hsa_ires_00576.1|Homo sapiens (human)|chr15:41,230,507-41,230,680-",,Homo sapiens (human),"chr15:41,230,507-41,230,680-",174
710,"hsa_ires_00608.1|Homo sapiens (human)|chr17:2,400,753-2,400,877-","hsa_ires_00608.1|Homo sapiens (human)|chr17:2,400,753-2,400,877-",RF00457,Homo sapiens (human),"chr17:2,400,753-2,400,877-",125
711,"hsa_ires_00640.1|Homo sapiens (human)|chr9:84,670,472-84,670,748+","hsa_ires_00640.1|Homo sapiens (human)|chr9:84,670,472-84,670,748+",,Homo sapiens (human),"chr9:84,670,472-84,670,748+",277
712,mouse_hsa_ires_00128.1 | chr10:128664423-128664568(-) | RF00457 | IRES_mnt | IRES,mouse_hsa_ires_00128.1 | chr10:128664423-128664568(-) | RF00457 | IRES_mnt | IRES,RF00457,Mus musculus (mouse),chr10:128664423-128664568-,146
712,mouse_hsa_ires_00128.1 | chr10:128664423-128664568(-) | RF00457 | IRES_mnt | IRES,mouse_hsa_ires_00130.1 | chr10:129197605-129197750(-) | RF00457 | IRES_mnt | IRES,RF00457,Mus musculus (mouse),chr10:129197605-129197750-,146
713,mouse_hsa_ires_00175.1 | chr8:116755677-116755883(-) | RF00216 | IRES_c-myc | internal ribosome entry site (IRES),mouse_hsa_ires_00175.1 | chr8:116755677-116755883(-) | RF00216 | IRES_c-myc | internal ribosome entry site (IRES),RF00216,Mus musculus (mouse),chr8:116755677-116755883-,207
714,ABPV_IGRpred|Acute bee paralysis virus,ABPV_IGRpred|Acute bee paralysis virus,,Acute bee paralysis virus,,199
714,ABPV_IGRpred|Acute bee paralysis virus,vir_ires_00510.1,,Virus,,213
715,HIV-1|Human Immunodeficiency Virus type 1,HIV-1|Human Immunodeficiency Virus type 1,RF00375,Human Immunodeficiency Virus type 1,,233
715,HIV-1|Human Immunodeficiency Virus type 1,vir_ires_00470.1,RF00375,Virus,,233
716,vir_ires_00018.1,vir_ires_00018.1,,Virus,,174
717,vir_ires_00074.1,vir_ires_00074.1,,Virus,,174
718,vir_ires_00012.1,vir_ires_00012.1,,Virus,,174
719,vir_ires_00337.1,vir_ires_00337.1,,Virus,,174
720,vir_ires_00477.1,vir_ires_00477.1,,Virus,,170
720,vir_ires_00477.1,SV40_661-830|Simian virus 40,,Simian virus 40,,170
721,vir_ires_00140.1,vir_ires_00140.1,,Virus,,174
722,vir_ires_00489.1,vir_ires_00489.1,RF00458,Virus,,175
723,vir_ires_00279.1,vir_ires_00279.1,,Virus,,174
724,vir_ires_00242.1,vir_ires_00242.1,,Virus,,174
725,vir_ires_00274.1,vir_ires_00274.1,,Virus,,174
726,vir_ires_00388.1,vir_ires_00388.1,,Virus,,174
727,vir_ires_00098.1,vir_ires_00098.1,,Virus,,174
728,vir_ires_00078.1,vir_ires_00078.1,,Virus,,174
729,vir_ires_00143.1,vir_ires_00143.1,,Virus,,174
730,vir_ires_00504.1,vir_ires_00504.1,RF00229,Virus,,510
731,vir_ires_00000.1,vir_ires_00000.1,RF00102,Virus,,174
732,vir_ires_00521.1,vir_ires_00521.1,RF00376,Virus,,421
733,vir_ires_00553.1,vir_ires_00553.1,,Virus,,369
734,"CM000685.2:38479154-38479285 Homo sapiens IRES_Bag1 Homo sapiens chromosome X, GRCh38 reference primary assembly.","CM000685.2:38479154-38479285 Homo sapiens IRES_Bag1 Homo sapiens chromosome X, GRCh38 reference primary assembly.",RF00222,Homo sapiens (human),,132
735,"hsa_ires_00001.1|Homo sapiens (human)|chr1:70,411,242-70,411,415+","hsa_ires_00001.1|Homo sapiens (human)|chr1:70,411,242-70,411,415+",,Homo sapiens (human),"chr1:70,411,242-70,411,415+",174
736,"hsa_ires_00033.1|Homo sapiens (human)|chr8:100,948,890-100,950,568-","hsa_ires_00033.1|Homo sapiens (human)|chr8:100,948,890-100,950,568-",,Homo sapiens (human),"chr8:100,948,890-100,950,568-",174
737,"hsa_ires_00065.1|Homo sapiens (human)|chr16:30,064,353-30,067,254+","hsa_ires_00065.1|Homo sapiens (human)|chr16:30,064,353-30,067,254+",,Homo sapiens (human),"chr16:30,064,353-30,067,254+",174
738,"hsa_ires_00097.1|Homo sapiens (human)|chr4:94,207,946-94,208,394+","hsa_ires_00097.1|Homo sapiens (human)|chr4:94,207,946-94,208,394+",,Homo sapiens (human),"chr4:94,207,946-94,208,394+",174
739,"hsa_ires_00129.1|Homo sapiens (human)|chr19:53,014,091-53,014,264+","hsa_ires_00129.1|Homo sapiens (human)|chr19:53,014,091-53,014,264+",,Homo sapiens (human),"chr19:53,014,091-53,014,264+",174
740,"hsa_ires_00161.1|Homo sapiens (human)|chr7:105,268,844-105,269,017-","hsa_ires_00161.1|Homo sapiens (human)|chr7:105,268,844-105,269,017-",,Homo sapiens (human),"chr7:105,268,844-105,269,017-",174
741,"hsa_ires_00193.1|Homo sapiens (human)|chr19:41,687,114-41,688,167-","hsa_ires_00193.1|Homo sapiens (human)|chr19:41,687,114-41,688,167-",,Homo sapiens (human),"chr19:41,687,114-41,688,167-",174
742,"hsa_ires_00225.1|Homo sapiens (human)|chr3:9,902,828-9,903,001+","hsa_ires_00225.1|Homo sapiens (human)|chr3:9,902,828-9,903,001+",,Homo sapiens (human),"chr3:9,902,828-9,903,001+",174
743,"hsa_ires_00257.1|Homo sapiens (human)|chr19:35,712,964-35,714,626+","hsa_ires_00257.1|Homo sapiens (human)|chr19:35,712,964-35,714,626+",,Homo sapiens (human),"chr19:35,712,964-35,714,626+",174
744,"hsa_ires_00289.1|Homo sapiens (human)|chr1:145,608,081-145,616,266+","hsa_ires_00289.1|Homo sapiens (human)|chr1:145,608,081-145,616,266+",,Homo sapiens (human),"chr1:145,608,081-145,616,266+",174
745,"hsa_ires_00321.1|Homo sapiens (human)|chr15:64,381,330-64,381,503-","hsa_ires_00321.1|Homo sapiens (human)|chr15:64,381,330-64,381,503-",,Homo sapiens (human),"chr15:64,381,330-64,381,503-",174
746,"hsa_ires_00353.1|Homo sapiens (human)|chr6:132,503,531-132,513,122-","hsa_ires_00353.1|Homo sapiens (human)|chr6:132,503,531-132,513,122-",,Homo sapiens (human),"chr6:132,503,531-132,513,122-",174
747,"hsa_ires_00385.1|Homo sapiens (human)|chr2:84,516,455-84,517,863+","hsa_ires_00385.1|Homo sapiens (human)|chr2:84,516,455-84,517,863+",,Homo sapiens (human),"chr2:84,516,455-84,517,863+",174
748,"hsa_ires_00417.1|Homo sapiens (human)|chr20:31,440,608-31,450,053+","hsa_ires_00417.1|Homo sapiens (human)|chr20:31,440,608-31,450,053+",,Homo sapiens (human),"chr20:31,440,608-31,450,053+",174
749,"hsa_ires_00449.1|Homo sapiens (human)|chr1:32,765,634-32,765,807+","hsa_ires_00449.1|Homo sapiens (human)|chr1:32,765,634-32,765,807+",,Homo sapiens (human),"chr1:32,765,634-32,765,807+",174
750,"hsa_ires_00481.1|Homo sapiens (human)|chr11:18,455,914-18,456,680+","hsa_ires_00481.1|Homo sapiens (human)|chr11:18,455,914-18,456,680+",,Homo sapiens (human),"chr11:18,455,914-18,456,680+",174
751,"hsa_ires_00513.1|Homo sapiens (human)|chr22:42,636,799-42,646,950-","hsa_ires_00513.1|Homo sapiens (human)|chr22:42,636,799-42,646,950-",,Homo sapiens (human),"chr22:42,636,799-42,646,950-",174
752,"hsa_ires_00545.1|Homo sapiens (human)|chr4:6,640,689-6,640,862+","hsa_ires_00545.1|Homo sapiens (human)|chr4:6,640,689-6,640,862+",,Homo sapiens (human),"chr4:6,640,689-6,640,862+",174
753,"hsa_ires_00577.1|Homo sapiens (human)|chrX:71,068,299-71,073,426-","hsa_ires_00577.1|Homo sapiens (human)|chrX:71,068,299-71,073,426-",,Homo sapiens (human),"chrX:71,068,299-71,073,426-",174
754,"hsa_ires_00609.1|Homo sapiens (human)|chr8:92,062,553-92,062,751-","hsa_ires_00609.1|Homo sapiens (human)|chr8:92,062,553-92,062,751-",,Homo sapiens (human),"chr8:92,062,553-92,062,751-",199
754,"hsa_ires_00609.1|Homo sapiens (human)|chr8:92,062,553-92,062,751-",MTG8a|Homo sapiens,,Homo sapiens (human),,199
755,"hsa_ires_00641.1|Homo sapiens (human)|chr20:54,173,580-54,173,977-","hsa_ires_00641.1|Homo sapiens (human)|chr20:54,173,580-54,173,977-",,Homo sapiens (human),"chr20:54,173,580-54,173,977-",398
755,"hsa_ires_00641.1|Homo sapiens (human)|chr20:54,173,580-54,173,977-","CM000682.2:54173977-54173577 Homo sapiens IRES_cyp24a1 Homo sapiens chromosome 20, GRCh38 reference primary assembly.",,Homo sapiens (human),,401
756,"hsa_ires_00673.1|Homo sapiens (human)|chr22:18,157,664-18,157,768+","hsa_ires_00673.1|Homo sapiens (human)|chr22:18,157,664-18,157,768+",,Homo sapiens (human),"chr22:18,157,664-18,157,768+",105
757,"CM001003.3:56253427-56253630 Mus musculus IRES_Cx43 CM001003.3 Mus musculus chromosome 10, GRCm39 reference primary assembly C57BL/6J","CM001003.3:56253427-56253630 Mus musculus IRES_Cx43 CM001003.3 Mus musculus chromosome 10, GRCm39 reference primary assembly C57BL/6J",RF00487,Mus musculus (mouse),,204
757,"CM001003.3:56253427-56253630 Mus musculus IRES_Cx43 CM001003.3 Mus musculus chromosome 10, GRCm39 reference primary assembly C57BL/6J",mouse_CM000668.2:121435649-121435848 | chr10:56253427-56253630(+) | RF00487 | IRES_Cx43 | internal ribosome entry site (IRES),RF00487,chr10:56253427-56253630(+),chr10:56253427-56253630+,204
757,"CM001003.3:56253427-56253630 Mus musculus IRES_Cx43 CM001003.3 Mus musculus chromosome 10, GRCm39 reference primary assembly C57BL/6J",mmu_ires_00012.1|Mus musculus (house mouse),,Mus musculus (mouse),,207
758,mouse_hsa_ires_00373.1 | chr17:36109916-36110108(+) | RF00457 | IRES_mnt | IRES,mouse_hsa_ires_00373.1 | chr17:36109916-36110108(+) | RF00457 | IRES_mnt | IRES,RF00457,Mus musculus (mouse),chr17:36109916-36110108+,193
758,mouse_hsa_ires_00373.1 | chr17:36109916-36110108(+) | RF00457 | IRES_mnt | IRES,mouse_hsa_ires_00118.1 | chr17:36109916-36110108(+) | RF00457 | IRES_mnt | IRES,RF00457,Mus musculus (mouse),chr17:36109916-36110108+,193
758,mouse_hsa_ires_00373.1 | chr17:36109916-36110108(+) | RF00457 | IRES_mnt | IRES,mouse_hsa_ires_00509.1 | chr17:36109916-36110108(+) | RF00457 | IRES_mnt | IRES,RF00457,Mus musculus (mouse),chr17:36109916-36110108+,193
759,mouse_hsa_ires_00350.1 | chr10:43619546-43619634(-) | RF00223 | IRES_Bip | internal ribosome entry site (IRES),mouse_hsa_ires_00350.1 | chr10:43619546-43619634(-) | RF00223 | IRES_Bip | internal ribosome entry site (IRES),RF00223,Mus musculus (mouse),chr10:43619546-43619634-,89
760,mouse_hsa_ires_00562.1 | chr11:97231580-97231713(-) | RF00461 | IRES_VEGF_A | endothelial growth factor (VEGF) IRES A,mouse_hsa_ires_00562.1 | chr11:97231580-97231713(-) | RF00461 | IRES_VEGF_A | endothelial growth factor (VEGF) IRES A,RF00461,Mus musculus (mouse),chr11:97231580-97231713-,134
761,AEV|Avian encephalomyelitis virus,AEV|Avian encephalomyelitis virus,,Avian encephalomyelitis virus,,494
762,vir_ires_00482.1,vir_ires_00482.1,RF00228,Virus,,590
762,vir_ires_00482.1,HAV_HM175|Human hepatitis A virus,RF00228,Human hepatitis A virus,,584
762,vir_ires_00482.1,"M14707.1:166-737 Hepatovirus A UNKNOWN-M14707 IRES_HepA Hepatitis A virus (wild-type) RNA, complete genome.",RF00228,Virus,,572
763,vir_ires_00204.1,vir_ires_00204.1,,Virus,,174
764,vir_ires_00230.1,vir_ires_00230.1,,Virus,,174
765,vir_ires_00381.1,vir_ires_00381.1,,Virus,,174
766,vir_ires_00386.1,vir_ires_00386.1,,Virus,,174
766,vir_ires_00386.1,vir_ires_00439.1,,Virus,,174
767,vir_ires_00116.1,vir_ires_00116.1,,Virus,,174
768,vir_ires_00454.1,vir_ires_00454.1,RF03546,Virus,,174
769,vir_ires_00216.1,vir_ires_00216.1,,Virus,,174
770,vir_ires_00042.1,vir_ires_00042.1,,Virus,,174
771,vir_ires_00106.1,vir_ires_00106.1,,Virus,,174
772,vir_ires_00232.1,vir_ires_00232.1,,Virus,,174
773,vir_ires_00364.1,vir_ires_00364.1,,Virus,,174
774,vir_ires_00178.1,vir_ires_00178.1,,Virus,,174
775,vir_ires_00141.1,vir_ires_00141.1,,Virus,,174
776,vir_ires_00522.1,vir_ires_00522.1,,Virus,,127
777,"CM000664.2:15941768-15942091 Homo sapiens IRES_n-myc Homo sapiens chromosome 2, GRCh38 reference primary assembly.","CM000664.2:15941768-15942091 Homo sapiens IRES_n-myc Homo sapiens chromosome 2, GRCh38 reference primary assembly.",,Homo sapiens (human),,324
778,CCND1|Homo sapiens,CCND1|Homo sapiens,,Homo sapiens (human),,209
779,"hsa_ires_00002.1|Homo sapiens (human)|chr4:169,620,906-169,635,928+","hsa_ires_00002.1|Homo sapiens (human)|chr4:169,620,906-169,635,928+",,Homo sapiens (human),"chr4:169,620,906-169,635,928+",174
780,"hsa_ires_00034.1|Homo sapiens (human)|chr17:7,688,475-7,688,648+","hsa_ires_00034.1|Homo sapiens (human)|chr17:7,688,475-7,688,648+",,Homo sapiens (human),"chr17:7,688,475-7,688,648+",174
781,"hsa_ires_00066.1|Homo sapiens (human)|chr2:233,388,154-233,388,327+","hsa_ires_00066.1|Homo sapiens (human)|chr2:233,388,154-233,388,327+",,Homo sapiens (human),"chr2:233,388,154-233,388,327+",174
782,"hsa_ires_00098.1|Homo sapiens (human)|chr1:109,114,010-109,114,183+","hsa_ires_00098.1|Homo sapiens (human)|chr1:109,114,010-109,114,183+",,Homo sapiens (human),"chr1:109,114,010-109,114,183+",174
783,"hsa_ires_00130.1|Homo sapiens (human)|chr12:55,365,111-55,365,284+","hsa_ires_00130.1|Homo sapiens (human)|chr12:55,365,111-55,365,284+",,Homo sapiens (human),"chr12:55,365,111-55,365,284+",174
784,"hsa_ires_00162.1|Homo sapiens (human)|chr12:56,636,186-56,636,359-","hsa_ires_00162.1|Homo sapiens (human)|chr12:56,636,186-56,636,359-",,Homo sapiens (human),"chr12:56,636,186-56,636,359-",174
785,"hsa_ires_00194.1|Homo sapiens (human)|chr8:118,111,047-118,111,220-","hsa_ires_00194.1|Homo sapiens (human)|chr8:118,111,047-118,111,220-",,Homo sapiens (human),"chr8:118,111,047-118,111,220-",174
786,"hsa_ires_00226.1|Homo sapiens (human)|chrY:1,442,237-1,453,710;chrX:1,442,237-1,453,710-;-","hsa_ires_00226.1|Homo sapiens (human)|chrY:1,442,237-1,453,710;chrX:1,442,237-1,453,710-;-",,Homo sapiens (human),"chrY:1,442,237-1,453,710;chrX:1,442,237-1,453,710-;-",174
787,"hsa_ires_00258.1|Homo sapiens (human)|chr17:63,550,504-63,550,677+","hsa_ires_00258.1|Homo sapiens (human)|chr17:63,550,504-63,550,677+",,Homo sapiens (human),"chr17:63,550,504-63,550,677+",174
788,"hsa_ires_00290.1|Homo sapiens (human)|chr17:48,830,988-48,848,146+","hsa_ires_00290.1|Homo sapiens (human)|chr17:48,830,988-48,848,146+",,Homo sapiens (human),"chr17:48,830,988-48,848,146+",174
789,"hsa_ires_00322.1|Homo sapiens (human)|chr1:75,786,194-75,787,589+","hsa_ires_00322.1|Homo sapiens (human)|chr1:75,786,194-75,787,589+",,Homo sapiens (human),"chr1:75,786,194-75,787,589+",174
790,"hsa_ires_00354.1|Homo sapiens (human)|chr1:183,590,330-183,590,503-","hsa_ires_00354.1|Homo sapiens (human)|chr1:183,590,330-183,590,503-",,Homo sapiens (human),"chr1:183,590,330-183,590,503-",174
791,"hsa_ires_00386.1|Homo sapiens (human)|chrX:70,259,625-70,259,798-","hsa_ires_00386.1|Homo sapiens (human)|chrX:70,259,625-70,259,798-",,Homo sapiens (human),"chrX:70,259,625-70,259,798-",174
792,"hsa_ires_00418.1|Homo sapiens (human)|chr2:183,078,760-183,078,933+","hsa_ires_00418.1|Homo sapiens (human)|chr2:183,078,760-183,078,933+",,Homo sapiens (human),"chr2:183,078,760-183,078,933+",174
793,"hsa_ires_00450.1|Homo sapiens (human)|chr21:42,863,455-42,873,634-","hsa_ires_00450.1|Homo sapiens (human)|chr21:42,863,455-42,873,634-",,Homo sapiens (human),"chr21:42,863,455-42,873,634-",174
794,"hsa_ires_00482.1|Homo sapiens (human)|chr11:117,199,324-117,203,066+","hsa_ires_00482.1|Homo sapiens (human)|chr11:117,199,324-117,203,066+",,Homo sapiens (human),"chr11:117,199,324-117,203,066+",174
795,"hsa_ires_00514.1|Homo sapiens (human)|chr7:1,569,340-1,569,513-","hsa_ires_00514.1|Homo sapiens (human)|chr7:1,569,340-1,569,513-",,Homo sapiens (human),"chr7:1,569,340-1,569,513-",174
796,"hsa_ires_00546.1|Homo sapiens (human)|chr12:118,017,878-118,018,051+","hsa_ires_00546.1|Homo sapiens (human)|chr12:118,017,878-118,018,051+",,Homo sapiens (human),"chr12:118,017,878-118,018,051+",174
797,"hsa_ires_00578.1|Homo sapiens (human)|chr12:71,839,707-71,861,473+","hsa_ires_00578.1|Homo sapiens (human)|chr12:71,839,707-71,861,473+",,Homo sapiens (human),"chr12:71,839,707-71,861,473+",174
798,"hsa_ires_00610.1|Homo sapiens (human)|chr6:135,181,316-135,181,465+","hsa_ires_00610.1|Homo sapiens (human)|chr6:135,181,316-135,181,465+",,Homo sapiens (human),"chr6:135,181,316-135,181,465+",150
798,"hsa_ires_00610.1|Homo sapiens (human)|chr6:135,181,316-135,181,465+",MYB|Homo sapiens,,Homo sapiens (human),,150
799,"hsa_ires_00642.1|Homo sapiens (human)|chr5:112,775,731-112,780,810+","hsa_ires_00642.1|Homo sapiens (human)|chr5:112,775,731-112,780,810+",,Homo sapiens (human),"chr5:112,775,731-112,780,810+",28
800,"hsa_ires_00674.1|Homo sapiens (human)|chr11:61,967,426-61,967,637-","hsa_ires_00674.1|Homo sapiens (human)|chr11:61,967,426-61,967,637-",RF00037,Homo sapiens (human),"chr11:61,967,426-61,967,637-",212
801,"CM001013.3:5381376-5381052 Mus musculus IRES_n-myc CM001013.3 Mus musculus chromosome X, GRCm39 reference primary assembly C57BL/6J","CM001013.3:5381376-5381052 Mus musculus IRES_n-myc CM001013.3 Mus musculus chromosome X, GRCm39 reference primary assembly C57BL/6J",RF00226,Mus musculus (mouse),,325
802,mmu_ires_00014.1|Mus musculus (house mouse),mmu_ires_00014.1|Mus musculus (house mouse),,Mus musculus (mouse),,120
803,mouse_c-myc | chr15:61857412-61857722(+) | RF00216 | IRES_c-myc | internal ribosome entry site (IRES),mouse_c-myc | chr15:61857412-61857722(+) | RF00216 | IRES_c-myc | internal ribosome entry site (IRES),RF00216,Mus musculus (mouse),chr15:61857412-61857722+,311
803,mouse_c-myc | chr15:61857412-61857722(+) | RF00216 | IRES_c-myc | internal ribosome entry site (IRES),"CM001008.3:61857412-61857722 Mus musculus IRES_c-myc CM001008.3 Mus musculus chromosome 15, GRCm39 reference primary assembly C57BL/6J",RF00216,Mus musculus (mouse),,311
803,mouse_c-myc | chr15:61857412-61857722(+) | RF00216 | IRES_c-myc | internal ribosome entry site (IRES),mouse_hsa_ires_00598.1 | chr15:61857412-61857722(+) | RF00216 | IRES_c-myc | internal ribosome entry site (IRES),RF00216,Mus musculus (mouse),chr15:61857412-61857722+,311
804,HRV-2|Human rhinovirus 2,HRV-2|Human rhinovirus 2,RF00229,Human rhinovirus 2,,604
805,vir_ires_00111.1,vir_ires_00111.1,,Virus,,174
806,vir_ires_00123.1,vir_ires_00123.1,,Virus,,174
807,vir_ires_00445.1,vir_ires_00445.1,,Virus,,174
808,vir_ires_00436.1,vir_ires_00436.1,,Virus,,174
808,vir_ires_00436.1,vir_ires_00383.1,,Virus,,174
809,vir_ires_00125.1,vir_ires_00125.1,,Virus,,174
810,vir_ires_00308.1,vir_ires_00308.1,,Virus,,174
811,vir_ires_00053.1,vir_ires_00053.1,,Virus,,174
812,vir_ires_00272.1,vir_ires_00272.1,,Virus,,174
813,vir_ires_00403.1,vir_ires_00403.1,,Virus,,174
814,vir_ires_00435.1,vir_ires_00435.1,,Virus,,174
815,vir_ires_00460.1,vir_ires_00460.1,RF00229,Virus,,174
816,vir_ires_00451.1,vir_ires_00451.1,,Virus,,174
816,vir_ires_00451.1,vir_ires_00387.1,,Virus,,174
817,vir_ires_00212.1,vir_ires_00212.1,,Virus,,174
818,vir_ires_00010.1,vir_ires_00010.1,,Virus,,174
819,vir_ires_00073.1,vir_ires_00073.1,,Virus,,174
820,"CM000664.2:15940568-15940760 Homo sapiens IRES_n-myc Homo sapiens chromosome 2, GRCh38 reference primary assembly.","CM000664.2:15940568-15940760 Homo sapiens IRES_n-myc Homo sapiens chromosome 2, GRCh38 reference primary assembly.",,Homo sapiens (human),,193
821,DAP5|Homo sapiens,DAP5|Homo sapiens,,Homo sapiens (human),,305
822,"hsa_ires_00003.1|Homo sapiens (human)|chr14:55,008,692-55,010,454-","hsa_ires_00003.1|Homo sapiens (human)|chr14:55,008,692-55,010,454-",,Homo sapiens (human),"chr14:55,008,692-55,010,454-",174
823,"hsa_ires_00035.1|Homo sapiens (human)|chr14:92,083,197-92,093,275-","hsa_ires_00035.1|Homo sapiens (human)|chr14:92,083,197-92,093,275-",,Homo sapiens (human),"chr14:92,083,197-92,093,275-",174
824,"hsa_ires_00067.1|Homo sapiens (human)|chr11:2,929,247-2,929,420-","hsa_ires_00067.1|Homo sapiens (human)|chr11:2,929,247-2,929,420-",,Homo sapiens (human),"chr11:2,929,247-2,929,420-",174
825,"hsa_ires_00099.1|Homo sapiens (human)|chr1:25,903,805-25,906,877-","hsa_ires_00099.1|Homo sapiens (human)|chr1:25,903,805-25,906,877-",,Homo sapiens (human),"chr1:25,903,805-25,906,877-",174
826,"hsa_ires_00131.1|Homo sapiens (human)|chr1:158,479,878-158,480,051+","hsa_ires_00131.1|Homo sapiens (human)|chr1:158,479,878-158,480,051+",,Homo sapiens (human),"chr1:158,479,878-158,480,051+",174
827,"hsa_ires_00163.1|Homo sapiens (human)|chr4:56,656,001-56,656,461-","hsa_ires_00163.1|Homo sapiens (human)|chr4:56,656,001-56,656,461-",,Homo sapiens (human),"chr4:56,656,001-56,656,461-",174
828,"hsa_ires_00195.1|Homo sapiens (human)|chr4:24,584,388-24,584,561-","hsa_ires_00195.1|Homo sapiens (human)|chr4:24,584,388-24,584,561-",,Homo sapiens (human),"chr4:24,584,388-24,584,561-",174
829,"hsa_ires_00227.1|Homo sapiens (human)|chr1:156,153,620-156,154,578+","hsa_ires_00227.1|Homo sapiens (human)|chr1:156,153,620-156,154,578+",,Homo sapiens (human),"chr1:156,153,620-156,154,578+",174
830,"hsa_ires_00259.1|Homo sapiens (human)|chr3:161,086,755-161,104,367-","hsa_ires_00259.1|Homo sapiens (human)|chr3:161,086,755-161,104,367-",,Homo sapiens (human),"chr3:161,086,755-161,104,367-",174
831,"hsa_ires_00291.1|Homo sapiens (human)|chr6:32,150,868-32,151,943-","hsa_ires_00291.1|Homo sapiens (human)|chr6:32,150,868-32,151,943-",,Homo sapiens (human),"chr6:32,150,868-32,151,943-",174
832,"hsa_ires_00323.1|Homo sapiens (human)|chr17:41,350,639-41,350,812-","hsa_ires_00323.1|Homo sapiens (human)|chr17:41,350,639-41,350,812-",,Homo sapiens (human),"chr17:41,350,639-41,350,812-",174
833,"hsa_ires_00355.1|Homo sapiens (human)|chr12:50,924,865-50,925,038+","hsa_ires_00355.1|Homo sapiens (human)|chr12:50,924,865-50,925,038+",,Homo sapiens (human),"chr12:50,924,865-50,925,038+",174
834,"hsa_ires_00387.1|Homo sapiens (human)|chr17:57,257,013-57,257,513+","hsa_ires_00387.1|Homo sapiens (human)|chr17:57,257,013-57,257,513+",,Homo sapiens (human),"chr17:57,257,013-57,257,513+",174
835,"hsa_ires_00419.1|Homo sapiens (human)|chr18:12,308,248-12,308,758+","hsa_ires_00419.1|Homo sapiens (human)|chr18:12,308,248-12,308,758+",,Homo sapiens (human),"chr18:12,308,248-12,308,758+",174
836,"hsa_ires_00451.1|Homo sapiens (human)|chr6:24,875,792-24,877,098-","hsa_ires_00451.1|Homo sapiens (human)|chr6:24,875,792-24,877,098-",,Homo sapiens (human),"chr6:24,875,792-24,877,098-",174
837,"hsa_ires_00483.1|Homo sapiens (human)|chr14:23,556,584-23,556,757+","hsa_ires_00483.1|Homo sapiens (human)|chr14:23,556,584-23,556,757+",,Homo sapiens (human),"chr14:23,556,584-23,556,757+",174
838,"hsa_ires_00515.1|Homo sapiens (human)|chr17:35,363,808-35,367,578-","hsa_ires_00515.1|Homo sapiens (human)|chr17:35,363,808-35,367,578-",,Homo sapiens (human),"chr17:35,363,808-35,367,578-",174
839,"hsa_ires_00547.1|Homo sapiens (human)|chr1:172,442,623-172,442,796-","hsa_ires_00547.1|Homo sapiens (human)|chr1:172,442,623-172,442,796-",,Homo sapiens (human),"chr1:172,442,623-172,442,796-",174
840,"hsa_ires_00579.1|Homo sapiens (human)|chr15:98,649,532-98,707,591+","hsa_ires_00579.1|Homo sapiens (human)|chr15:98,649,532-98,707,591+",,Homo sapiens (human),"chr15:98,649,532-98,707,591+",174
841,"hsa_ires_00643.1|Homo sapiens (human)|chr6:43,770,299-43,770,691+","hsa_ires_00643.1|Homo sapiens (human)|chr6:43,770,299-43,770,691+",,Homo sapiens (human),"chr6:43,770,299-43,770,691+",393
842,"hsa_ires_00675.1|Homo sapiens (human)|chr1:27,914,444-27,914,583-","hsa_ires_00675.1|Homo sapiens (human)|chr1:27,914,444-27,914,583-",,Homo sapiens (human),"chr1:27,914,444-27,914,583-",140
843,"CM001005.3:12991823-12991620 Mus musculus IRES_n-myc CM001005.3 Mus musculus chromosome 12, GRCm39 reference primary assembly C57BL/6J","CM001005.3:12991823-12991620 Mus musculus IRES_n-myc CM001005.3 Mus musculus chromosome 12, GRCm39 reference primary assembly C57BL/6J",,Mus musculus (mouse),,204
843,"CM001005.3:12991823-12991620 Mus musculus IRES_n-myc CM001005.3 Mus musculus chromosome 12, GRCm39 reference primary assembly C57BL/6J",mouse_hsa_ires_00341.1 | chr12:12981462-12981665(-) | RF00226 | IRES_n-myc | internal ribosome entry site (IRES),RF00226,chr12:12981462-12981665(-),chr12:12981462-12981665-,204
844,mmu_ires_00015.1|Mus musculus (house mouse),mmu_ires_00015.1|Mus musculus (house mouse),,Mus musculus (mouse),,9
844,mmu_ires_00015.1|Mus musculus (house mouse),Gtx-133-141|Mus musculus,,Mus musculus (mouse),,9
844,mmu_ires_00015.1|Mus musculus (house mouse),Gtx-133-141|Mus musculus,,Mus musculus (mouse),,9
844,mmu_ires_00015.1|Mus musculus (house mouse),Gtx-133-141|Mus musculus,,Mus musculus (mouse),,9
844,mmu_ires_00015.1|Mus musculus (house mouse),Gtx-133-141|Mus musculus,,Mus musculus (mouse),,9
845,mouse_hsa_ires_00491.1 | chr9:44251276-44251410(+) | RF00457 | IRES_mnt | IRES,mouse_hsa_ires_00491.1 | chr9:44251276-44251410(+) | RF00457 | IRES_mnt | IRES,RF00457,Mus musculus (mouse),chr9:44251276-44251410+,135
846,mouse_hsa_ires_00639.1 | chr2:74542146-74542262(-) | RF02531 | NRF2_IRES | internal ribosome entry site (IRES),mouse_hsa_ires_00639.1 | chr2:74542146-74542262(-) | RF02531 | NRF2_IRES | internal ribosome entry site (IRES),RF02531,Mus musculus (mouse),chr2:74542146-74542262-,117
846,mouse_hsa_ires_00639.1 | chr2:74542146-74542262(-) | RF02531 | NRF2_IRES | internal ribosome entry site (IRES),"CM000995.3:75534824-75534708 Mus musculus NRF2_IRES Mus musculus chromosome 2, GRCm39 reference primary assembly C57BL/6J",RF02531,Mus musculus (mouse),,117
847,mouse_CM000676.2:61695528-61695807 | chr12:73712911-73713073(+) | RF00216 | IRES_c-myc | internal ribosome entry site (IRES),mouse_CM000676.2:61695528-61695807 | chr12:73712911-73713073(+) | RF00216 | IRES_c-myc | internal ribosome entry site (IRES),RF00216,Mus musculus (mouse),chr12:73712911-73713073+,163
848,BQCV_IGRpred|Black queen cell virus,BQCV_IGRpred|Black queen cell virus,RF00458,Black queen cell virus,,190
848,BQCV_IGRpred|Black queen cell virus,vir_ires_00492.1,RF00458,Virus,,190
849,vir_ires_00189.1,vir_ires_00189.1,,Virus,,174
850,vir_ires_00410.1,vir_ires_00410.1,,Virus,,174
851,vir_ires_00007.1,vir_ires_00007.1,,Virus,,174
852,vir_ires_00254.1,vir_ires_00254.1,,Virus,,174
853,vir_ires_00199.1,vir_ires_00199.1,,Virus,,174
854,vir_ires_00304.1,vir_ires_00304.1,,Virus,,174
855,vir_ires_00459.1,vir_ires_00459.1,RF00229,Virus,,174
856,vir_ires_00148.1,vir_ires_00148.1,,Virus,,174
857,vir_ires_00170.1,vir_ires_00170.1,,Virus,,174
858,vir_ires_00406.1,vir_ires_00406.1,,Virus,,174
859,vir_ires_00002.1,vir_ires_00002.1,,Virus,,174
860,vir_ires_00251.1,vir_ires_00251.1,,Virus,,174
861,vir_ires_00201.1,vir_ires_00201.1,,Virus,,174
862,vir_ires_00483.1,vir_ires_00483.1,RF00210,Virus,,697
862,vir_ires_00483.1,ERBV_162-920|Equine rhinitis B virus,,Equine rhinitis B virus,,759
863,vir_ires_00380.1,vir_ires_00380.1,,Virus,,174
863,vir_ires_00380.1,vir_ires_00409.1,,Virus,,174
864,vir_ires_00524.1,vir_ires_00524.1,,Virus,,663
865,"CM000666.2:164188235-164188416 Homo sapiens IRES_Bip Homo sapiens chromosome 4, GRCh38 reference primary assembly.","CM000666.2:164188235-164188416 Homo sapiens IRES_Bip Homo sapiens chromosome 4, GRCh38 reference primary assembly.",RF00223,Homo sapiens (human),,182
866,eIF4G|Homo sapiens,eIF4G|Homo sapiens,,Homo sapiens (human),,357
867,"hsa_ires_00004.1|Homo sapiens (human)|chr2:210,556,599-210,556,772+","hsa_ires_00004.1|Homo sapiens (human)|chr2:210,556,599-210,556,772+",,Homo sapiens (human),"chr2:210,556,599-210,556,772+",174
868,"hsa_ires_00036.1|Homo sapiens (human)|chr2:230,910,963-230,925,207-","hsa_ires_00036.1|Homo sapiens (human)|chr2:230,910,963-230,925,207-",,Homo sapiens (human),"chr2:230,910,963-230,925,207-",174
869,"hsa_ires_00068.1|Homo sapiens (human)|chr7:20,785,763-20,786,822-","hsa_ires_00068.1|Homo sapiens (human)|chr7:20,785,763-20,786,822-",,Homo sapiens (human),"chr7:20,785,763-20,786,822-",174
870,"hsa_ires_00100.1|Homo sapiens (human)|chr12:110,124,709-110,127,380+","hsa_ires_00100.1|Homo sapiens (human)|chr12:110,124,709-110,127,380+",,Homo sapiens (human),"chr12:110,124,709-110,127,380+",174
871,"hsa_ires_00132.1|Homo sapiens (human)|chr19:9,103,133-9,103,306-","hsa_ires_00132.1|Homo sapiens (human)|chr19:9,103,133-9,103,306-",,Homo sapiens (human),"chr19:9,103,133-9,103,306-",174
872,"hsa_ires_00164.1|Homo sapiens (human)|chr1:91,501,193-91,501,716+","hsa_ires_00164.1|Homo sapiens (human)|chr1:91,501,193-91,501,716+",,Homo sapiens (human),"chr1:91,501,193-91,501,716+",174
873,"hsa_ires_00196.1|Homo sapiens (human)|chr11:828,434-828,607+","hsa_ires_00196.1|Homo sapiens (human)|chr11:828,434-828,607+",,Homo sapiens (human),"chr11:828,434-828,607+",174
874,"hsa_ires_00228.1|Homo sapiens (human)|chr16:761,073-762,743+","hsa_ires_00228.1|Homo sapiens (human)|chr16:761,073-762,743+",,Homo sapiens (human),"chr16:761,073-762,743+",174
875,"hsa_ires_00260.1|Homo sapiens (human)|chr8:143,688,044-143,690,108+","hsa_ires_00260.1|Homo sapiens (human)|chr8:143,688,044-143,690,108+",,Homo sapiens (human),"chr8:143,688,044-143,690,108+",174
876,"hsa_ires_00292.1|Homo sapiens (human)|chr2:61,905,668-61,905,841+","hsa_ires_00292.1|Homo sapiens (human)|chr2:61,905,668-61,905,841+",,Homo sapiens (human),"chr2:61,905,668-61,905,841+",174
877,"hsa_ires_00324.1|Homo sapiens (human)|chr1:205,935,761-205,943,460-","hsa_ires_00324.1|Homo sapiens (human)|chr1:205,935,761-205,943,460-",,Homo sapiens (human),"chr1:205,935,761-205,943,460-",174
878,"hsa_ires_00356.1|Homo sapiens (human)|chr3:42,149,362-42,149,535+","hsa_ires_00356.1|Homo sapiens (human)|chr3:42,149,362-42,149,535+",,Homo sapiens (human),"chr3:42,149,362-42,149,535+",174
879,"hsa_ires_00388.1|Homo sapiens (human)|chr9:112,297,835-112,333,561-","hsa_ires_00388.1|Homo sapiens (human)|chr9:112,297,835-112,333,561-",,Homo sapiens (human),"chr9:112,297,835-112,333,561-",174
880,"hsa_ires_00420.1|Homo sapiens (human)|chr2:201,132,965-201,135,975+","hsa_ires_00420.1|Homo sapiens (human)|chr2:201,132,965-201,135,975+",,Homo sapiens (human),"chr2:201,132,965-201,135,975+",174
881,"hsa_ires_00452.1|Homo sapiens (human)|chr20:50,096,717-50,109,042-","hsa_ires_00452.1|Homo sapiens (human)|chr20:50,096,717-50,109,042-",,Homo sapiens (human),"chr20:50,096,717-50,109,042-",174
882,"hsa_ires_00484.1|Homo sapiens (human)|chr21:44,551,332-44,551,505-","hsa_ires_00484.1|Homo sapiens (human)|chr21:44,551,332-44,551,505-",,Homo sapiens (human),"chr21:44,551,332-44,551,505-",174
883,"hsa_ires_00516.1|Homo sapiens (human)|chr1:114,741,665-114,749,985-","hsa_ires_00516.1|Homo sapiens (human)|chr1:114,741,665-114,749,985-",,Homo sapiens (human),"chr1:114,741,665-114,749,985-",174
884,"hsa_ires_00548.1|Homo sapiens (human)|chr12:91,056,282-91,057,909-","hsa_ires_00548.1|Homo sapiens (human)|chr12:91,056,282-91,057,909-",,Homo sapiens (human),"chr12:91,056,282-91,057,909-",174
885,"hsa_ires_00612.1|Homo sapiens (human)|chr22:39,244,116-39,244,511-","hsa_ires_00612.1|Homo sapiens (human)|chr22:39,244,116-39,244,511-",,Homo sapiens (human),"chr22:39,244,116-39,244,511-",396
886,"hsa_ires_00644.1|Homo sapiens (human)|chr4:122,826,845-122,827,009+","hsa_ires_00644.1|Homo sapiens (human)|chr4:122,826,845-122,827,009+",RF00224,Homo sapiens (human),"chr4:122,826,845-122,827,009+",165
887,"hsa_ires_00676.1|Homo sapiens (human)|chr10:74,176,554-74,176,872+","hsa_ires_00676.1|Homo sapiens (human)|chr10:74,176,554-74,176,872+",,Homo sapiens (human),"chr10:74,176,554-74,176,872+",319
888,mmu_ires_00016.1|Mus musculus (house mouse),mmu_ires_00016.1|Mus musculus (house mouse),,Mus musculus (mouse),,694
889,mouse_hsa_ires_00042.1 | chr9:77297295-77297424(+) | RF00461 | IRES_VEGF_A | endothelial growth factor (VEGF) IRES A,mouse_hsa_ires_00042.1 | chr9:77297295-77297424(+) | RF00461 | IRES_VEGF_A | endothelial growth factor (VEGF) IRES A,RF00461,Mus musculus (mouse),chr9:77297295-77297424+,130
889,mouse_hsa_ires_00042.1 | chr9:77297295-77297424(+) | RF00461 | IRES_VEGF_A | endothelial growth factor (VEGF) IRES A,mouse_hsa_ires_00009.1 | chr9:77297295-77297424(+) | RF00461 | IRES_VEGF_A | endothelial growth factor (VEGF) IRES A,RF00461,Mus musculus (mouse),chr9:77297295-77297424+,130
890,mouse_hsa_ires_00486.1 | chr8:119101893-119101984(-) | RF00223 | IRES_Bip | internal ribosome entry site (IRES),mouse_hsa_ires_00486.1 | chr8:119101893-119101984(-) | RF00223 | IRES_Bip | internal ribosome entry site (IRES),RF00223,Mus musculus (mouse),chr8:119101893-119101984-,92
891,idefix|Drosophila melanogaster,idefix|Drosophila melanogaster,,Drosophila melanogaster,,521
892,vir_ires_00069.1,vir_ires_00069.1,,Virus,,174
893,vir_ires_00046.1,vir_ires_00046.1,,Virus,,174
894,vir_ires_00015.1,vir_ires_00015.1,,Virus,,174
895,vir_ires_00236.1,vir_ires_00236.1,,Virus,,174
896,vir_ires_00177.1,vir_ires_00177.1,,Virus,,174
897,vir_ires_00206.1,vir_ires_00206.1,,Virus,,174
898,vir_ires_00048.1,vir_ires_00048.1,,Virus,,174
899,vir_ires_00144.1,vir_ires_00144.1,,Virus,,174
900,vir_ires_00457.1,vir_ires_00457.1,,Virus,,174
901,vir_ires_00262.1,vir_ires_00262.1,,Virus,,174
902,vir_ires_00481.1,vir_ires_00481.1,RF00210,Virus,,419
902,vir_ires_00481.1,"M81861.1:374-830 Encephalomyocarditis virus Ruckert IRES_Picorna_2 Encephalomyocarditis virus polyprotein, complete cds.",RF00210,Virus,,457
903,vir_ires_00003.1,vir_ires_00003.1,,Virus,,174
903,vir_ires_00003.1,vir_ires_00442.1,,Virus,,174
904,vir_ires_00200.1,vir_ires_00200.1,,Virus,,174
905,vir_ires_00150.1,vir_ires_00150.1,,Virus,,174
906,vir_ires_00525.1,vir_ires_00525.1,,Virus,,161
907,eIF4GI-ext|Homo sapiens,eIF4GI-ext|Homo sapiens,,Homo sapiens (human),,196
908,"hsa_ires_00005.1|Homo sapiens (human)|chr5:74,763,743-74,767,087-","hsa_ires_00005.1|Homo sapiens (human)|chr5:74,763,743-74,767,087-",,Homo sapiens (human),"chr5:74,763,743-74,767,087-",174
909,"hsa_ires_00037.1|Homo sapiens (human)|chr4:176,269,049-176,269,222-","hsa_ires_00037.1|Homo sapiens (human)|chr4:176,269,049-176,269,222-",,Homo sapiens (human),"chr4:176,269,049-176,269,222-",174
910,"hsa_ires_00069.1|Homo sapiens (human)|chr6:31,655,894-31,656,067+","hsa_ires_00069.1|Homo sapiens (human)|chr6:31,655,894-31,656,067+",,Homo sapiens (human),"chr6:31,655,894-31,656,067+",174
911,"hsa_ires_00101.1|Homo sapiens (human)|chr14:77,457,318-77,457,491-","hsa_ires_00101.1|Homo sapiens (human)|chr14:77,457,318-77,457,491-",,Homo sapiens (human),"chr14:77,457,318-77,457,491-",174
912,"hsa_ires_00133.1|Homo sapiens (human)|chr8:56,211,756-56,216,454+","hsa_ires_00133.1|Homo sapiens (human)|chr8:56,211,756-56,216,454+",,Homo sapiens (human),"chr8:56,211,756-56,216,454+",174
913,"hsa_ires_00165.1|Homo sapiens (human)|chr11:18,396,374-18,396,547+","hsa_ires_00165.1|Homo sapiens (human)|chr11:18,396,374-18,396,547+",,Homo sapiens (human),"chr11:18,396,374-18,396,547+",174
914,"hsa_ires_00197.1|Homo sapiens (human)|chr12:57,464,690-57,464,863+","hsa_ires_00197.1|Homo sapiens (human)|chr12:57,464,690-57,464,863+",,Homo sapiens (human),"chr12:57,464,690-57,464,863+",174
915,"hsa_ires_00229.1|Homo sapiens (human)|chr13:24,503,709-24,512,810-","hsa_ires_00229.1|Homo sapiens (human)|chr13:24,503,709-24,512,810-",,Homo sapiens (human),"chr13:24,503,709-24,512,810-",174
916,"hsa_ires_00261.1|Homo sapiens (human)|chr22:22,556,833-22,557,006-","hsa_ires_00261.1|Homo sapiens (human)|chr22:22,556,833-22,557,006-",,Homo sapiens (human),"chr22:22,556,833-22,557,006-",174
917,"hsa_ires_00293.1|Homo sapiens (human)|chr19:35,902,480-35,903,367+","hsa_ires_00293.1|Homo sapiens (human)|chr19:35,902,480-35,903,367+",,Homo sapiens (human),"chr19:35,902,480-35,903,367+",174
918,"hsa_ires_00325.1|Homo sapiens (human)|chr1:153,626,473-153,627,251-","hsa_ires_00325.1|Homo sapiens (human)|chr1:153,626,473-153,627,251-",,Homo sapiens (human),"chr1:153,626,473-153,627,251-",174
919,"hsa_ires_00357.1|Homo sapiens (human)|chr10:75,104,077-75,109,161-","hsa_ires_00357.1|Homo sapiens (human)|chr10:75,104,077-75,109,161-",,Homo sapiens (human),"chr10:75,104,077-75,109,161-",174
920,"hsa_ires_00389.1|Homo sapiens (human)|chrX:102,653,740-102,653,913+","hsa_ires_00389.1|Homo sapiens (human)|chrX:102,653,740-102,653,913+",,Homo sapiens (human),"chrX:102,653,740-102,653,913+",174
921,"hsa_ires_00421.1|Homo sapiens (human)|chr17:51,153,536-51,155,697+","hsa_ires_00421.1|Homo sapiens (human)|chr17:51,153,536-51,155,697+",,Homo sapiens (human),"chr17:51,153,536-51,155,697+",174
922,"hsa_ires_00453.1|Homo sapiens (human)|chr3:51,961,241-51,962,050-","hsa_ires_00453.1|Homo sapiens (human)|chr3:51,961,241-51,962,050-",,Homo sapiens (human),"chr3:51,961,241-51,962,050-",174
923,"hsa_ires_00485.1|Homo sapiens (human)|chr7:13,989,053-13,991,208-","hsa_ires_00485.1|Homo sapiens (human)|chr7:13,989,053-13,991,208-",,Homo sapiens (human),"chr7:13,989,053-13,991,208-",174
924,"hsa_ires_00517.1|Homo sapiens (human)|chr7:27,110,641-27,122,612-","hsa_ires_00517.1|Homo sapiens (human)|chr7:27,110,641-27,122,612-",,Homo sapiens (human),"chr7:27,110,641-27,122,612-",174
925,"hsa_ires_00549.1|Homo sapiens (human)|chr12:55,935,312-55,936,503+","hsa_ires_00549.1|Homo sapiens (human)|chr12:55,935,312-55,936,503+",,Homo sapiens (human),"chr12:55,935,312-55,936,503+",174
926,"hsa_ires_00581.1|Homo sapiens (human)|chr2:175,168,177-175,168,206-","hsa_ires_00581.1|Homo sapiens (human)|chr2:175,168,177-175,168,206-",,Homo sapiens (human),"chr2:175,168,177-175,168,206-",30
927,"hsa_ires_00645.1|Homo sapiens (human)|chr8:22,129,171-22,131,052-","hsa_ires_00645.1|Homo sapiens (human)|chr8:22,129,171-22,131,052-",,Homo sapiens (human),"chr8:22,129,171-22,131,052-",665
928,"hsa_ires_00677.1|Homo sapiens (human)|chr17:17,836,818-17,837,003-","hsa_ires_00677.1|Homo sapiens (human)|chr17:17,836,818-17,837,003-",,Homo sapiens (human),"chr17:17,836,818-17,837,003-",186
929,mmu_ires_00017.1|Mus musculus (house mouse),mmu_ires_00017.1|Mus musculus (house mouse),,Mus musculus (mouse),,22
929,mmu_ires_00017.1|Mus musculus (house mouse),Rbm3|Mus musculus,,Mus musculus (mouse),,22
930,KBV_IGRpred|Kashmir bee virus,KBV_IGRpred|Kashmir bee virus,,Kashmir bee virus,,202
930,KBV_IGRpred|Kashmir bee virus,vir_ires_00513.1,,Virus,,219
931,vir_ires_00293.1,vir_ires_00293.1,,Virus,,174
932,vir_ires_00195.1,vir_ires_00195.1,,Virus,,174
933,vir_ires_00357.1,vir_ires_00357.1,,Virus,,174
934,vir_ires_00426.1,vir_ires_00426.1,,Virus,,174
935,vir_ires_00461.1,vir_ires_00461.1,,Virus,,174
936,vir_ires_00327.1,vir_ires_00327.1,,Virus,,174
937,vir_ires_00188.1,vir_ires_00188.1,,Virus,,174
938,vir_ires_00404.1,vir_ires_00404.1,,Virus,,174
939,vir_ires_00145.1,vir_ires_00145.1,,Virus,,174
940,vir_ires_00456.1,vir_ires_00456.1,,Virus,,174
940,vir_ires_00456.1,vir_ires_00455.1,,Virus,,174
941,vir_ires_00295.1,vir_ires_00295.1,,Virus,,174
942,vir_ires_00118.1,vir_ires_00118.1,RF00102,Virus,,174
943,vir_ires_00198.1,vir_ires_00198.1,,Virus,,174
944,vir_ires_00218.1,vir_ires_00218.1,,Virus,,174
945,vir_ires_00431.1,vir_ires_00431.1,,Virus,,174
946,vir_ires_00526.1,vir_ires_00526.1,,Virus,,101
947,eIF4GII|Homo sapiens,eIF4GII|Homo sapiens,,Homo sapiens (human),,256
948,"hsa_ires_00006.1|Homo sapiens (human)|chr6:89,829,900-89,853,221+","hsa_ires_00006.1|Homo sapiens (human)|chr6:89,829,900-89,853,221+",,Homo sapiens (human),"chr6:89,829,900-89,853,221+",174
949,"hsa_ires_00038.1|Homo sapiens (human)|chr11:62,665,706-62,665,879+","hsa_ires_00038.1|Homo sapiens (human)|chr11:62,665,706-62,665,879+",,Homo sapiens (human),"chr11:62,665,706-62,665,879+",174
950,"hsa_ires_00070.1|Homo sapiens (human)|chr3:138,187,553-138,188,527+","hsa_ires_00070.1|Homo sapiens (human)|chr3:138,187,553-138,188,527+",,Homo sapiens (human),"chr3:138,187,553-138,188,527+",174
951,"hsa_ires_00102.1|Homo sapiens (human)|chr5:42,565,701-42,565,874+","hsa_ires_00102.1|Homo sapiens (human)|chr5:42,565,701-42,565,874+",,Homo sapiens (human),"chr5:42,565,701-42,565,874+",174
952,"hsa_ires_00134.1|Homo sapiens (human)|chr1:248,593,595-248,593,768-","hsa_ires_00134.1|Homo sapiens (human)|chr1:248,593,595-248,593,768-",,Homo sapiens (human),"chr1:248,593,595-248,593,768-",174
953,"hsa_ires_00166.1|Homo sapiens (human)|chr8:84,183,460-84,529,321+","hsa_ires_00166.1|Homo sapiens (human)|chr8:84,183,460-84,529,321+",,Homo sapiens (human),"chr8:84,183,460-84,529,321+",174
954,"hsa_ires_00198.1|Homo sapiens (human)|chr15:78,540,405-78,542,189+","hsa_ires_00198.1|Homo sapiens (human)|chr15:78,540,405-78,542,189+",,Homo sapiens (human),"chr15:78,540,405-78,542,189+",174
955,"hsa_ires_00230.1|Homo sapiens (human)|chr3:107,523,089-107,710,460+","hsa_ires_00230.1|Homo sapiens (human)|chr3:107,523,089-107,710,460+",,Homo sapiens (human),"chr3:107,523,089-107,710,460+",174
956,"hsa_ires_00262.1|Homo sapiens (human)|chrX:41,689,083-41,695,633+","hsa_ires_00262.1|Homo sapiens (human)|chrX:41,689,083-41,695,633+",,Homo sapiens (human),"chrX:41,689,083-41,695,633+",174
957,"hsa_ires_00294.1|Homo sapiens (human)|chr16:56,608,566-56,609,047+","hsa_ires_00294.1|Homo sapiens (human)|chr16:56,608,566-56,609,047+",,Homo sapiens (human),"chr16:56,608,566-56,609,047+",174
958,"hsa_ires_00326.1|Homo sapiens (human)|chr10:13,108,181-13,109,122+","hsa_ires_00326.1|Homo sapiens (human)|chr10:13,108,181-13,109,122+",,Homo sapiens (human),"chr10:13,108,181-13,109,122+",174
959,"hsa_ires_00358.1|Homo sapiens (human)|chr12:81,078,030-81,078,203+","hsa_ires_00358.1|Homo sapiens (human)|chr12:81,078,030-81,078,203+",,Homo sapiens (human),"chr12:81,078,030-81,078,203+",174
960,"hsa_ires_00390.1|Homo sapiens (human)|chr5:138,331,181-138,331,730-","hsa_ires_00390.1|Homo sapiens (human)|chr5:138,331,181-138,331,730-",,Homo sapiens (human),"chr5:138,331,181-138,331,730-",174
961,"hsa_ires_00422.1|Homo sapiens (human)|chrX:101,042,290-101,051,678-","hsa_ires_00422.1|Homo sapiens (human)|chrX:101,042,290-101,051,678-",,Homo sapiens (human),"chrX:101,042,290-101,051,678-",174
962,"hsa_ires_00454.1|Homo sapiens (human)|chr17:77,093,309-77,143,596+","hsa_ires_00454.1|Homo sapiens (human)|chr17:77,093,309-77,143,596+",,Homo sapiens (human),"chr17:77,093,309-77,143,596+",174
963,"hsa_ires_00486.1|Homo sapiens (human)|chr16:84,180,303-84,181,331-","hsa_ires_00486.1|Homo sapiens (human)|chr16:84,180,303-84,181,331-",,Homo sapiens (human),"chr16:84,180,303-84,181,331-",174
964,"hsa_ires_00518.1|Homo sapiens (human)|chr19:36,236,267-36,236,440+","hsa_ires_00518.1|Homo sapiens (human)|chr19:36,236,267-36,236,440+",,Homo sapiens (human),"chr19:36,236,267-36,236,440+",174
965,"hsa_ires_00550.1|Homo sapiens (human)|chr7:116,526,414-116,526,587+","hsa_ires_00550.1|Homo sapiens (human)|chr7:116,526,414-116,526,587+",,Homo sapiens (human),"chr7:116,526,414-116,526,587+",174
966,"hsa_ires_00582.1|Homo sapiens (human)|chr17:7,676,252-7,676,594-","hsa_ires_00582.1|Homo sapiens (human)|chr17:7,676,252-7,676,594-",,Homo sapiens (human),"chr17:7,676,252-7,676,594-",117
966,"hsa_ires_00582.1|Homo sapiens (human)|chr17:7,676,252-7,676,594-",p53_128-269|Homo sapiens,,Homo sapiens (human),,142
967,"hsa_ires_00646.1|Homo sapiens (human)|chr12:76,074,220-76,084,685-","hsa_ires_00646.1|Homo sapiens (human)|chr12:76,074,220-76,084,685-",,Homo sapiens (human),"chr12:76,074,220-76,084,685-",139
968,"hsa_ires_00678.1|Homo sapiens (human)|chr19:13,214,299-13,252,996-","hsa_ires_00678.1|Homo sapiens (human)|chr19:13,214,299-13,252,996-",,Homo sapiens (human),"chr19:13,214,299-13,252,996-",1014
969,Apaf-1|Mus musculus,Apaf-1|Mus musculus,,Mus musculus (mouse),,583
970,mmu_ires_00018.1|Mus musculus (house mouse),mmu_ires_00018.1|Mus musculus (house mouse),,Mus musculus (mouse),,207
971,mouse_hsa_ires_00599.1 | chr15:98402262-98402443(+) | RF00226 | IRES_n-myc | internal ribosome entry site (IRES),mouse_hsa_ires_00599.1 | chr15:98402262-98402443(+) | RF00226 | IRES_n-myc | internal ribosome entry site (IRES),RF00226,Mus musculus (mouse),chr15:98402262-98402443+,182
972,"AF009606.1:2-354 Hepatitis C virus H77 Isolate Unknown-AF009606 IRES_HCV Hepatitis C virus subtype 1a polyprotein gene, complete cds.","AF009606.1:2-354 Hepatitis C virus H77 Isolate Unknown-AF009606 IRES_HCV Hepatitis C virus subtype 1a polyprotein gene, complete cds.",RF00061,Virus,,353
972,"AF009606.1:2-354 Hepatitis C virus H77 Isolate Unknown-AF009606 IRES_HCV Hepatitis C virus subtype 1a polyprotein gene, complete cds.",HCV_type_1a|Hepatitis C virus,RF00061,Hepatitis C virus,,383
973,LINE-1_ORF1_-101_to_-1|Mus musculus,LINE-1_ORF1_-101_to_-1|Mus musculus,,Mus musculus (mouse),,101
973,LINE-1_ORF1_-101_to_-1|Mus musculus,LINE-1_ORF1_-101_to_-1|Mus musculus,,Mus musculus (mouse),,101
973,LINE-1_ORF1_-101_to_-1|Mus musculus,LINE-1_ORF1_-101_to_-1|Mus musculus,,Mus musculus (mouse),,101
973,LINE-1_ORF1_-101_to_-1|Mus musculus,LINE-1_ORF1_-101_to_-1|Mus musculus,,Mus musculus (mouse),,101
974,vir_ires_00165.1,vir_ires_00165.1,,Virus,,174
975,vir_ires_00190.1,vir_ires_00190.1,,Virus,,174
976,vir_ires_00300.1,vir_ires_00300.1,,Virus,,174
977,vir_ires_00226.1,vir_ires_00226.1,,Virus,,174
978,vir_ires_00319.1,vir_ires_00319.1,,Virus,,174
979,vir_ires_00400.1,vir_ires_00400.1,,Virus,,174
980,vir_ires_00307.1,vir_ires_00307.1,,Virus,,174
981,vir_ires_00066.1,vir_ires_00066.1,,Virus,,174
981,vir_ires_00066.1,vir_ires_00438.1,,Virus,,174
982,vir_ires_00344.1,vir_ires_00344.1,,Virus,,174
983,vir_ires_00180.1,vir_ires_00180.1,,Virus,,174
984,vir_ires_00350.1,vir_ires_00350.1,,Virus,,174
985,vir_ires_00185.1,vir_ires_00185.1,,Virus,,174
986,vir_ires_00263.1,vir_ires_00263.1,,Virus,,174
987,vir_ires_00100.1,vir_ires_00100.1,,Virus,,174
987,vir_ires_00100.1,vir_ires_00433.1,,Virus,,174
988,vir_ires_00087.1,vir_ires_00087.1,,Virus,,174
989,vir_ires_00527.1,vir_ires_00527.1,,Virus,,153
990,"CM000669.2:129028750-129028891 Homo sapiens ODC_IRES Homo sapiens chromosome 7, GRCh38 reference primary assembly.","CM000669.2:129028750-129028891 Homo sapiens ODC_IRES Homo sapiens chromosome 7, GRCh38 reference primary assembly.",RF02535,Homo sapiens (human),,142
991,eIF4GII-long|Homo sapiens,eIF4GII-long|Homo sapiens,,Homo sapiens (human),,327
992,"hsa_ires_00007.1|Homo sapiens (human)|chr7:32,489,263-32,490,411-","hsa_ires_00007.1|Homo sapiens (human)|chr7:32,489,263-32,490,411-",,Homo sapiens (human),"chr7:32,489,263-32,490,411-",174
993,"hsa_ires_00039.1|Homo sapiens (human)|chr19:38,871,842-38,876,372-","hsa_ires_00039.1|Homo sapiens (human)|chr19:38,871,842-38,876,372-",,Homo sapiens (human),"chr19:38,871,842-38,876,372-",174
994,"hsa_ires_00071.1|Homo sapiens (human)|chr1:205,994,136-205,994,309-","hsa_ires_00071.1|Homo sapiens (human)|chr1:205,994,136-205,994,309-",,Homo sapiens (human),"chr1:205,994,136-205,994,309-",174
995,"hsa_ires_00103.1|Homo sapiens (human)|chr12:23,896,015-23,951,032-","hsa_ires_00103.1|Homo sapiens (human)|chr12:23,896,015-23,951,032-",,Homo sapiens (human),"chr12:23,896,015-23,951,032-",174
996,"hsa_ires_00135.1|Homo sapiens (human)|chr7:129,368,321-129,368,494+","hsa_ires_00135.1|Homo sapiens (human)|chr7:129,368,321-129,368,494+",,Homo sapiens (human),"chr7:129,368,321-129,368,494+",174
997,"hsa_ires_00167.1|Homo sapiens (human)|chr17:43,545,572-43,545,937-","hsa_ires_00167.1|Homo sapiens (human)|chr17:43,545,572-43,545,937-",,Homo sapiens (human),"chr17:43,545,572-43,545,937-",174
998,"hsa_ires_00199.1|Homo sapiens (human)|chr10:73,808,389-73,808,562-","hsa_ires_00199.1|Homo sapiens (human)|chr10:73,808,389-73,808,562-",,Homo sapiens (human),"chr10:73,808,389-73,808,562-",174
999,"hsa_ires_00231.1|Homo sapiens (human)|chr3:49,470,269-49,510,534+","hsa_ires_00231.1|Homo sapiens (human)|chr3:49,470,269-49,510,534+",,Homo sapiens (human),"chr3:49,470,269-49,510,534+",174
1000,"hsa_ires_00263.1|Homo sapiens (human)|chr16:3,065,352-3,065,811+","hsa_ires_00263.1|Homo sapiens (human)|chr16:3,065,352-3,065,811+",,Homo sapiens (human),"chr16:3,065,352-3,065,811+",174
1001,"hsa_ires_00295.1|Homo sapiens (human)|chr21:37,420,201-37,420,374+","hsa_ires_00295.1|Homo sapiens (human)|chr21:37,420,201-37,420,374+",,Homo sapiens (human),"chr21:37,420,201-37,420,374+",174
1002,"hsa_ires_00327.1|Homo sapiens (human)|chr13:98,521,853-98,522,026-","hsa_ires_00327.1|Homo sapiens (human)|chr13:98,521,853-98,522,026-",,Homo sapiens (human),"chr13:98,521,853-98,522,026-",174
1003,"hsa_ires_00359.1|Homo sapiens (human)|chr1:154,970,062-154,974,283-","hsa_ires_00359.1|Homo sapiens (human)|chr1:154,970,062-154,974,283-",,Homo sapiens (human),"chr1:154,970,062-154,974,283-",174
1004,"hsa_ires_00391.1|Homo sapiens (human)|chrX:49,078,094-49,079,905-","hsa_ires_00391.1|Homo sapiens (human)|chrX:49,078,094-49,079,905-",,Homo sapiens (human),"chrX:49,078,094-49,079,905-",174
1005,"hsa_ires_00423.1|Homo sapiens (human)|chr2:169,584,386-169,604,041+","hsa_ires_00423.1|Homo sapiens (human)|chr2:169,584,386-169,604,041+",,Homo sapiens (human),"chr2:169,584,386-169,604,041+",174
1006,"hsa_ires_00455.1|Homo sapiens (human)|chr5:52,800,221-52,800,394+","hsa_ires_00455.1|Homo sapiens (human)|chr5:52,800,221-52,800,394+",,Homo sapiens (human),"chr5:52,800,221-52,800,394+",174
1007,"hsa_ires_00487.1|Homo sapiens (human)|chr6:88,145,275-88,147,774-","hsa_ires_00487.1|Homo sapiens (human)|chr6:88,145,275-88,147,774-",,Homo sapiens (human),"chr6:88,145,275-88,147,774-",174
1008,"hsa_ires_00519.1|Homo sapiens (human)|chr1:111,310,409-111,317,683+","hsa_ires_00519.1|Homo sapiens (human)|chr1:111,310,409-111,317,683+",,Homo sapiens (human),"chr1:111,310,409-111,317,683+",174
1009,"hsa_ires_00551.1|Homo sapiens (human)|chr3:51,995,064-51,995,942-","hsa_ires_00551.1|Homo sapiens (human)|chr3:51,995,064-51,995,942-",,Homo sapiens (human),"chr3:51,995,064-51,995,942-",174
1010,"hsa_ires_00583.1|Homo sapiens (human)|chr20:17,682,064-17,682,243-","hsa_ires_00583.1|Homo sapiens (human)|chr20:17,682,064-17,682,243-",,Homo sapiens (human),"chr20:17,682,064-17,682,243-",180
1011,"hsa_ires_00615.1|Homo sapiens (human)|chr6:31,166,038-31,166,068-","hsa_ires_00615.1|Homo sapiens (human)|chr6:31,166,038-31,166,068-",,Homo sapiens (human),"chr6:31,166,038-31,166,068-",31
1012,"hsa_ires_00647.1|Homo sapiens (human)|chr2:169,798,871-169,798,950+","hsa_ires_00647.1|Homo sapiens (human)|chr2:169,798,871-169,798,950+",,Homo sapiens (human),"chr2:169,798,871-169,798,950+",80
1013,"hsa_ires_00679.1|Homo sapiens (human)|chr19:852,941-853,003+","hsa_ires_00679.1|Homo sapiens (human)|chr19:852,941-853,003+",,Homo sapiens (human),"chr19:852,941-853,003+",63
1014,mmu_ires_00019.1|Mus musculus (house mouse),mmu_ires_00019.1|Mus musculus (house mouse),,Mus musculus (mouse),,125
1015,mouse_hsa_ires_00347.1 | chr6:91690058-91690159(+) | RF00461 | IRES_VEGF_A | endothelial growth factor (VEGF) IRES A,mouse_hsa_ires_00347.1 | chr6:91690058-91690159(+) | RF00461 | IRES_VEGF_A | endothelial growth factor (VEGF) IRES A,RF00461,Mus musculus (mouse),chr6:91690058-91690159+,102
1016,mouse_hsa_ires_00315.1 | chr2:34547521-34547676(-) | RF00261 | IRES_L-myc | internal ribosome entry site (IRES),mouse_hsa_ires_00315.1 | chr2:34547521-34547676(-) | RF00261 | IRES_L-myc | internal ribosome entry site (IRES),RF00261,Mus musculus (mouse),chr2:34547521-34547676-,156
1017,"AF308157.1:595-1057 Foot-and-mouth disease virus - type O  IRES_Picorna_2 Foot-and-mouth disease virus, complete genome.","AF308157.1:595-1057 Foot-and-mouth disease virus - type O  IRES_Picorna_2 Foot-and-mouth disease virus, complete genome.",RF00210,Virus,,463
1018,CrPV_5NCR|Cricket paralysis virus,CrPV_5NCR|Cricket paralysis virus,,Cricket paralysis virus,,708
1018,CrPV_5NCR|Cricket paralysis virus,CrPV_5NCR|Cricket paralysis virus,,Cricket paralysis virus,,708
1019,vir_ires_00238.1,vir_ires_00238.1,,Virus,,174
1020,vir_ires_00284.1,vir_ires_00284.1,,Virus,,174
1021,vir_ires_00052.1,vir_ires_00052.1,,Virus,,174
1022,vir_ires_00139.1,vir_ires_00139.1,,Virus,,174
1023,vir_ires_00225.1,vir_ires_00225.1,,Virus,,174
1024,vir_ires_00142.1,vir_ires_00142.1,,Virus,,174
1025,vir_ires_00458.1,vir_ires_00458.1,,Virus,,174
1026,vir_ires_00079.1,vir_ires_00079.1,,Virus,,174
1027,vir_ires_00113.1,vir_ires_00113.1,,Virus,,174
1028,vir_ires_00292.1,vir_ires_00292.1,,Virus,,174
1029,vir_ires_00413.1,vir_ires_00413.1,,Virus,,174
1030,vir_ires_00330.1,vir_ires_00330.1,,Virus,,174
1031,vir_ires_00174.1,vir_ires_00174.1,RF00229,Virus,,174
1032,vir_ires_00172.1,vir_ires_00172.1,,Virus,,174
1033,vir_ires_00108.1,vir_ires_00108.1,,Virus,,174
1034,vir_ires_00320.1,vir_ires_00320.1,,Virus,,174
1035,vir_ires_00528.1,vir_ires_00528.1,,Virus,,143
1036,ELG1|Homo sapiens,ELG1|Homo sapiens,,Homo sapiens (human),,460
1036,ELG1|Homo sapiens,hsa_ires_00619.1|Homo sapiens (human)|NA,,Homo sapiens (human),Homo sapiens human,485
1037,"hsa_ires_00008.1|Homo sapiens (human)|chr19:48,575,741-48,575,914+","hsa_ires_00008.1|Homo sapiens (human)|chr19:48,575,741-48,575,914+",,Homo sapiens (human),"chr19:48,575,741-48,575,914+",174
1038,"hsa_ires_00040.1|Homo sapiens (human)|chr6:4,133,615-4,135,597-","hsa_ires_00040.1|Homo sapiens (human)|chr6:4,133,615-4,135,597-",,Homo sapiens (human),"chr6:4,133,615-4,135,597-",174
1039,"hsa_ires_00072.1|Homo sapiens (human)|chr1:113,953,877-113,954,743+","hsa_ires_00072.1|Homo sapiens (human)|chr1:113,953,877-113,954,743+",,Homo sapiens (human),"chr1:113,953,877-113,954,743+",174
1040,"hsa_ires_00104.1|Homo sapiens (human)|chr22:21,549,447-21,549,620+","hsa_ires_00104.1|Homo sapiens (human)|chr22:21,549,447-21,549,620+",,Homo sapiens (human),"chr22:21,549,447-21,549,620+",174
1041,"hsa_ires_00136.1|Homo sapiens (human)|chr11:57,789,076-57,791,478+","hsa_ires_00136.1|Homo sapiens (human)|chr11:57,789,076-57,791,478+",,Homo sapiens (human),"chr11:57,789,076-57,791,478+",174
1042,"hsa_ires_00168.1|Homo sapiens (human)|chr11:59,107,254-59,109,625+","hsa_ires_00168.1|Homo sapiens (human)|chr11:59,107,254-59,109,625+",,Homo sapiens (human),"chr11:59,107,254-59,109,625+",174
1043,"hsa_ires_00200.1|Homo sapiens (human)|chr22:39,901,171-39,947,106+","hsa_ires_00200.1|Homo sapiens (human)|chr22:39,901,171-39,947,106+",,Homo sapiens (human),"chr22:39,901,171-39,947,106+",174
1044,"hsa_ires_00232.1|Homo sapiens (human)|chr19:40,348,649-40,366,483+","hsa_ires_00232.1|Homo sapiens (human)|chr19:40,348,649-40,366,483+",,Homo sapiens (human),"chr19:40,348,649-40,366,483+",174
1045,"hsa_ires_00264.1|Homo sapiens (human)|chr6:33,417,669-33,417,984-","hsa_ires_00264.1|Homo sapiens (human)|chr6:33,417,669-33,417,984-",,Homo sapiens (human),"chr6:33,417,669-33,417,984-",174
1046,"hsa_ires_00296.1|Homo sapiens (human)|chr11:5,596,843-5,605,342+","hsa_ires_00296.1|Homo sapiens (human)|chr11:5,596,843-5,605,342+",,Homo sapiens (human),"chr11:5,596,843-5,605,342+",174
1047,"hsa_ires_00328.1|Homo sapiens (human)|chr12:110,496,105-110,502,111-","hsa_ires_00328.1|Homo sapiens (human)|chr12:110,496,105-110,502,111-",,Homo sapiens (human),"chr12:110,496,105-110,502,111-",174
1048,"hsa_ires_00360.1|Homo sapiens (human)|chr2:181,457,481-181,457,654+","hsa_ires_00360.1|Homo sapiens (human)|chr2:181,457,481-181,457,654+",,Homo sapiens (human),"chr2:181,457,481-181,457,654+",174
1049,"hsa_ires_00392.1|Homo sapiens (human)|chr16:70,523,381-70,523,554-","hsa_ires_00392.1|Homo sapiens (human)|chr16:70,523,381-70,523,554-",,Homo sapiens (human),"chr16:70,523,381-70,523,554-",174
1050,"hsa_ires_00424.1|Homo sapiens (human)|chr14:77,708,071-77,710,873+","hsa_ires_00424.1|Homo sapiens (human)|chr14:77,708,071-77,710,873+",,Homo sapiens (human),"chr14:77,708,071-77,710,873+",174
1051,"hsa_ires_00456.1|Homo sapiens (human)|chr14:87,993,492-87,993,665-","hsa_ires_00456.1|Homo sapiens (human)|chr14:87,993,492-87,993,665-",,Homo sapiens (human),"chr14:87,993,492-87,993,665-",174
1052,"hsa_ires_00488.1|Homo sapiens (human)|chr9:15,211,385-15,249,967-","hsa_ires_00488.1|Homo sapiens (human)|chr9:15,211,385-15,249,967-",,Homo sapiens (human),"chr9:15,211,385-15,249,967-",174
1053,"hsa_ires_00520.1|Homo sapiens (human)|chr3:63,443,272-63,443,445+","hsa_ires_00520.1|Homo sapiens (human)|chr3:63,443,272-63,443,445+",,Homo sapiens (human),"chr3:63,443,272-63,443,445+",174
1054,"hsa_ires_00552.1|Homo sapiens (human)|chr12:10,130,083-10,130,256-","hsa_ires_00552.1|Homo sapiens (human)|chr12:10,130,083-10,130,256-",,Homo sapiens (human),"chr12:10,130,083-10,130,256-",174
1055,"hsa_ires_00584.1|Homo sapiens (human)|chr2:102,337,250-102,338,264+","hsa_ires_00584.1|Homo sapiens (human)|chr2:102,337,250-102,338,264+",,Homo sapiens (human),"chr2:102,337,250-102,338,264+",237
1056,"hsa_ires_00616.1|Homo sapiens (human)|chr6:43,770,953-43,771,246+","hsa_ires_00616.1|Homo sapiens (human)|chr6:43,770,953-43,771,246+",,Homo sapiens (human),"chr6:43,770,953-43,771,246+",294
1056,"hsa_ires_00616.1|Homo sapiens (human)|chr6:43,770,953-43,771,246+","CM000668.2:43770953-43771261 Homo sapiens IRES_VEGF_A Homo sapiens chromosome 6, GRCh38 reference primary assembly.",,Homo sapiens (human),,309
1057,"hsa_ires_00648.1|Homo sapiens (human)|chr2:169,799,178-169,800,960+","hsa_ires_00648.1|Homo sapiens (human)|chr2:169,799,178-169,800,960+",,Homo sapiens (human),"chr2:169,799,178-169,800,960+",348
1058,"hsa_ires_00680.1|Homo sapiens (human)|chr13:21,671,818-21,671,912+","hsa_ires_00680.1|Homo sapiens (human)|chr13:21,671,818-21,671,912+",,Homo sapiens (human),"chr13:21,671,818-21,671,912+",95
1059,mmu_ires_00020.1|Mus musculus (house mouse),mmu_ires_00020.1|Mus musculus (house mouse),,Mus musculus (mouse),,489
1060,X96871.1:402-893 Equine rhinitis B virus 1 P1436 /71 IRES_Picorna_2 Equine Rhinovirus type 2 genomic sequence,X96871.1:402-893 Equine rhinitis B virus 1 P1436 /71 IRES_Picorna_2 Equine Rhinovirus type 2 genomic sequence,RF00210,Virus,,492
1061,vir_ires_00181.1,vir_ires_00181.1,,Virus,,174
1061,vir_ires_00181.1,vir_ires_00058.1,,Virus,,174
1062,vir_ires_00056.1,vir_ires_00056.1,,Virus,,174
1063,vir_ires_00449.1,vir_ires_00449.1,,Virus,,174
1063,vir_ires_00449.1,vir_ires_00385.1,,Virus,,174
1064,vir_ires_00509.1,vir_ires_00509.1,,Virus,,252
1065,vir_ires_00065.1,vir_ires_00065.1,,Virus,,174
1066,vir_ires_00273.1,vir_ires_00273.1,RF00210,Virus,,174
1067,vir_ires_00278.1,vir_ires_00278.1,,Virus,,174
1068,vir_ires_00336.1,vir_ires_00336.1,,Virus,,174
1069,vir_ires_00091.1,vir_ires_00091.1,,Virus,,174
1070,vir_ires_00348.1,vir_ires_00348.1,,Virus,,174
1070,vir_ires_00348.1,IAPV_IGRpred|Israel acute paralysis virus of bees,,Israel acute paralysis virus of bees,,199
1071,vir_ires_00220.1,vir_ires_00220.1,,Virus,,174
1072,vir_ires_00202.1,vir_ires_00202.1,,Virus,,174
1073,vir_ires_00452.1,vir_ires_00452.1,,Virus,,174
1073,vir_ires_00452.1,vir_ires_00028.1,,Virus,,174
1074,vir_ires_00249.1,vir_ires_00249.1,,Virus,,174
1075,vir_ires_00122.1,vir_ires_00122.1,,Virus,,174
1076,"CM000667.2:109052656-109052458 Homo sapiens IRES_Cx43 Homo sapiens chromosome 5, GRCh38 reference primary assembly.","CM000667.2:109052656-109052458 Homo sapiens IRES_Cx43 Homo sapiens chromosome 5, GRCh38 reference primary assembly.",RF00487,Homo sapiens (human),,199
1076,"CM000667.2:109052656-109052458 Homo sapiens IRES_Cx43 Homo sapiens chromosome 5, GRCh38 reference primary assembly.","CM000668.2:121435649-121435848 Homo sapiens IRES_Cx43 Homo sapiens chromosome 6, GRCh38 reference primary assembly.",RF00487,Homo sapiens (human),,200
1077,FGF1A|Homo sapiens,FGF1A|Homo sapiens,,Homo sapiens (human),,434
1078,"hsa_ires_00009.1|Homo sapiens (human)|chr6:53,070,973-53,073,483+","hsa_ires_00009.1|Homo sapiens (human)|chr6:53,070,973-53,073,483+",,Homo sapiens (human),"chr6:53,070,973-53,073,483+",174
1079,"hsa_ires_00041.1|Homo sapiens (human)|chr17:41,586,722-41,586,895-","hsa_ires_00041.1|Homo sapiens (human)|chr17:41,586,722-41,586,895-",,Homo sapiens (human),"chr17:41,586,722-41,586,895-",174
1080,"hsa_ires_00073.1|Homo sapiens (human)|chr1:155,172,827-155,173,328-","hsa_ires_00073.1|Homo sapiens (human)|chr1:155,172,827-155,173,328-",,Homo sapiens (human),"chr1:155,172,827-155,173,328-",174
1081,"hsa_ires_00105.1|Homo sapiens (human)|chr4:121,164,126-121,164,299-","hsa_ires_00105.1|Homo sapiens (human)|chr4:121,164,126-121,164,299-",,Homo sapiens (human),"chr4:121,164,126-121,164,299-",174
1082,"hsa_ires_00137.1|Homo sapiens (human)|chr3:98,132,698-98,132,871+","hsa_ires_00137.1|Homo sapiens (human)|chr3:98,132,698-98,132,871+",,Homo sapiens (human),"chr3:98,132,698-98,132,871+",174
1083,"hsa_ires_00169.1|Homo sapiens (human)|chr22:17,743,936-17,774,665-","hsa_ires_00169.1|Homo sapiens (human)|chr22:17,743,936-17,774,665-",,Homo sapiens (human),"chr22:17,743,936-17,774,665-",174
1084,"hsa_ires_00201.1|Homo sapiens (human)|chr11:73,648,877-73,649,050+","hsa_ires_00201.1|Homo sapiens (human)|chr11:73,648,877-73,649,050+",,Homo sapiens (human),"chr11:73,648,877-73,649,050+",174
1085,"hsa_ires_00233.1|Homo sapiens (human)|chrX:131,058,413-131,081,665+","hsa_ires_00233.1|Homo sapiens (human)|chrX:131,058,413-131,081,665+",,Homo sapiens (human),"chrX:131,058,413-131,081,665+",174
1086,"hsa_ires_00265.1|Homo sapiens (human)|chr17:82,449,255-82,450,785-","hsa_ires_00265.1|Homo sapiens (human)|chr17:82,449,255-82,450,785-",,Homo sapiens (human),"chr17:82,449,255-82,450,785-",174
1087,"hsa_ires_00297.1|Homo sapiens (human)|chrX:149,884,024-149,884,272+","hsa_ires_00297.1|Homo sapiens (human)|chrX:149,884,024-149,884,272+",,Homo sapiens (human),"chrX:149,884,024-149,884,272+",174
1088,"hsa_ires_00329.1|Homo sapiens (human)|chr9:101,371,405-101,384,969-","hsa_ires_00329.1|Homo sapiens (human)|chr9:101,371,405-101,384,969-",,Homo sapiens (human),"chr9:101,371,405-101,384,969-",174
1089,"hsa_ires_00361.1|Homo sapiens (human)|chr1:179,592,442-179,592,615+","hsa_ires_00361.1|Homo sapiens (human)|chr1:179,592,442-179,592,615+",,Homo sapiens (human),"chr1:179,592,442-179,592,615+",174
1090,"hsa_ires_00393.1|Homo sapiens (human)|chr8:144,851,296-144,853,066-","hsa_ires_00393.1|Homo sapiens (human)|chr8:144,851,296-144,853,066-",,Homo sapiens (human),"chr8:144,851,296-144,853,066-",174
1091,"hsa_ires_00425.1|Homo sapiens (human)|chr1:6,385,650-6,385,823-","hsa_ires_00425.1|Homo sapiens (human)|chr1:6,385,650-6,385,823-",,Homo sapiens (human),"chr1:6,385,650-6,385,823-",174
1092,"hsa_ires_00457.1|Homo sapiens (human)|chr20:508,552-527,997-","hsa_ires_00457.1|Homo sapiens (human)|chr20:508,552-527,997-",,Homo sapiens (human),"chr20:508,552-527,997-",174
1093,"hsa_ires_00489.1|Homo sapiens (human)|chr17:19,745,130-19,748,427-","hsa_ires_00489.1|Homo sapiens (human)|chr17:19,745,130-19,748,427-",,Homo sapiens (human),"chr17:19,745,130-19,748,427-",174
1094,"hsa_ires_00521.1|Homo sapiens (human)|chr2:215,435,803-215,435,976-","hsa_ires_00521.1|Homo sapiens (human)|chr2:215,435,803-215,435,976-",,Homo sapiens (human),"chr2:215,435,803-215,435,976-",174
1095,"hsa_ires_00553.1|Homo sapiens (human)|chr7:129,630,078-129,657,425+","hsa_ires_00553.1|Homo sapiens (human)|chr7:129,630,078-129,657,425+",,Homo sapiens (human),"chr7:129,630,078-129,657,425+",174
1096,"hsa_ires_00585.1|Homo sapiens (human)|chr15:98,649,488-98,649,581+","hsa_ires_00585.1|Homo sapiens (human)|chr15:98,649,488-98,649,581+",,Homo sapiens (human),"chr15:98,649,488-98,649,581+",94
1097,hsa_ires_00617.1|Homo sapiens (human)|chr8:130358143-130358298-,hsa_ires_00617.1|Homo sapiens (human)|chr8:130358143-130358298-,,Homo sapiens (human),chr8:130358143-130358298-,156
1098,"hsa_ires_00649.1|Homo sapiens (human)|chr1:85,580,865-85,580,984+","hsa_ires_00649.1|Homo sapiens (human)|chr1:85,580,865-85,580,984+",,Homo sapiens (human),"chr1:85,580,865-85,580,984+",120
1099,"hsa_ires_00681.1|Homo sapiens (human)|chr7:135,927,559-135,927,656-","hsa_ires_00681.1|Homo sapiens (human)|chr7:135,927,559-135,927,656-",,Homo sapiens (human),"chr7:135,927,559-135,927,656-",98
1100,mmu_ires_00021.1|Mus musculus (house mouse),mmu_ires_00021.1|Mus musculus (house mouse),,Mus musculus (mouse),,212
1101,"AF218039.1:6028-6223 Cricket paralysis virus (isolate Teleogryllus commodus/Australia/CrPVVIC/1968) IRES_Cripavirus Cricket paralysis virus nonstructural polyprotein and structural polyprotein genes, complete cds.","AF218039.1:6028-6223 Cricket paralysis virus (isolate Teleogryllus commodus/Australia/CrPVVIC/1968) IRES_Cripavirus Cricket paralysis virus nonstructural polyprotein and structural polyprotein genes, complete cds.",,Virus,,196
1101,"AF218039.1:6028-6223 Cricket paralysis virus (isolate Teleogryllus commodus/Australia/CrPVVIC/1968) IRES_Cripavirus Cricket paralysis virus nonstructural polyprotein and structural polyprotein genes, complete cds.",vir_ires_00474.1,,Virus,,211
1102,vir_ires_00335.1,vir_ires_00335.1,,Virus,,174
1103,vir_ires_00475.1,vir_ires_00475.1,,Virus,,232
1104,vir_ires_00371.1,vir_ires_00371.1,,Virus,,174
1105,vir_ires_00372.1,vir_ires_00372.1,,Virus,,174
1106,vir_ires_00324.1,vir_ires_00324.1,,Virus,,174
1107,vir_ires_00427.1,vir_ires_00427.1,,Virus,,174
1108,vir_ires_00393.1,vir_ires_00393.1,,Virus,,174
1109,vir_ires_00472.1,vir_ires_00472.1,RF00209,Virus,,334
1109,vir_ires_00472.1,CSFV|Classical swine fever virus - C,,Classical swine fever virus - C,,373
1110,vir_ires_00211.1,vir_ires_00211.1,,Virus,,174
1111,vir_ires_00471.1,vir_ires_00471.1,,Virus,,518
1112,vir_ires_00099.1,vir_ires_00099.1,,Virus,,174
1113,vir_ires_00402.1,vir_ires_00402.1,,Virus,,174
1114,vir_ires_00401.1,vir_ires_00401.1,,Virus,,174
1115,vir_ires_00205.1,vir_ires_00205.1,,Virus,,174
1116,vir_ires_00286.1,vir_ires_00286.1,,Virus,,174
1117,vir_ires_00530.1,vir_ires_00530.1,,Virus,,297
1118,"hsa_ires_00010.1|Homo sapiens (human)|chr12:57,487,953-57,488,126+","hsa_ires_00010.1|Homo sapiens (human)|chr12:57,487,953-57,488,126+",,Homo sapiens (human),"chr12:57,487,953-57,488,126+",174
1119,"hsa_ires_00042.1|Homo sapiens (human)|chr6:53,655,240-53,665,708-","hsa_ires_00042.1|Homo sapiens (human)|chr6:53,655,240-53,665,708-",,Homo sapiens (human),"chr6:53,655,240-53,665,708-",174
1120,"hsa_ires_00074.1|Homo sapiens (human)|chr5:139,389,743-139,389,916-","hsa_ires_00074.1|Homo sapiens (human)|chr5:139,389,743-139,389,916-",,Homo sapiens (human),"chr5:139,389,743-139,389,916-",174
1121,"hsa_ires_00106.1|Homo sapiens (human)|chr19:13,116,400-13,116,573-","hsa_ires_00106.1|Homo sapiens (human)|chr19:13,116,400-13,116,573-",,Homo sapiens (human),"chr19:13,116,400-13,116,573-",174
1122,"hsa_ires_00138.1|Homo sapiens (human)|chr19:51,341,874-51,342,124-","hsa_ires_00138.1|Homo sapiens (human)|chr19:51,341,874-51,342,124-",,Homo sapiens (human),"chr19:51,341,874-51,342,124-",174
1123,"hsa_ires_00170.1|Homo sapiens (human)|chr12:52,493,189-52,493,362-","hsa_ires_00170.1|Homo sapiens (human)|chr12:52,493,189-52,493,362-",,Homo sapiens (human),"chr12:52,493,189-52,493,362-",174
1124,"hsa_ires_00202.1|Homo sapiens (human)|chr17:3,777,620-3,801,243-","hsa_ires_00202.1|Homo sapiens (human)|chr17:3,777,620-3,801,243-",,Homo sapiens (human),"chr17:3,777,620-3,801,243-",174
1125,"hsa_ires_00234.1|Homo sapiens (human)|chr12:57,547,064-57,547,237-","hsa_ires_00234.1|Homo sapiens (human)|chr12:57,547,064-57,547,237-",,Homo sapiens (human),"chr12:57,547,064-57,547,237-",174
1126,"hsa_ires_00266.1|Homo sapiens (human)|chr17:9,905,181-9,905,354-","hsa_ires_00266.1|Homo sapiens (human)|chr17:9,905,181-9,905,354-",,Homo sapiens (human),"chr17:9,905,181-9,905,354-",174
1127,"hsa_ires_00298.1|Homo sapiens (human)|chrX:109,536,833-109,537,006+","hsa_ires_00298.1|Homo sapiens (human)|chrX:109,536,833-109,537,006+",,Homo sapiens (human),"chrX:109,536,833-109,537,006+",174
1128,"hsa_ires_00330.1|Homo sapiens (human)|chr17:44,847,979-44,848,152+","hsa_ires_00330.1|Homo sapiens (human)|chr17:44,847,979-44,848,152+",,Homo sapiens (human),"chr17:44,847,979-44,848,152+",174
1129,"hsa_ires_00362.1|Homo sapiens (human)|chr8:17,697,378-17,697,551-","hsa_ires_00362.1|Homo sapiens (human)|chr8:17,697,378-17,697,551-",,Homo sapiens (human),"chr8:17,697,378-17,697,551-",174
1130,"hsa_ires_00394.1|Homo sapiens (human)|chr1:40,247,901-40,248,074+","hsa_ires_00394.1|Homo sapiens (human)|chr1:40,247,901-40,248,074+",,Homo sapiens (human),"chr1:40,247,901-40,248,074+",174
1131,hsa_ires_00426.1|Homo sapiens (human)|NA,hsa_ires_00426.1|Homo sapiens (human)|NA,,Homo sapiens (human),Homo sapiens human,174
1132,"hsa_ires_00458.1|Homo sapiens (human)|chr19:55,642,335-55,642,508+","hsa_ires_00458.1|Homo sapiens (human)|chr19:55,642,335-55,642,508+",,Homo sapiens (human),"chr19:55,642,335-55,642,508+",174
1133,"hsa_ires_00490.1|Homo sapiens (human)|chr14:20,688,777-20,699,426+","hsa_ires_00490.1|Homo sapiens (human)|chr14:20,688,777-20,699,426+",,Homo sapiens (human),"chr14:20,688,777-20,699,426+",174
1134,"hsa_ires_00522.1|Homo sapiens (human)|chr1:112,929,309-112,956,164-","hsa_ires_00522.1|Homo sapiens (human)|chr1:112,929,309-112,956,164-",,Homo sapiens (human),"chr1:112,929,309-112,956,164-",174
1135,"hsa_ires_00554.1|Homo sapiens (human)|chr1:69,760,175-69,760,348+","hsa_ires_00554.1|Homo sapiens (human)|chr1:69,760,175-69,760,348+",,Homo sapiens (human),"chr1:69,760,175-69,760,348+",174
1136,"hsa_ires_00586.1|Homo sapiens (human)|chr2:15,941,965-15,942,064+","hsa_ires_00586.1|Homo sapiens (human)|chr2:15,941,965-15,942,064+",RF00226,Homo sapiens (human),"chr2:15,941,965-15,942,064+",100
1137,hsa_ires_00618.1|Homo sapiens (human)|NA,hsa_ires_00618.1|Homo sapiens (human)|NA,,Homo sapiens (human),Homo sapiens human,149
1137,hsa_ires_00618.1|Homo sapiens (human)|NA,MYT2_997-1152|Homo sapiens,,Homo sapiens (human),,156
1138,"hsa_ires_00650.1|Homo sapiens (human)|chr19:7,294,162-7,294,342-","hsa_ires_00650.1|Homo sapiens (human)|chr19:7,294,162-7,294,342-",,Homo sapiens (human),"chr19:7,294,162-7,294,342-",181
1139,"hsa_ires_00682.1|Homo sapiens (human)|chr8:11,704,244-11,708,312+","hsa_ires_00682.1|Homo sapiens (human)|chr8:11,704,244-11,708,312+",,Homo sapiens (human),"chr8:11,704,244-11,708,312+",518
1140,mmu_ires_00022.1|Mus musculus (house mouse),mmu_ires_00022.1|Mus musculus (house mouse),,Mus musculus (mouse),,300
1141,mouse_hsa_ires_00416.1 | chr6:82743830-82743966(-) | RF00461 | IRES_VEGF_A | endothelial growth factor (VEGF) IRES A,mouse_hsa_ires_00416.1 | chr6:82743830-82743966(-) | RF00461 | IRES_VEGF_A | endothelial growth factor (VEGF) IRES A,RF00461,Mus musculus (mouse),chr6:82743830-82743966-,137
1141,mouse_hsa_ires_00416.1 | chr6:82743830-82743966(-) | RF00461 | IRES_VEGF_A | endothelial growth factor (VEGF) IRES A,mouse_hsa_ires_00207.1 | chr6:82967561-82967697(-) | RF00461 | IRES_VEGF_A | endothelial growth factor (VEGF) IRES A,RF00461,Mus musculus (mouse),chr6:82967561-82967697-,137
1142,mouse_hsa_ires_00252.1 | chr1:166831103-166831128(+) | RF00226 | IRES_n-myc | internal ribosome entry site (IRES),mouse_hsa_ires_00252.1 | chr1:166831103-166831128(+) | RF00226 | IRES_n-myc | internal ribosome entry site (IRES),RF00226,Mus musculus (mouse),chr1:166831103-166831128+,26
1143,PSIV_IGR|Plautia stali intestine virus,PSIV_IGR|Plautia stali intestine virus,,Plautia stali intestine virus,,145
1144,vir_ires_00334.1,vir_ires_00334.1,,Virus,,174
1145,vir_ires_00229.1,vir_ires_00229.1,,Virus,,174
1146,vir_ires_00092.1,vir_ires_00092.1,,Virus,,174
1147,vir_ires_00133.1,vir_ires_00133.1,,Virus,,174
1148,vir_ires_00084.1,vir_ires_00084.1,,Virus,,174
1149,vir_ires_00064.1,vir_ires_00064.1,,Virus,,174
1150,vir_ires_00294.1,vir_ires_00294.1,,Virus,,174
1151,vir_ires_00479.1,vir_ires_00479.1,,Virus,,77
1152,vir_ires_00430.1,vir_ires_00430.1,,Virus,,174
1153,vir_ires_00341.1,vir_ires_00341.1,,Virus,,174
1153,vir_ires_00341.1,vir_ires_00440.1,,Virus,,174
1154,vir_ires_00498.1,vir_ires_00498.1,RF00210,Virus,,432
1155,vir_ires_00112.1,vir_ires_00112.1,,Virus,,174
1156,vir_ires_00102.1,vir_ires_00102.1,,Virus,,174
1156,vir_ires_00102.1,vir_ires_00101.1,,Virus,,174
1157,vir_ires_00031.1,vir_ires_00031.1,,Virus,,174
1158,vir_ires_00531.1,vir_ires_00531.1,,Virus,,739
1159,"CM000667.2:142697800-142697634 Homo sapiens IRES_FGF1 Homo sapiens chromosome 5, GRCh38 reference primary assembly.","CM000667.2:142697800-142697634 Homo sapiens IRES_FGF1 Homo sapiens chromosome 5, GRCh38 reference primary assembly.",RF00387,Homo sapiens (human),,167
1160,hSNM1|Homo sapiens,hSNM1|Homo sapiens,,Homo sapiens (human),,918
1160,hSNM1|Homo sapiens,"hsa_ires_00603.1|Homo sapiens (human)|chr10:113,853,183-113,854,100-",,Homo sapiens (human),"chr10:113,853,183-113,854,100-",918
1161,"hsa_ires_00011.1|Homo sapiens (human)|chr7:134,658,556-134,661,507+","hsa_ires_00011.1|Homo sapiens (human)|chr7:134,658,556-134,661,507+",,Homo sapiens (human),"chr7:134,658,556-134,661,507+",174
1162,"hsa_ires_00043.1|Homo sapiens (human)|chr12:56,333,095-56,333,546-","hsa_ires_00043.1|Homo sapiens (human)|chr12:56,333,095-56,333,546-",,Homo sapiens (human),"chr12:56,333,095-56,333,546-",174
1163,"hsa_ires_00075.1|Homo sapiens (human)|chr5:134,758,771-134,758,944+","hsa_ires_00075.1|Homo sapiens (human)|chr5:134,758,771-134,758,944+",,Homo sapiens (human),"chr5:134,758,771-134,758,944+",174
1164,"hsa_ires_00107.1|Homo sapiens (human)|chr3:44,712,724-44,720,261+","hsa_ires_00107.1|Homo sapiens (human)|chr3:44,712,724-44,720,261+",,Homo sapiens (human),"chr3:44,712,724-44,720,261+",174
1165,"hsa_ires_00139.1|Homo sapiens (human)|chr1:158,766,509-158,766,682-","hsa_ires_00139.1|Homo sapiens (human)|chr1:158,766,509-158,766,682-",,Homo sapiens (human),"chr1:158,766,509-158,766,682-",174
1166,"hsa_ires_00171.1|Homo sapiens (human)|chr2:27,583,685-27,598,208+","hsa_ires_00171.1|Homo sapiens (human)|chr2:27,583,685-27,598,208+",,Homo sapiens (human),"chr2:27,583,685-27,598,208+",174
1167,"hsa_ires_00203.1|Homo sapiens (human)|chr18:56,638,441-56,638,614-","hsa_ires_00203.1|Homo sapiens (human)|chr18:56,638,441-56,638,614-",,Homo sapiens (human),"chr18:56,638,441-56,638,614-",174
1168,"hsa_ires_00235.1|Homo sapiens (human)|chr15:50,908,853-50,915,450+","hsa_ires_00235.1|Homo sapiens (human)|chr15:50,908,853-50,915,450+",,Homo sapiens (human),"chr15:50,908,853-50,915,450+",174
1169,"hsa_ires_00267.1|Homo sapiens (human)|chr3:122,559,621-122,564,195-","hsa_ires_00267.1|Homo sapiens (human)|chr3:122,559,621-122,564,195-",,Homo sapiens (human),"chr3:122,559,621-122,564,195-",174
1170,"hsa_ires_00299.1|Homo sapiens (human)|chr3:49,748,041-49,785,715-","hsa_ires_00299.1|Homo sapiens (human)|chr3:49,748,041-49,785,715-",,Homo sapiens (human),"chr3:49,748,041-49,785,715-",174
1171,"hsa_ires_00331.1|Homo sapiens (human)|chr12:111,686,079-111,692,709+","hsa_ires_00331.1|Homo sapiens (human)|chr12:111,686,079-111,692,709+",,Homo sapiens (human),"chr12:111,686,079-111,692,709+",174
1172,"hsa_ires_00363.1|Homo sapiens (human)|chr17:83,048,686-83,051,810-","hsa_ires_00363.1|Homo sapiens (human)|chr17:83,048,686-83,051,810-",,Homo sapiens (human),"chr17:83,048,686-83,051,810-",174
1173,"hsa_ires_00395.1|Homo sapiens (human)|chr12:26,936,804-26,937,958-","hsa_ires_00395.1|Homo sapiens (human)|chr12:26,936,804-26,937,958-",,Homo sapiens (human),"chr12:26,936,804-26,937,958-",174
1174,"hsa_ires_00427.1|Homo sapiens (human)|chr17:7,252,241-7,252,502+","hsa_ires_00427.1|Homo sapiens (human)|chr17:7,252,241-7,252,502+",,Homo sapiens (human),"chr17:7,252,241-7,252,502+",174
1175,"hsa_ires_00459.1|Homo sapiens (human)|chr18:49,491,572-49,491,745-","hsa_ires_00459.1|Homo sapiens (human)|chr18:49,491,572-49,491,745-",RF00151,Homo sapiens (human),"chr18:49,491,572-49,491,745-",174
1176,"hsa_ires_00491.1|Homo sapiens (human)|chr11:117,918,832-117,929,453-","hsa_ires_00491.1|Homo sapiens (human)|chr11:117,918,832-117,929,453-",,Homo sapiens (human),"chr11:117,918,832-117,929,453-",174
1177,"hsa_ires_00523.1|Homo sapiens (human)|chr12:102,480,382-102,480,555-","hsa_ires_00523.1|Homo sapiens (human)|chr12:102,480,382-102,480,555-",,Homo sapiens (human),"chr12:102,480,382-102,480,555-",174
1178,"hsa_ires_00555.1|Homo sapiens (human)|chr17:42,833,854-42,834,181+","hsa_ires_00555.1|Homo sapiens (human)|chr17:42,833,854-42,834,181+",,Homo sapiens (human),"chr17:42,833,854-42,834,181+",174
1179,"hsa_ires_00587.1|Homo sapiens (human)|chr7:108,002,886-108,003,204-","hsa_ires_00587.1|Homo sapiens (human)|chr7:108,002,886-108,003,204-",,Homo sapiens (human),"chr7:108,002,886-108,003,204-",180
1180,"hsa_ires_00651.1|Homo sapiens (human)|chr4:122,826,708-122,826,866+","hsa_ires_00651.1|Homo sapiens (human)|chr4:122,826,708-122,826,866+",,Homo sapiens (human),"chr4:122,826,708-122,826,866+",159
1181,"hsa_ires_00683.1|Homo sapiens (human)|chr17:41,715,342-41,715,436+","hsa_ires_00683.1|Homo sapiens (human)|chr17:41,715,342-41,715,436+",,Homo sapiens (human),"chr17:41,715,342-41,715,436+",94
1182,HIF1a|Mus musculus,HIF1a|Mus musculus,RF00449,Mus musculus (mouse),,257
1182,HIF1a|Mus musculus,mouse_CM000676.2:61695528-61695807 | chr12:73954790-73955066(+) | RF00449 | IRES_HIF1 | alpha IRES,RF00449,Mus musculus (mouse),chr12:73954790-73955066+,277
1182,HIF1a|Mus musculus,mmu_ires_00001.1|Mus musculus (house mouse),,Mus musculus (mouse),,286
1182,HIF1a|Mus musculus,"CM001005.3:73954790-73955066 Mus musculus IRES_HIF1 CM001005.3 Mus musculus chromosome 12, GRCm39 reference primary assembly C57BL/6J",,Mus musculus (mouse),,277
1183,mmu_ires_00023.1|Mus musculus (house mouse),mmu_ires_00023.1|Mus musculus (house mouse),,Mus musculus (mouse),,404
1184,mouse_hsa_ires_00016.1 | chr17:25223657-25223721(+) | RF00223 | IRES_Bip | internal ribosome entry site (IRES),mouse_hsa_ires_00016.1 | chr17:25223657-25223721(+) | RF00223 | IRES_Bip | internal ribosome entry site (IRES),RF00223,Mus musculus (mouse),chr17:25223657-25223721+,65
1185,mouse_hsa_ires_00387.1 | chr11:88361348-88361507(+) | RF00461 | IRES_VEGF_A | endothelial growth factor (VEGF) IRES A,mouse_hsa_ires_00387.1 | chr11:88361348-88361507(+) | RF00461 | IRES_VEGF_A | endothelial growth factor (VEGF) IRES A,RF00461,Mus musculus (mouse),chr11:88361348-88361507+,160
1186,"KX883979.1:6097-6308 Wenzhou shrimp virus 5 IRES_Cripavirus Wenzhou shrimp virus 5 strain shrimp14323 hypothetical protein 1 and hypothetical protein 2 genes, complete cds.","KX883979.1:6097-6308 Wenzhou shrimp virus 5 IRES_Cripavirus Wenzhou shrimp virus 5 strain shrimp14323 hypothetical protein 1 and hypothetical protein 2 genes, complete cds.",RF00458,Virus,,212
1187,PV_type1_Mahoney|Human poliovirus 1,PV_type1_Mahoney|Human poliovirus 1,RF00229,Human poliovirus 1,,312
1188,vir_ires_00375.1,vir_ires_00375.1,,Virus,,174
1189,vir_ires_00382.1,vir_ires_00382.1,,Virus,,174
1190,vir_ires_00501.1,vir_ires_00501.1,,Virus,,422
1191,vir_ires_00303.1,vir_ires_00303.1,,Virus,,174
1192,vir_ires_00158.1,vir_ires_00158.1,,Virus,,174
1193,vir_ires_00154.1,vir_ires_00154.1,,Virus,,174
1194,vir_ires_00361.1,vir_ires_00361.1,,Virus,,174
1194,vir_ires_00361.1,vir_ires_00339.1,,Virus,,174
1195,vir_ires_00484.1,vir_ires_00484.1,RF00458,Virus,,191
1196,vir_ires_00505.1,vir_ires_00505.1,RF00229,Virus,,741
1196,vir_ires_00505.1,CVB3|Human coxsackievirus B3,,Human coxsackievirus B3,,750
1197,vir_ires_00146.1,vir_ires_00146.1,,Virus,,174
1198,vir_ires_00135.1,vir_ires_00135.1,,Virus,,174
1199,vir_ires_00076.1,vir_ires_00076.1,,Virus,,174
1200,vir_ires_00137.1,vir_ires_00137.1,,Virus,,174
1201,vir_ires_00234.1,vir_ires_00234.1,,Virus,,174
1202,vir_ires_00532.1,vir_ires_00532.1,,Virus,,182
1203,"CM000676.2:61695528-61695807 Homo sapiens IRES_HIF1 Homo sapiens chromosome 14, GRCh38 reference primary assembly.","CM000676.2:61695528-61695807 Homo sapiens IRES_HIF1 Homo sapiens chromosome 14, GRCh38 reference primary assembly.",,Homo sapiens (human),,280
1204,"hsa_ires_00012.1|Homo sapiens (human)|chr22:23,691,857-23,692,030+","hsa_ires_00012.1|Homo sapiens (human)|chr22:23,691,857-23,692,030+",,Homo sapiens (human),"chr22:23,691,857-23,692,030+",174
1205,"hsa_ires_00044.1|Homo sapiens (human)|chr19:34,300,300-34,300,473+","hsa_ires_00044.1|Homo sapiens (human)|chr19:34,300,300-34,300,473+",,Homo sapiens (human),"chr19:34,300,300-34,300,473+",174
1206,"hsa_ires_00076.1|Homo sapiens (human)|chr3:159,273,647-159,273,820+","hsa_ires_00076.1|Homo sapiens (human)|chr3:159,273,647-159,273,820+",,Homo sapiens (human),"chr3:159,273,647-159,273,820+",174
1207,"hsa_ires_00108.1|Homo sapiens (human)|chr11:108,197,386-108,222,638-","hsa_ires_00108.1|Homo sapiens (human)|chr11:108,197,386-108,222,638-",,Homo sapiens (human),"chr11:108,197,386-108,222,638-",174
1208,"hsa_ires_00140.1|Homo sapiens (human)|chr1:247,841,723-247,841,896-","hsa_ires_00140.1|Homo sapiens (human)|chr1:247,841,723-247,841,896-",,Homo sapiens (human),"chr1:247,841,723-247,841,896-",174
1209,"hsa_ires_00172.1|Homo sapiens (human)|chr11:102,114,183-102,114,356+","hsa_ires_00172.1|Homo sapiens (human)|chr11:102,114,183-102,114,356+",,Homo sapiens (human),"chr11:102,114,183-102,114,356+",174
1210,"hsa_ires_00204.1|Homo sapiens (human)|chr12:98,593,805-98,593,978+","hsa_ires_00204.1|Homo sapiens (human)|chr12:98,593,805-98,593,978+",,Homo sapiens (human),"chr12:98,593,805-98,593,978+",174
1211,"hsa_ires_00236.1|Homo sapiens (human)|chr6:29,627,792-29,627,965-","hsa_ires_00236.1|Homo sapiens (human)|chr6:29,627,792-29,627,965-",,Homo sapiens (human),"chr6:29,627,792-29,627,965-",174
1212,"hsa_ires_00268.1|Homo sapiens (human)|chr6:27,810,064-27,810,237+","hsa_ires_00268.1|Homo sapiens (human)|chr6:27,810,064-27,810,237+",,Homo sapiens (human),"chr6:27,810,064-27,810,237+",174
1213,"hsa_ires_00300.1|Homo sapiens (human)|chr9:111,759,289-111,759,462-","hsa_ires_00300.1|Homo sapiens (human)|chr9:111,759,289-111,759,462-",,Homo sapiens (human),"chr9:111,759,289-111,759,462-",174
1214,"hsa_ires_00332.1|Homo sapiens (human)|chr14:75,176,473-75,176,646-","hsa_ires_00332.1|Homo sapiens (human)|chr14:75,176,473-75,176,646-",,Homo sapiens (human),"chr14:75,176,473-75,176,646-",174
1215,"hsa_ires_00364.1|Homo sapiens (human)|chr1:61,082,618-61,082,791+","hsa_ires_00364.1|Homo sapiens (human)|chr1:61,082,618-61,082,791+",,Homo sapiens (human),"chr1:61,082,618-61,082,791+",174
1216,"hsa_ires_00396.1|Homo sapiens (human)|chr7:21,916,817-21,945,822-","hsa_ires_00396.1|Homo sapiens (human)|chr7:21,916,817-21,945,822-",,Homo sapiens (human),"chr7:21,916,817-21,945,822-",174
1217,"hsa_ires_00428.1|Homo sapiens (human)|chr13:60,397,293-60,439,748+","hsa_ires_00428.1|Homo sapiens (human)|chr13:60,397,293-60,439,748+",,Homo sapiens (human),"chr13:60,397,293-60,439,748+",174
1218,"hsa_ires_00460.1|Homo sapiens (human)|chr1:8,868,019-8,870,586-","hsa_ires_00460.1|Homo sapiens (human)|chr1:8,868,019-8,870,586-",,Homo sapiens (human),"chr1:8,868,019-8,870,586-",174
1219,"hsa_ires_00492.1|Homo sapiens (human)|chr16:29,679,120-29,694,746+","hsa_ires_00492.1|Homo sapiens (human)|chr16:29,679,120-29,694,746+",,Homo sapiens (human),"chr16:29,679,120-29,694,746+",174
1220,"hsa_ires_00524.1|Homo sapiens (human)|chr12:41,437,771-41,437,944+","hsa_ires_00524.1|Homo sapiens (human)|chr12:41,437,771-41,437,944+",,Homo sapiens (human),"chr12:41,437,771-41,437,944+",174
1221,"hsa_ires_00556.1|Homo sapiens (human)|chr12:111,943,304-111,991,865-","hsa_ires_00556.1|Homo sapiens (human)|chr12:111,943,304-111,991,865-",,Homo sapiens (human),"chr12:111,943,304-111,991,865-",174
1222,"hsa_ires_00588.1|Homo sapiens (human)|chr9:120,926,645-120,926,715-","hsa_ires_00588.1|Homo sapiens (human)|chr9:120,926,645-120,926,715-",,Homo sapiens (human),"chr9:120,926,645-120,926,715-",71
1223,hsa_ires_00620.1|Homo sapiens (human)|chr18:63318667-63319806-,hsa_ires_00620.1|Homo sapiens (human)|chr18:63318667-63319806-,,Homo sapiens (human),chr18:63318667-63319806-,1137
1223,hsa_ires_00620.1|Homo sapiens (human)|chr18:63318667-63319806-,BCL2|Homo sapiens,,Homo sapiens (human),,1137
1224,"hsa_ires_00652.1|Homo sapiens (human)|chr17:18,355,982-18,363,542-","hsa_ires_00652.1|Homo sapiens (human)|chr17:18,355,982-18,363,542-",,Homo sapiens (human),"chr17:18,355,982-18,363,542-",190
1225,"hsa_ires_00684.1|Homo sapiens (human)|chr21:26,170,621-26,170,767-","hsa_ires_00684.1|Homo sapiens (human)|chr21:26,170,621-26,170,767-",,Homo sapiens (human),"chr21:26,170,621-26,170,767-",147
1226,Kv1.4_1.2|Mus musculus,Kv1.4_1.2|Mus musculus,,Mus musculus (mouse),,1197
1227,mmu_ires_00024.1|Mus musculus (mouse),mmu_ires_00024.1|Mus musculus (mouse),,Mus musculus (mouse),,183
1228,mouse_hsa_ires_00368.1 | chr14:30280604-30280687(-) | RF00223 | IRES_Bip | internal ribosome entry site (IRES),mouse_hsa_ires_00368.1 | chr14:30280604-30280687(-) | RF00223 | IRES_Bip | internal ribosome entry site (IRES),RF00223,Mus musculus (mouse),chr14:30280604-30280687-,84
1228,mouse_hsa_ires_00368.1 | chr14:30280604-30280687(-) | RF00223 | IRES_Bip | internal ribosome entry site (IRES),mouse_hsa_ires_00439.1 | chr14:28999456-28999539(-) | RF00223 | IRES_Bip | internal ribosome entry site (IRES),RF00223,Mus musculus (mouse),chr14:28999456-28999539-,84
1229,"KX884348.1:7089-7293 Wenzhou shrimp virus 6 IRES_Cripavirus Wenzhou shrimp virus 6 strain WZRBX43423 hypothetical protein 1 and hypothetical protein 2 genes, complete cds.","KX884348.1:7089-7293 Wenzhou shrimp virus 6 IRES_Cripavirus Wenzhou shrimp virus 6 strain WZRBX43423 hypothetical protein 1 and hypothetical protein 2 genes, complete cds.",,Virus,,205
1230,PV_type3_Leon|Human poliovirus 1,PV_type3_Leon|Human poliovirus 1,RF00229,Human poliovirus 1,,742
1231,vir_ires_00231.1,vir_ires_00231.1,,Virus,,174
1232,vir_ires_00161.1,vir_ires_00161.1,,Virus,,174
1233,vir_ires_00425.1,vir_ires_00425.1,,Virus,,174
1233,vir_ires_00425.1,vir_ires_00378.1,,Virus,,174
1234,vir_ires_00071.1,vir_ires_00071.1,,Virus,,174
1235,vir_ires_00016.1,vir_ires_00016.1,,Virus,,174
1236,vir_ires_00508.1,vir_ires_00508.1,,Virus,,628
1237,vir_ires_00428.1,vir_ires_00428.1,,Virus,,174
1237,vir_ires_00428.1,vir_ires_00026.1,,Virus,,174
1238,vir_ires_00338.1,vir_ires_00338.1,,Virus,,174
1239,vir_ires_00011.1,vir_ires_00011.1,,Virus,,174
1240,vir_ires_00507.1,vir_ires_00507.1,,Virus,,691
1240,vir_ires_00507.1,GBV-A|Hepatitis GB virus A,,Hepatitis GB virus A,,693
1241,vir_ires_00331.1,vir_ires_00331.1,,Virus,,174
1242,vir_ires_00068.1,vir_ires_00068.1,,Virus,,174
1242,vir_ires_00068.1,vir_ires_00186.1,,Virus,,174
1243,vir_ires_00328.1,vir_ires_00328.1,,Virus,,174
1244,vir_ires_00217.1,vir_ires_00217.1,,Virus,,174
1245,vir_ires_00280.1,vir_ires_00280.1,,Virus,,174
1246,vir_ires_00422.1,vir_ires_00422.1,RF00210,Virus,,174
1247,vir_ires_00533.1,vir_ires_00533.1,,Virus,,310
1247,vir_ires_00533.1,vir_ires_00523.1,,Virus,,311
1248,IGF2_leader2|Homo sapiens,IGF2_leader2|Homo sapiens,RF00483,Homo sapiens (human),,121
1248,IGF2_leader2|Homo sapiens,mouse_hsa_ires_00526.1 | chr7:143338633-143338753(-) | RF00483 | IRES_IGF2 | growth factor II IRES,RF00483,Mus musculus (mouse),chr7:143338633-143338753-,121
1249,"hsa_ires_00013.1|Homo sapiens (human)|chrX:73,563,148-73,563,321+","hsa_ires_00013.1|Homo sapiens (human)|chrX:73,563,148-73,563,321+",,Homo sapiens (human),"chrX:73,563,148-73,563,321+",174
1250,"hsa_ires_00045.1|Homo sapiens (human)|chr6:33,321,890-33,323,016-","hsa_ires_00045.1|Homo sapiens (human)|chr6:33,321,890-33,323,016-",,Homo sapiens (human),"chr6:33,321,890-33,323,016-",174
1251,"hsa_ires_00077.1|Homo sapiens (human)|chr4:38,775,549-38,782,990-","hsa_ires_00077.1|Homo sapiens (human)|chr4:38,775,549-38,782,990-",,Homo sapiens (human),"chr4:38,775,549-38,782,990-",174
1252,"hsa_ires_00109.1|Homo sapiens (human)|chr11:119,087,987-119,088,662+","hsa_ires_00109.1|Homo sapiens (human)|chr11:119,087,987-119,088,662+",,Homo sapiens (human),"chr11:119,087,987-119,088,662+",174
1253,"hsa_ires_00141.1|Homo sapiens (human)|chr7:143,222,079-143,222,252+","hsa_ires_00141.1|Homo sapiens (human)|chr7:143,222,079-143,222,252+",,Homo sapiens (human),"chr7:143,222,079-143,222,252+",174
1254,"hsa_ires_00173.1|Homo sapiens (human)|chr17:59,155,637-59,169,752+","hsa_ires_00173.1|Homo sapiens (human)|chr17:59,155,637-59,169,752+",,Homo sapiens (human),"chr17:59,155,637-59,169,752+",174
1255,"hsa_ires_00205.1|Homo sapiens (human)|chr6:100,463,469-100,463,642-","hsa_ires_00205.1|Homo sapiens (human)|chr6:100,463,469-100,463,642-",,Homo sapiens (human),"chr6:100,463,469-100,463,642-",174
1256,"hsa_ires_00237.1|Homo sapiens (human)|chr8:48,008,435-48,043,169+","hsa_ires_00237.1|Homo sapiens (human)|chr8:48,008,435-48,043,169+",,Homo sapiens (human),"chr8:48,008,435-48,043,169+",174
1257,"hsa_ires_00269.1|Homo sapiens (human)|chr17:81,035,147-81,053,679+","hsa_ires_00269.1|Homo sapiens (human)|chr17:81,035,147-81,053,679+",,Homo sapiens (human),"chr17:81,035,147-81,053,679+",174
1258,"hsa_ires_00301.1|Homo sapiens (human)|chr2:96,305,396-96,305,569-","hsa_ires_00301.1|Homo sapiens (human)|chr2:96,305,396-96,305,569-",,Homo sapiens (human),"chr2:96,305,396-96,305,569-",174
1259,"hsa_ires_00333.1|Homo sapiens (human)|chr16:67,963,512-67,966,878-","hsa_ires_00333.1|Homo sapiens (human)|chr16:67,963,512-67,966,878-",,Homo sapiens (human),"chr16:67,963,512-67,966,878-",174
1260,"hsa_ires_00365.1|Homo sapiens (human)|chr8:407,051-431,357+","hsa_ires_00365.1|Homo sapiens (human)|chr8:407,051-431,357+",,Homo sapiens (human),"chr8:407,051-431,357+",174
1261,"hsa_ires_00397.1|Homo sapiens (human)|chr2:53,765,573-53,786,981-","hsa_ires_00397.1|Homo sapiens (human)|chr2:53,765,573-53,786,981-",,Homo sapiens (human),"chr2:53,765,573-53,786,981-",174
1262,"hsa_ires_00429.1|Homo sapiens (human)|chr14:20,802,069-20,802,397-","hsa_ires_00429.1|Homo sapiens (human)|chr14:20,802,069-20,802,397-",,Homo sapiens (human),"chr14:20,802,069-20,802,397-",174
1263,"hsa_ires_00461.1|Homo sapiens (human)|chr19:15,410,533-15,419,022-","hsa_ires_00461.1|Homo sapiens (human)|chr19:15,410,533-15,419,022-",,Homo sapiens (human),"chr19:15,410,533-15,419,022-",174
1264,"hsa_ires_00493.1|Homo sapiens (human)|chrX:47,190,800-47,198,825+","hsa_ires_00493.1|Homo sapiens (human)|chrX:47,190,800-47,198,825+",,Homo sapiens (human),"chrX:47,190,800-47,198,825+",174
1265,"hsa_ires_00525.1|Homo sapiens (human)|chr9:113,275,634-113,276,584+","hsa_ires_00525.1|Homo sapiens (human)|chr9:113,275,634-113,276,584+",,Homo sapiens (human),"chr9:113,275,634-113,276,584+",174
1266,"hsa_ires_00557.1|Homo sapiens (human)|chr1:216,677,479-216,715,115-","hsa_ires_00557.1|Homo sapiens (human)|chr1:216,677,479-216,715,115-",,Homo sapiens (human),"chr1:216,677,479-216,715,115-",174
1267,"hsa_ires_00589.1|Homo sapiens (human)|chr3:41,199,491-41,224,068+","hsa_ires_00589.1|Homo sapiens (human)|chr3:41,199,491-41,224,068+",,Homo sapiens (human),"chr3:41,199,491-41,224,068+",228
1268,hsa_ires_00621.1|Homo sapiens (human)|chrX:123885493-123885662+,hsa_ires_00621.1|Homo sapiens (human)|chrX:123885493-123885662+,,Homo sapiens (human),chrX:123885493-123885662+,170
1269,"hsa_ires_00653.1|Homo sapiens (human)|chr20:56,388,198-56,392,295-","hsa_ires_00653.1|Homo sapiens (human)|chr20:56,388,198-56,392,295-",,Homo sapiens (human),"chr20:56,388,198-56,392,295-",257
1270,"hsa_ires_00685.1|Homo sapiens (human)|chr13:29,553,761-29,595,584-","hsa_ires_00685.1|Homo sapiens (human)|chr13:29,553,761-29,595,584-",,Homo sapiens (human),"chr13:29,553,761-29,595,584-",278
1271,mmu_ires_00025.1|Mus musculus (house mouse),mmu_ires_00025.1|Mus musculus (house mouse),,Mus musculus (mouse),,193
1272,"KX884282.1:5938-6130 Wuhan arthropod virus 2 IRES_Cripavirus Wuhan arthropod virus 2 strain WHSF0 hypothetical protein 1 and hypothetical protein 2 genes, complete cds.","KX884282.1:5938-6130 Wuhan arthropod virus 2 IRES_Cripavirus Wuhan arthropod virus 2 strain WHSF0 hypothetical protein 1 and hypothetical protein 2 genes, complete cds.",RF00458,Virus,,193
1273,REV-A|Reticuloendotheliosis virus,REV-A|Reticuloendotheliosis virus,,Reticuloendotheliosis virus,,577
1274,vir_ires_00313.1,vir_ires_00313.1,,Virus,,174
1275,vir_ires_00162.1,vir_ires_00162.1,,Virus,,174
1276,vir_ires_00412.1,vir_ires_00412.1,,Virus,,174
1277,vir_ires_00166.1,vir_ires_00166.1,,Virus,,174
1278,vir_ires_00222.1,vir_ires_00222.1,,Virus,,174
1279,vir_ires_00132.1,vir_ires_00132.1,,Virus,,174
1280,vir_ires_00365.1,vir_ires_00365.1,,Virus,,174
1281,vir_ires_00067.1,vir_ires_00067.1,,Virus,,174
1282,vir_ires_00429.1,vir_ires_00429.1,,Virus,,174
1282,vir_ires_00429.1,vir_ires_00047.1,,Virus,,174
1283,vir_ires_00495.1,vir_ires_00495.1,,Virus,,184
1283,vir_ires_00495.1,ALPV_IGRpred|Aphid lethal paralysis virus,,Aphid lethal paralysis virus,,184
1284,vir_ires_00168.1,vir_ires_00168.1,,Virus,,174
1285,vir_ires_00224.1,vir_ires_00224.1,,Virus,,174
1286,vir_ires_00271.1,vir_ires_00271.1,RF01047,Virus,,174
1287,vir_ires_00268.1,vir_ires_00268.1,,Virus,,174
1288,vir_ires_00391.1,vir_ires_00391.1,,Virus,,174
1289,vir_ires_00534.1,vir_ires_00534.1,RF00376,Virus,,120
1290,"CM000685.2:18534867-18535067 Homo sapiens IRES_Cx43 Homo sapiens chromosome X, GRCh38 reference primary assembly.","CM000685.2:18534867-18535067 Homo sapiens IRES_Cx43 Homo sapiens chromosome X, GRCh38 reference primary assembly.",RF00487,Homo sapiens (human),,201
1291,L-myc|Homo sapiens,L-myc|Homo sapiens,,Homo sapiens (human),,52
1292,"hsa_ires_00014.1|Homo sapiens (human)|chr10:67,647,514-67,696,168-","hsa_ires_00014.1|Homo sapiens (human)|chr10:67,647,514-67,696,168-",,Homo sapiens (human),"chr10:67,647,514-67,696,168-",174
1293,"hsa_ires_00046.1|Homo sapiens (human)|chr1:88,887,330-88,891,618-","hsa_ires_00046.1|Homo sapiens (human)|chr1:88,887,330-88,891,618-",,Homo sapiens (human),"chr1:88,887,330-88,891,618-",174
1294,"hsa_ires_00078.1|Homo sapiens (human)|chr16:89,919,085-89,919,258+","hsa_ires_00078.1|Homo sapiens (human)|chr16:89,919,085-89,919,258+",,Homo sapiens (human),"chr16:89,919,085-89,919,258+",174
1295,"hsa_ires_00110.1|Homo sapiens (human)|chr12:56,645,895-56,646,068-","hsa_ires_00110.1|Homo sapiens (human)|chr12:56,645,895-56,646,068-",,Homo sapiens (human),"chr12:56,645,895-56,646,068-",174
1296,"hsa_ires_00174.1|Homo sapiens (human)|chr10:60,572,528-60,572,701-","hsa_ires_00174.1|Homo sapiens (human)|chr10:60,572,528-60,572,701-",,Homo sapiens (human),"chr10:60,572,528-60,572,701-",174
1297,"hsa_ires_00206.1|Homo sapiens (human)|chr1:21,002,743-21,050,973-","hsa_ires_00206.1|Homo sapiens (human)|chr1:21,002,743-21,050,973-",,Homo sapiens (human),"chr1:21,002,743-21,050,973-",174
1298,"hsa_ires_00238.1|Homo sapiens (human)|chr11:17,077,177-17,077,673-","hsa_ires_00238.1|Homo sapiens (human)|chr11:17,077,177-17,077,673-",,Homo sapiens (human),"chr11:17,077,177-17,077,673-",174
1299,"hsa_ires_00270.1|Homo sapiens (human)|chr19:55,385,932-55,386,620+","hsa_ires_00270.1|Homo sapiens (human)|chr19:55,385,932-55,386,620+",,Homo sapiens (human),"chr19:55,385,932-55,386,620+",174
1300,"hsa_ires_00302.1|Homo sapiens (human)|chr10:69,282,550-69,288,743+","hsa_ires_00302.1|Homo sapiens (human)|chr10:69,282,550-69,288,743+",,Homo sapiens (human),"chr10:69,282,550-69,288,743+",174
1301,"hsa_ires_00334.1|Homo sapiens (human)|chr5:151,771,915-151,786,623+","hsa_ires_00334.1|Homo sapiens (human)|chr5:151,771,915-151,786,623+",,Homo sapiens (human),"chr5:151,771,915-151,786,623+",174
1302,"hsa_ires_00366.1|Homo sapiens (human)|chr2:206,149,908-206,159,431-","hsa_ires_00366.1|Homo sapiens (human)|chr2:206,149,908-206,159,431-",,Homo sapiens (human),"chr2:206,149,908-206,159,431-",174
1303,"hsa_ires_00398.1|Homo sapiens (human)|chr5:179,806,574-179,823,004+","hsa_ires_00398.1|Homo sapiens (human)|chr5:179,806,574-179,823,004+",,Homo sapiens (human),"chr5:179,806,574-179,823,004+",174
1304,"hsa_ires_00430.1|Homo sapiens (human)|chr6:34,238,828-34,240,780+","hsa_ires_00430.1|Homo sapiens (human)|chr6:34,238,828-34,240,780+",,Homo sapiens (human),"chr6:34,238,828-34,240,780+",174
1305,"hsa_ires_00462.1|Homo sapiens (human)|chr14:39,233,941-39,234,114+","hsa_ires_00462.1|Homo sapiens (human)|chr14:39,233,941-39,234,114+",,Homo sapiens (human),"chr14:39,233,941-39,234,114+",174
1306,"hsa_ires_00494.1|Homo sapiens (human)|chr4:75,514,444-75,515,529+","hsa_ires_00494.1|Homo sapiens (human)|chr4:75,514,444-75,515,529+",,Homo sapiens (human),"chr4:75,514,444-75,515,529+",174
1307,"hsa_ires_00526.1|Homo sapiens (human)|chr11:71,582,702-71,582,875-","hsa_ires_00526.1|Homo sapiens (human)|chr11:71,582,702-71,582,875-",,Homo sapiens (human),"chr11:71,582,702-71,582,875-",174
1308,"hsa_ires_00558.1|Homo sapiens (human)|chr15:55,234,935-55,270,890-","hsa_ires_00558.1|Homo sapiens (human)|chr15:55,234,935-55,270,890-",,Homo sapiens (human),"chr15:55,234,935-55,270,890-",174
1309,"hsa_ires_00590.1|Homo sapiens (human)|chr11:102,349,768-102,349,917+","hsa_ires_00590.1|Homo sapiens (human)|chr11:102,349,768-102,349,917+",,Homo sapiens (human),"chr11:102,349,768-102,349,917+",150
1310,"hsa_ires_00622.1|Homo sapiens (human)|chr4:152,411,804-152,411,865-","hsa_ires_00622.1|Homo sapiens (human)|chr4:152,411,804-152,411,865-",,Homo sapiens (human),"chr4:152,411,804-152,411,865-",62
1311,"hsa_ires_00654.1|Homo sapiens (human)|chr3:41,225,550-41,225,743+","hsa_ires_00654.1|Homo sapiens (human)|chr3:41,225,550-41,225,743+",,Homo sapiens (human),"chr3:41,225,550-41,225,743+",107
1312,"hsa_ires_00686.1|Homo sapiens (human)|chr1:3,652,565-3,707,587+","hsa_ires_00686.1|Homo sapiens (human)|chr1:3,652,565-3,707,587+",,Homo sapiens (human),"chr1:3,652,565-3,707,587+",335
1313,NDST2|Mus musculus,NDST2|Mus musculus,,Mus musculus (mouse),,750
1313,NDST2|Mus musculus,mmu_ires_00004.1|Mus musculus (house mouse),,Mus musculus (mouse),,750
1314,mmu_ires_00026.1|Mus musculus (house mouse),mmu_ires_00026.1|Mus musculus (house mouse),,Mus musculus (mouse),,1015
1315,mouse_hsa_ires_00059.1 | chr15:99093736-99093812(-) | RF00223 | IRES_Bip | internal ribosome entry site (IRES),mouse_hsa_ires_00059.1 | chr15:99093736-99093812(-) | RF00223 | IRES_Bip | internal ribosome entry site (IRES),RF00223,Mus musculus (mouse),chr15:99093736-99093812-,77
1316,mouse_hsa_ires_00264.1 | chr17:27101872-27102066(-) | RF00216 | IRES_c-myc | internal ribosome entry site (IRES),mouse_hsa_ires_00264.1 | chr17:27101872-27102066(-) | RF00216 | IRES_c-myc | internal ribosome entry site (IRES),RF00216,Mus musculus (mouse),chr17:27101872-27102066-,195
1317,mouse_hsa_ires_00450.1 | chr17:31663179-31663394(+) | RF00226 | IRES_n-myc | internal ribosome entry site (IRES),mouse_hsa_ires_00450.1 | chr17:31663179-31663394(+) | RF00226 | IRES_n-myc | internal ribosome entry site (IRES),RF00226,Mus musculus (mouse),chr17:31663179-31663394+,216
1317,mouse_hsa_ires_00450.1 | chr17:31663179-31663394(+) | RF00226 | IRES_n-myc | internal ribosome entry site (IRES),mouse_hsa_ires_00461.1 | chr17:31663179-31663394(+) | RF00226 | IRES_n-myc | internal ribosome entry site (IRES),RF00226,Mus musculus (mouse),chr17:31663179-31663394+,216
1318,"KX883971.1:5699-5893 Hubei diptera virus 1 IRES_Cripavirus Hubei diptera virus 1 strain SCM51289 hypothetical protein 1 and hypothetical protein 2 genes, complete cds.","KX883971.1:5699-5893 Hubei diptera virus 1 IRES_Cripavirus Hubei diptera virus 1 strain SCM51289 hypothetical protein 1 and hypothetical protein 2 genes, complete cds.",,Virus,,195
1319,vir_ires_00332.1,vir_ires_00332.1,,Virus,,174
1320,vir_ires_00024.1,vir_ires_00024.1,,Virus,,174
1321,vir_ires_00453.1,vir_ires_00453.1,,Virus,,174
1322,vir_ires_00246.1,vir_ires_00246.1,,Virus,,174
1323,vir_ires_00014.1,vir_ires_00014.1,,Virus,,174
1324,vir_ires_00237.1,vir_ires_00237.1,,Virus,,174
1325,vir_ires_00243.1,vir_ires_00243.1,,Virus,,174
1326,vir_ires_00369.1,vir_ires_00369.1,RF00229,Virus,,174
1327,vir_ires_00281.1,vir_ires_00281.1,,Virus,,174
1327,vir_ires_00281.1,vir_ires_00043.1,,Virus,,174
1328,vir_ires_00464.1,vir_ires_00464.1,,Virus,,174
1329,vir_ires_00034.1,vir_ires_00034.1,,Virus,,174
1330,vir_ires_00314.1,vir_ires_00314.1,,Virus,,174
1331,vir_ires_00019.1,vir_ires_00019.1,,Virus,,174
1331,vir_ires_00019.1,vir_ires_00013.1,,Virus,,174
1332,vir_ires_00367.1,vir_ires_00367.1,,Virus,,174
1333,vir_ires_00342.1,vir_ires_00342.1,,Virus,,174
1334,vir_ires_00535.1,vir_ires_00535.1,,Virus,,122
1335,LamB1_-335_-1|Homo sapiens,LamB1_-335_-1|Homo sapiens,,Homo sapiens (human),,335
1336,"hsa_ires_00015.1|Homo sapiens (human)|chr2:73,829,015-73,830,856+","hsa_ires_00015.1|Homo sapiens (human)|chr2:73,829,015-73,830,856+",,Homo sapiens (human),"chr2:73,829,015-73,830,856+",174
1337,"hsa_ires_00047.1|Homo sapiens (human)|chr1:44,739,818-44,739,991+","hsa_ires_00047.1|Homo sapiens (human)|chr1:44,739,818-44,739,991+",,Homo sapiens (human),"chr1:44,739,818-44,739,991+",174
1338,"hsa_ires_00079.1|Homo sapiens (human)|chr14:101,561,351-101,561,524+","hsa_ires_00079.1|Homo sapiens (human)|chr14:101,561,351-101,561,524+",,Homo sapiens (human),"chr14:101,561,351-101,561,524+",174
1339,"hsa_ires_00111.1|Homo sapiens (human)|chr16:29,662,950-29,663,737+","hsa_ires_00111.1|Homo sapiens (human)|chr16:29,662,950-29,663,737+",,Homo sapiens (human),"chr16:29,662,950-29,663,737+",174
1340,"hsa_ires_00143.1|Homo sapiens (human)|chr1:248,145,148-248,145,321+","hsa_ires_00143.1|Homo sapiens (human)|chr1:248,145,148-248,145,321+",,Homo sapiens (human),"chr1:248,145,148-248,145,321+",174
1340,"hsa_ires_00143.1|Homo sapiens (human)|chr1:248,145,148-248,145,321+","hsa_ires_00147.1|Homo sapiens (human)|chr1:248,179,986-248,180,159+",,Homo sapiens (human),"chr1:248,179,986-248,180,159+",174
1340,"hsa_ires_00143.1|Homo sapiens (human)|chr1:248,145,148-248,145,321+","hsa_ires_00142.1|Homo sapiens (human)|chr1:248,203,068-248,203,241+",,Homo sapiens (human),"chr1:248,203,068-248,203,241+",174
1341,"hsa_ires_00175.1|Homo sapiens (human)|chr16:80,540,957-80,543,326+","hsa_ires_00175.1|Homo sapiens (human)|chr16:80,540,957-80,543,326+",,Homo sapiens (human),"chr16:80,540,957-80,543,326+",174
1342,"hsa_ires_00207.1|Homo sapiens (human)|chr2:74,374,353-74,374,526-","hsa_ires_00207.1|Homo sapiens (human)|chr2:74,374,353-74,374,526-",,Homo sapiens (human),"chr2:74,374,353-74,374,526-",174
1343,"hsa_ires_00239.1|Homo sapiens (human)|chr1:41,186,134-41,242,115-","hsa_ires_00239.1|Homo sapiens (human)|chr1:41,186,134-41,242,115-",,Homo sapiens (human),"chr1:41,186,134-41,242,115-",174
1344,"hsa_ires_00271.1|Homo sapiens (human)|chr6:30,908,233-30,909,036+","hsa_ires_00271.1|Homo sapiens (human)|chr6:30,908,233-30,909,036+",,Homo sapiens (human),"chr6:30,908,233-30,909,036+",174
1345,"hsa_ires_00303.1|Homo sapiens (human)|chr20:56,388,198-56,392,226-","hsa_ires_00303.1|Homo sapiens (human)|chr20:56,388,198-56,392,226-",,Homo sapiens (human),"chr20:56,388,198-56,392,226-",174
1346,"hsa_ires_00335.1|Homo sapiens (human)|chrX:108,091,669-108,126,082+","hsa_ires_00335.1|Homo sapiens (human)|chrX:108,091,669-108,126,082+",,Homo sapiens (human),"chrX:108,091,669-108,126,082+",174
1347,"hsa_ires_00367.1|Homo sapiens (human)|chr2:73,892,966-73,901,363+","hsa_ires_00367.1|Homo sapiens (human)|chr2:73,892,966-73,901,363+",,Homo sapiens (human),"chr2:73,892,966-73,901,363+",174
1348,"hsa_ires_00399.1|Homo sapiens (human)|chr5:7,869,104-7,870,831+","hsa_ires_00399.1|Homo sapiens (human)|chr5:7,869,104-7,870,831+",,Homo sapiens (human),"chr5:7,869,104-7,870,831+",174
1349,"hsa_ires_00431.1|Homo sapiens (human)|chr14:54,441,257-54,441,430-","hsa_ires_00431.1|Homo sapiens (human)|chr14:54,441,257-54,441,430-",,Homo sapiens (human),"chr14:54,441,257-54,441,430-",174
1350,hsa_ires_00463.1|Homo sapiens (human)|NA,hsa_ires_00463.1|Homo sapiens (human)|NA,,Homo sapiens (human),Homo sapiens human,174
1351,"hsa_ires_00495.1|Homo sapiens (human)|chr2:27,369,879-27,370,052-","hsa_ires_00495.1|Homo sapiens (human)|chr2:27,369,879-27,370,052-",,Homo sapiens (human),"chr2:27,369,879-27,370,052-",174
1352,"hsa_ires_00527.1|Homo sapiens (human)|chr16:75,243,013-75,266,809-","hsa_ires_00527.1|Homo sapiens (human)|chr16:75,243,013-75,266,809-",,Homo sapiens (human),"chr16:75,243,013-75,266,809-",174
1353,"hsa_ires_00559.1|Homo sapiens (human)|chr19:51,354,639-51,354,812-","hsa_ires_00559.1|Homo sapiens (human)|chr19:51,354,639-51,354,812-",,Homo sapiens (human),"chr19:51,354,639-51,354,812-",174
1354,"hsa_ires_00591.1|Homo sapiens (human)|chr11:69,641,105-69,641,270+","hsa_ires_00591.1|Homo sapiens (human)|chr11:69,641,105-69,641,270+",,Homo sapiens (human),"chr11:69,641,105-69,641,270+",166
1355,"hsa_ires_00623.1|Homo sapiens (human)|chr6:145,888,051-145,893,291-","hsa_ires_00623.1|Homo sapiens (human)|chr6:145,888,051-145,893,291-",,Homo sapiens (human),"chr6:145,888,051-145,893,291-",127
1356,"hsa_ires_00655.1|Homo sapiens (human)|chr7:131,108,573-131,108,803-","hsa_ires_00655.1|Homo sapiens (human)|chr7:131,108,573-131,108,803-",,Homo sapiens (human),"chr7:131,108,573-131,108,803-",231
1357,"hsa_ires_00687.1|Homo sapiens (human)|chr20:23,049,505-23,049,664-","hsa_ires_00687.1|Homo sapiens (human)|chr20:23,049,505-23,049,664-",,Homo sapiens (human),"chr20:23,049,505-23,049,664-",160
1358,NDST3|Mus musculus,NDST3|Mus musculus,,Mus musculus (mouse),,247
1358,NDST3|Mus musculus,mmu_ires_00005.1|Mus musculus (house mouse),,Mus musculus (mouse),,247
1359,mmu_ires_00027.1|Mus musculus (house mouse),mmu_ires_00027.1|Mus musculus (house mouse),,Mus musculus (mouse),,204
1359,mmu_ires_00027.1|Mus musculus (house mouse),"hsa_ires_00672.1|Homo sapiens (human)|chr6:45,328,317-45,328,729+",,Homo sapiens (human),"chr6:45,328,317-45,328,729+",213
1360,mouse_p27kip1 | chr6:134247620-134247799(-) | RF00216 | IRES_c-myc | internal ribosome entry site (IRES),mouse_p27kip1 | chr6:134247620-134247799(-) | RF00216 | IRES_c-myc | internal ribosome entry site (IRES),RF00216,Mus musculus (mouse),chr6:134247620-134247799-,180
1360,mouse_p27kip1 | chr6:134247620-134247799(-) | RF00216 | IRES_c-myc | internal ribosome entry site (IRES),mouse_hsa_ires_00592.1 | chr6:134247620-134247799(-) | RF00216 | IRES_c-myc | internal ribosome entry site (IRES),RF00216,Mus musculus (mouse),chr6:134247620-134247799-,180
1361,mouse_hsa_ires_00341.1 | chr12:12982648-12982917(-) | RF00226 | IRES_n-myc | internal ribosome entry site (IRES),mouse_hsa_ires_00341.1 | chr12:12982648-12982917(-) | RF00226 | IRES_n-myc | internal ribosome entry site (IRES),RF00226,Mus musculus (mouse),chr12:12982648-12982917-,270
1361,mouse_hsa_ires_00341.1 | chr12:12982648-12982917(-) | RF00226 | IRES_n-myc | internal ribosome entry site (IRES),"CM001005.3:12990637-12990368 Mus musculus IRES_n-myc CM001005.3 Mus musculus chromosome 12, GRCm39 reference primary assembly C57BL/6J",RF00226,Mus musculus (mouse),,270
1362,"KX884274.1:7022-7201 Wuhan insect virus 33 IRES_Cripavirus Wuhan insect virus 33 strain WHCCII11871 hypothetical protein 1 and hypothetical protein 2 genes, complete cds.","KX884274.1:7022-7201 Wuhan insect virus 33 IRES_Cripavirus Wuhan insect virus 33 strain WHCCII11871 hypothetical protein 1 and hypothetical protein 2 genes, complete cds.",RF00458,Virus,,180
1363,vir_ires_00214.1,vir_ires_00214.1,,Virus,,174
1364,vir_ires_00408.1,vir_ires_00408.1,,Virus,,174
1364,vir_ires_00408.1,vir_ires_00379.1,,Virus,,174
1365,vir_ires_00008.1,vir_ires_00008.1,,Virus,,174
1366,vir_ires_00450.1,vir_ires_00450.1,,Virus,,174
1366,vir_ires_00450.1,vir_ires_00020.1,,Virus,,174
1367,vir_ires_00448.1,vir_ires_00448.1,,Virus,,174
1368,vir_ires_00296.1,vir_ires_00296.1,,Virus,,174
1369,vir_ires_00264.1,vir_ires_00264.1,,Virus,,174
1370,vir_ires_00134.1,vir_ires_00134.1,,Virus,,174
1371,vir_ires_00301.1,vir_ires_00301.1,,Virus,,174
1372,vir_ires_00345.1,vir_ires_00345.1,,Virus,,174
1373,vir_ires_00085.1,vir_ires_00085.1,,Virus,,174
1374,vir_ires_00267.1,vir_ires_00267.1,,Virus,,174
1374,vir_ires_00267.1,vir_ires_00033.1,,Virus,,174
1375,vir_ires_00210.1,vir_ires_00210.1,,Virus,,174
1376,vir_ires_00476.1,vir_ires_00476.1,,Virus,,129
1377,vir_ires_00173.1,vir_ires_00173.1,RF00229,Virus,,174
1378,vir_ires_00305.1,vir_ires_00305.1,,Virus,,174
1379,vir_ires_00536.1,vir_ires_00536.1,,Virus,,119
