query	target	pident	alnlen	bits	evalue	cigar
hsa_ires_00317.1|Homo	hsa_ires_00317.1|Homo	100.000	174	313	1.952E-94	174M
hsa_ires_00349.1|Homo	hsa_ires_00349.1|Homo	100.000	174	313	1.952E-94	174M
hsa_ires_00381.1|Homo	hsa_ires_00381.1|Homo	100.000	174	313	1.952E-94	174M
hsa_ires_00413.1|Homo	hsa_ires_00413.1|Homo	100.000	174	313	1.952E-94	174M
hsa_ires_00445.1|Homo	hsa_ires_00445.1|Homo	100.000	174	313	1.952E-94	174M
hsa_ires_00477.1|Homo	hsa_ires_00477.1|Homo	100.000	174	313	1.952E-94	174M
hsa_ires_00509.1|Homo	hsa_ires_00509.1|Homo	100.000	174	313	1.952E-94	174M
hsa_ires_00541.1|Homo	hsa_ires_00541.1|Homo	100.000	174	313	1.952E-94	174M
hsa_ires_00573.1|Homo	hsa_ires_00573.1|Homo	100.000	174	313	1.952E-94	174M
hsa_ires_00605.1|Homo	hsa_ires_00605.1|Homo	100.000	133	240	3.194E-71	133M
hsa_ires_00605.1|Homo	hsa_ires_00614.1|Homo	100.000	129	233	1.678E-68	129M
hsa_ires_00637.1|Homo	hsa_ires_00637.1|Homo	100.000	249	448	6.983E-137	249M
hsa_ires_00669.1|Homo	hsa_ires_00669.1|Homo	100.000	537	964	8.825E-300	537M
CM000995.3:107125011-107125270	mouse_CM000673.2:30012935-30012676	100.000	260	467	4.168E-143	260M
CM000995.3:107125011-107125270	CM000995.3:107125011-107125270	100.000	260	467	4.168E-143	260M
mmu_ires_00008.1|Mus	mmu_ires_00008.1|Mus	100.000	1021	1831	0.000E+00	1021M
mouse_hsa_ires_00200.1	mouse_hsa_ires_00200.1	100.000	607	1089	0.000E+00	607M
KX883338.1:5405-5590	KX883338.1:5405-5590	100.000	186	335	3.146E-101	186M
vir_ires_00036.1	vir_ires_00036.1	100.000	174	313	1.952E-94	174M
vir_ires_00494.1	vir_ires_00494.1	100.000	212	381	6.053E-116	212M
vir_ires_00494.1	TSV_IGR|Taura	100.000	212	381	6.053E-116	212M
vir_ires_00315.1	vir_ires_00315.1	100.000	174	313	1.952E-94	174M
vir_ires_00257.1	vir_ires_00257.1	100.000	174	313	1.952E-94	174M
vir_ires_00488.1	vir_ires_00488.1	100.000	579	1039	1.482E-323	579M
vir_ires_00488.1	RhPV_5NCR|Rhopalosiphum	100.000	579	1039	1.482E-323	579M
vir_ires_00488.1	RhPV_5NCR|Rhopalosiphum	100.000	579	1039	1.482E-323	579M
vir_ires_00239.1	vir_ires_00239.1	100.000	174	313	1.952E-94	174M
vir_ires_00035.1	vir_ires_00035.1	100.000	174	313	1.952E-94	174M
vir_ires_00384.1	vir_ires_00384.1	100.000	174	313	1.952E-94	174M
vir_ires_00107.1	vir_ires_00107.1	100.000	174	313	1.952E-94	174M
vir_ires_00299.1	vir_ires_00299.1	100.000	174	313	1.952E-94	174M
vir_ires_00389.1	vir_ires_00389.1	100.000	174	313	1.952E-94	174M
vir_ires_00419.1	vir_ires_00419.1	100.000	174	313	1.952E-94	174M
vir_ires_00075.1	vir_ires_00075.1	100.000	174	313	1.952E-94	174M
vir_ires_00309.1	vir_ires_00309.1	100.000	174	313	1.952E-94	174M
vir_ires_00407.1	vir_ires_00407.1	100.000	174	313	1.952E-94	174M
vir_ires_00518.1	vir_ires_00518.1	100.000	742	1331	0.000E+00	742M
vir_ires_00550.1	vir_ires_00550.1	100.000	447	802	6.946E-249	447M
vir_ires_00550.1	vir_ires_00529.1	90.700	443	605	3.560E-178	123M1I76M2D241M
BiP_-222_-3|Homo	BiP_-222_-3|Homo	100.000	222	399	1.326E-121	222M
hsa_ires_00030.1|Homo	hsa_ires_00030.1|Homo	100.000	174	313	1.952E-94	174M
hsa_ires_00062.1|Homo	hsa_ires_00062.1|Homo	100.000	174	313	1.952E-94	174M
hsa_ires_00094.1|Homo	hsa_ires_00094.1|Homo	100.000	174	313	1.952E-94	174M
hsa_ires_00126.1|Homo	hsa_ires_00126.1|Homo	100.000	174	313	1.952E-94	174M
hsa_ires_00158.1|Homo	hsa_ires_00158.1|Homo	100.000	174	313	1.952E-94	174M
hsa_ires_00190.1|Homo	hsa_ires_00190.1|Homo	100.000	174	313	1.952E-94	174M
hsa_ires_00222.1|Homo	hsa_ires_00222.1|Homo	100.000	174	313	1.952E-94	174M
hsa_ires_00254.1|Homo	hsa_ires_00254.1|Homo	100.000	174	313	1.952E-94	174M
hsa_ires_00286.1|Homo	hsa_ires_00286.1|Homo	100.000	174	313	1.952E-94	174M
hsa_ires_00318.1|Homo	hsa_ires_00318.1|Homo	100.000	174	313	1.952E-94	174M
hsa_ires_00350.1|Homo	hsa_ires_00350.1|Homo	100.000	174	313	1.952E-94	174M
hsa_ires_00382.1|Homo	hsa_ires_00382.1|Homo	100.000	174	313	1.952E-94	174M
hsa_ires_00414.1|Homo	hsa_ires_00414.1|Homo	100.000	174	313	1.952E-94	174M
hsa_ires_00446.1|Homo	hsa_ires_00446.1|Homo	100.000	174	313	1.952E-94	174M
hsa_ires_00478.1|Homo	hsa_ires_00478.1|Homo	100.000	174	313	1.952E-94	174M
hsa_ires_00510.1|Homo	hsa_ires_00510.1|Homo	100.000	174	313	1.952E-94	174M
hsa_ires_00542.1|Homo	hsa_ires_00542.1|Homo	100.000	174	313	1.952E-94	174M
hsa_ires_00574.1|Homo	hsa_ires_00574.1|Homo	100.000	174	313	1.952E-94	174M
hsa_ires_00606.1|Homo	hsa_ires_00606.1|Homo	100.000	217	390	8.960E-119	217M
hsa_ires_00606.1|Homo	CM000997.3:122889735-122889956	90.400	210	285	1.069E-80	104M1D105M
hsa_ires_00606.1|Homo	mouse_CM000663.2:39902015-39901795	90.400	210	285	1.069E-80	104M1D105M
hsa_ires_00606.1|Homo	mouse_hsa_ires_00606.1	90.400	210	285	1.069E-80	104M1D105M
hsa_ires_00606.1|Homo	mouse_CM000663.2:38708708-38708962	90.400	210	285	1.069E-80	104M1D105M
hsa_ires_00638.1|Homo	hsa_ires_00638.1|Homo	100.000	223	401	3.604E-122	223M
hsa_ires_00670.1|Homo	hsa_ires_00670.1|Homo	100.000	381	684	1.479E-211	381M
CM001000.3:142214878-142214758	CM001000.3:142214878-142214758	100.000	121	218	1.998E-64	121M
CM001000.3:142214878-142214758	CM000673.2:2141059-2140939	91.600	120	172	3.132E-47	120M
mmu_ires_00010.1|Mus	mmu_ires_00010.1|Mus	100.000	115	208	5.001E-61	115M
mouse_hsa_ires_00052.1	mouse_hsa_ires_00052.1	100.000	149	268	2.781E-80	149M
KX883654.1:5717-5927	KX883654.1:5717-5927	100.000	211	380	2.228E-115	211M
vir_ires_00025.1	vir_ires_00025.1	100.000	174	313	1.952E-94	174M
vir_ires_00392.1	vir_ires_00392.1	100.000	174	313	1.952E-94	174M
vir_ires_00276.1	vir_ires_00276.1	100.000	174	313	1.952E-94	174M
vir_ires_00187.1	vir_ires_00187.1	100.000	174	313	1.952E-94	174M
vir_ires_00397.1	vir_ires_00397.1	100.000	174	313	1.952E-94	174M
vir_ires_00398.1	vir_ires_00398.1	100.000	174	313	1.952E-94	174M
vir_ires_00333.1	vir_ires_00333.1	100.000	174	313	1.952E-94	174M
vir_ires_00289.1	vir_ires_00289.1	100.000	174	313	1.952E-94	174M
vir_ires_00182.1	vir_ires_00182.1	100.000	174	313	1.952E-94	174M
vir_ires_00182.1	vir_ires_00063.1	97.100	174	287	1.080E-84	120M1I53M
vir_ires_00250.1	vir_ires_00250.1	100.000	174	313	1.952E-94	174M
vir_ires_00175.1	vir_ires_00175.1	100.000	174	313	1.952E-94	174M
vir_ires_00004.1	vir_ires_00004.1	100.000	174	313	1.952E-94	174M
vir_ires_00259.1	vir_ires_00259.1	100.000	174	313	1.952E-94	174M
vir_ires_00282.1	vir_ires_00282.1	100.000	174	313	1.952E-94	174M
vir_ires_00368.1	vir_ires_00368.1	100.000	174	313	1.952E-94	174M
vir_ires_00519.1	vir_ires_00519.1	100.000	574	1030	1.055E-320	574M
vir_ires_00519.1	EMCV-R|Encephalomyocarditis	95.800	574	939	7.401E-287	0M23I551M
vir_ires_00551.1	vir_ires_00551.1	100.000	495	888	4.971E-276	495M
XIAP_5-464|Homo	XIAP_5-464|Homo	100.000	460	826	3.088E-256	460M
XIAP_5-464|Homo	XIAP_5-464|Homo	100.000	460	826	3.088E-256	460M
hsa_ires_00031.1|Homo	hsa_ires_00031.1|Homo	100.000	174	313	1.952E-94	174M
hsa_ires_00063.1|Homo	hsa_ires_00063.1|Homo	100.000	174	313	1.952E-94	174M
hsa_ires_00095.1|Homo	hsa_ires_00095.1|Homo	100.000	174	313	1.952E-94	174M
hsa_ires_00127.1|Homo	hsa_ires_00127.1|Homo	100.000	174	313	1.952E-94	174M
hsa_ires_00159.1|Homo	hsa_ires_00159.1|Homo	100.000	174	313	1.952E-94	174M
hsa_ires_00191.1|Homo	hsa_ires_00191.1|Homo	100.000	174	313	1.952E-94	174M
hsa_ires_00223.1|Homo	hsa_ires_00223.1|Homo	100.000	174	313	1.952E-94	174M
hsa_ires_00255.1|Homo	hsa_ires_00255.1|Homo	100.000	174	313	1.952E-94	174M
hsa_ires_00287.1|Homo	hsa_ires_00287.1|Homo	100.000	174	313	1.952E-94	174M
hsa_ires_00319.1|Homo	hsa_ires_00319.1|Homo	100.000	174	313	1.952E-94	174M
hsa_ires_00351.1|Homo	hsa_ires_00351.1|Homo	100.000	174	313	1.952E-94	174M
hsa_ires_00383.1|Homo	hsa_ires_00383.1|Homo	100.000	174	313	1.952E-94	174M
hsa_ires_00415.1|Homo	hsa_ires_00415.1|Homo	100.000	174	313	1.952E-94	174M
hsa_ires_00447.1|Homo	hsa_ires_00447.1|Homo	100.000	174	313	1.952E-94	174M
hsa_ires_00479.1|Homo	hsa_ires_00479.1|Homo	100.000	174	313	1.952E-94	174M
hsa_ires_00511.1|Homo	hsa_ires_00511.1|Homo	100.000	174	313	1.952E-94	174M
hsa_ires_00543.1|Homo	hsa_ires_00543.1|Homo	100.000	174	313	1.952E-94	174M
hsa_ires_00575.1|Homo	hsa_ires_00575.1|Homo	100.000	174	313	1.952E-94	174M
hsa_ires_00639.1|Homo	hsa_ires_00639.1|Homo	100.000	128	231	2.168E-68	128M
hsa_ires_00671.1|Homo	hsa_ires_00671.1|Homo	100.000	336	603	4.206E-186	336M
mmu_ires_00011.1|Mus	mmu_ires_00011.1|Mus	100.000	174	313	1.952E-94	174M
mouse_hsa_ires_00276.1	mouse_hsa_ires_00276.1	100.000	181	326	2.128E-98	181M
mouse_hsa_ires_00560.1	mouse_hsa_ires_00560.1	100.000	164	295	8.945E-89	164M
mouse_hsa_ires_00031.1	mouse_hsa_ires_00031.1	100.000	138	249	4.708E-74	138M
vir_ires_00376.1	vir_ires_00376.1	100.000	174	313	1.952E-94	174M
vir_ires_00311.1	vir_ires_00311.1	100.000	174	313	1.952E-94	174M
vir_ires_00355.1	vir_ires_00355.1	100.000	174	313	1.952E-94	174M
vir_ires_00434.1	vir_ires_00434.1	100.000	174	313	1.952E-94	174M
vir_ires_00306.1	vir_ires_00306.1	100.000	174	313	1.952E-94	174M
vir_ires_00041.1	vir_ires_00041.1	100.000	174	313	1.952E-94	174M
vir_ires_00473.1	vir_ires_00473.1	100.000	353	634	1.018E-195	353M
vir_ires_00321.1	vir_ires_00321.1	100.000	174	313	1.952E-94	174M
vir_ires_00248.1	vir_ires_00248.1	100.000	174	313	1.952E-94	174M
vir_ires_00082.1	vir_ires_00082.1	100.000	174	313	1.952E-94	174M
vir_ires_00097.1	vir_ires_00097.1	100.000	174	313	1.952E-94	174M
vir_ires_00097.1	vir_ires_00038.1	91.900	173	249	8.932E-71	173M
vir_ires_00090.1	vir_ires_00090.1	100.000	174	313	1.952E-94	174M
vir_ires_00416.1	vir_ires_00416.1	100.000	174	313	1.952E-94	174M
vir_ires_00265.1	vir_ires_00265.1	100.000	174	313	1.952E-94	174M
vir_ires_00493.1	vir_ires_00493.1	100.000	245	440	1.281E-134	245M
vir_ires_00520.1	vir_ires_00520.1	100.000	721	1293	0.000E+00	721M
vir_ires_00552.1	vir_ires_00552.1	100.000	487	872	7.841E-271	487M
CM000666.2:122826680-122827177	CM000666.2:122826680-122827177	100.000	498	894	9.998E-278	498M
c-IAP1_285-1399|Homo	c-IAP1_285-1399|Homo	100.000	1115	1999	0.000E+00	1115M
c-IAP1_285-1399|Homo	c-IAP1_285-1399|Homo	100.000	1115	1999	0.000E+00	1115M
hsa_ires_00000.1|Homo	hsa_ires_00000.1|Homo	100.000	174	313	1.952E-94	174M
hsa_ires_00032.1|Homo	hsa_ires_00032.1|Homo	100.000	174	313	1.952E-94	174M
hsa_ires_00064.1|Homo	hsa_ires_00064.1|Homo	100.000	174	313	1.952E-94	174M
hsa_ires_00096.1|Homo	hsa_ires_00096.1|Homo	100.000	174	313	1.952E-94	174M
hsa_ires_00128.1|Homo	hsa_ires_00128.1|Homo	100.000	174	313	1.952E-94	174M
hsa_ires_00160.1|Homo	hsa_ires_00160.1|Homo	100.000	174	313	1.952E-94	174M
hsa_ires_00192.1|Homo	hsa_ires_00192.1|Homo	100.000	174	313	1.952E-94	174M
hsa_ires_00224.1|Homo	hsa_ires_00224.1|Homo	100.000	174	313	1.952E-94	174M
hsa_ires_00256.1|Homo	hsa_ires_00256.1|Homo	100.000	174	313	1.952E-94	174M
hsa_ires_00288.1|Homo	hsa_ires_00288.1|Homo	100.000	174	313	1.952E-94	174M
hsa_ires_00320.1|Homo	hsa_ires_00320.1|Homo	100.000	174	313	1.952E-94	174M
hsa_ires_00352.1|Homo	hsa_ires_00352.1|Homo	100.000	174	313	1.952E-94	174M
hsa_ires_00384.1|Homo	hsa_ires_00384.1|Homo	100.000	174	313	1.952E-94	174M
hsa_ires_00416.1|Homo	hsa_ires_00416.1|Homo	100.000	174	313	1.952E-94	174M
hsa_ires_00448.1|Homo	hsa_ires_00448.1|Homo	100.000	174	313	1.952E-94	174M
hsa_ires_00480.1|Homo	hsa_ires_00480.1|Homo	100.000	174	313	1.952E-94	174M
hsa_ires_00512.1|Homo	hsa_ires_00512.1|Homo	100.000	174	313	1.952E-94	174M
hsa_ires_00544.1|Homo	hsa_ires_00544.1|Homo	100.000	174	313	1.952E-94	174M
hsa_ires_00576.1|Homo	hsa_ires_00576.1|Homo	100.000	174	313	1.952E-94	174M
hsa_ires_00608.1|Homo	hsa_ires_00608.1|Homo	100.000	125	225	1.084E-66	125M
hsa_ires_00640.1|Homo	hsa_ires_00640.1|Homo	100.000	277	498	1.003E-152	277M
mouse_hsa_ires_00128.1	mouse_hsa_ires_00130.1	100.000	146	263	1.389E-78	146M
mouse_hsa_ires_00128.1	mouse_hsa_ires_00128.1	100.000	146	263	1.389E-78	146M
mouse_hsa_ires_00175.1	mouse_hsa_ires_00175.1	100.000	207	372	4.090E-113	207M
ABPV_IGRpred|Acute	ABPV_IGRpred|Acute	100.000	199	358	1.379E-108	199M
ABPV_IGRpred|Acute	vir_ires_00510.1	100.000	199	358	1.379E-108	199M
HIV-1|Human	HIV-1|Human	100.000	233	419	7.903E-128	233M
HIV-1|Human	vir_ires_00470.1	100.000	232	417	3.761E-127	232M
vir_ires_00018.1	vir_ires_00018.1	100.000	174	313	1.952E-94	174M
vir_ires_00074.1	vir_ires_00074.1	100.000	174	313	1.952E-94	174M
vir_ires_00012.1	vir_ires_00012.1	100.000	174	313	1.952E-94	174M
vir_ires_00337.1	vir_ires_00337.1	100.000	174	313	1.952E-94	174M
vir_ires_00477.1	SV40_661-830|Simian	100.000	170	306	3.588E-92	170M
vir_ires_00477.1	vir_ires_00477.1	100.000	170	306	3.588E-92	170M
vir_ires_00140.1	vir_ires_00140.1	100.000	174	313	1.952E-94	174M
vir_ires_00489.1	vir_ires_00489.1	100.000	175	315	5.301E-95	175M
vir_ires_00279.1	vir_ires_00279.1	100.000	174	313	1.952E-94	174M
vir_ires_00242.1	vir_ires_00242.1	100.000	174	313	1.952E-94	174M
vir_ires_00274.1	vir_ires_00274.1	100.000	174	313	1.952E-94	174M
vir_ires_00388.1	vir_ires_00388.1	100.000	174	313	1.952E-94	174M
vir_ires_00098.1	vir_ires_00098.1	100.000	174	313	1.952E-94	174M
vir_ires_00078.1	vir_ires_00078.1	100.000	174	313	1.952E-94	174M
vir_ires_00143.1	vir_ires_00143.1	100.000	174	313	1.952E-94	174M
vir_ires_00504.1	vir_ires_00504.1	100.000	510	915	1.636E-284	510M
vir_ires_00000.1	vir_ires_00000.1	100.000	174	313	1.952E-94	174M
vir_ires_00521.1	vir_ires_00521.1	100.000	421	756	3.517E-234	421M
vir_ires_00553.1	vir_ires_00553.1	100.000	369	663	9.065E-205	369M
CM000685.2:38479154-38479285	CM000685.2:38479154-38479285	100.000	132	238	1.177E-70	132M
hsa_ires_00001.1|Homo	hsa_ires_00001.1|Homo	100.000	174	313	1.952E-94	174M
hsa_ires_00033.1|Homo	hsa_ires_00033.1|Homo	100.000	174	313	1.952E-94	174M
hsa_ires_00065.1|Homo	hsa_ires_00065.1|Homo	100.000	174	313	1.952E-94	174M
hsa_ires_00097.1|Homo	hsa_ires_00097.1|Homo	100.000	174	313	1.952E-94	174M
hsa_ires_00129.1|Homo	hsa_ires_00129.1|Homo	100.000	174	313	1.952E-94	174M
hsa_ires_00161.1|Homo	hsa_ires_00161.1|Homo	100.000	174	313	1.952E-94	174M
hsa_ires_00193.1|Homo	hsa_ires_00193.1|Homo	100.000	174	313	1.952E-94	174M
hsa_ires_00225.1|Homo	hsa_ires_00225.1|Homo	100.000	174	313	1.952E-94	174M
hsa_ires_00257.1|Homo	hsa_ires_00257.1|Homo	100.000	174	313	1.952E-94	174M
hsa_ires_00289.1|Homo	hsa_ires_00289.1|Homo	100.000	174	313	1.952E-94	174M
hsa_ires_00321.1|Homo	hsa_ires_00321.1|Homo	100.000	174	313	1.952E-94	174M
hsa_ires_00353.1|Homo	hsa_ires_00353.1|Homo	100.000	174	313	1.952E-94	174M
hsa_ires_00385.1|Homo	hsa_ires_00385.1|Homo	100.000	174	313	1.952E-94	174M
hsa_ires_00417.1|Homo	hsa_ires_00417.1|Homo	100.000	174	313	1.952E-94	174M
hsa_ires_00449.1|Homo	hsa_ires_00449.1|Homo	100.000	174	313	1.952E-94	174M
hsa_ires_00481.1|Homo	hsa_ires_00481.1|Homo	100.000	174	313	1.952E-94	174M
hsa_ires_00513.1|Homo	hsa_ires_00513.1|Homo	100.000	174	313	1.952E-94	174M
hsa_ires_00545.1|Homo	hsa_ires_00545.1|Homo	100.000	174	313	1.952E-94	174M
hsa_ires_00577.1|Homo	hsa_ires_00577.1|Homo	100.000	174	313	1.952E-94	174M
hsa_ires_00609.1|Homo	MTG8a|Homo	100.000	199	358	1.379E-108	199M
hsa_ires_00609.1|Homo	hsa_ires_00609.1|Homo	100.000	199	358	1.379E-108	199M
hsa_ires_00641.1|Homo	hsa_ires_00641.1|Homo	100.000	398	715	3.586E-221	398M
hsa_ires_00673.1|Homo	hsa_ires_00673.1|Homo	100.000	105	190	2.312E-55	105M
CM001003.3:56253427-56253630	mouse_CM000668.2:121435649-121435848	100.000	204	367	2.040E-111	204M
CM001003.3:56253427-56253630	CM001003.3:56253427-56253630	100.000	204	367	2.040E-111	204M
CM001003.3:56253427-56253630	mmu_ires_00012.1|Mus	100.000	189	340	2.410E-101	189M
mouse_hsa_ires_00373.1	mouse_hsa_ires_00373.1	100.000	193	347	3.432E-105	193M
mouse_hsa_ires_00373.1	mouse_hsa_ires_00118.1	100.000	193	347	3.432E-105	193M
mouse_hsa_ires_00373.1	mouse_hsa_ires_00509.1	100.000	193	347	3.432E-105	193M
mouse_hsa_ires_00350.1	mouse_hsa_ires_00350.1	100.000	89	161	2.689E-46	89M
mouse_hsa_ires_00562.1	mouse_hsa_ires_00562.1	100.000	134	242	8.670E-72	134M
AEV|Avian	AEV|Avian	100.000	494	887	1.828E-275	494M
vir_ires_00482.1	vir_ires_00482.1	100.000	590	1059	0.000E+00	590M
vir_ires_00482.1	HAV_HM175|Human	100.000	584	1048	0.000E+00	584M
vir_ires_00482.1	M14707.1:166-737	100.000	572	1026	1.096E-317	572M
vir_ires_00204.1	vir_ires_00204.1	100.000	174	313	1.952E-94	174M
vir_ires_00230.1	vir_ires_00230.1	100.000	174	313	1.952E-94	174M
vir_ires_00381.1	vir_ires_00381.1	100.000	174	313	1.952E-94	174M
vir_ires_00386.1	vir_ires_00386.1	100.000	174	313	1.952E-94	174M
vir_ires_00386.1	vir_ires_00439.1	94.000	167	256	2.614E-73	167M
vir_ires_00116.1	vir_ires_00116.1	100.000	174	313	1.952E-94	174M
vir_ires_00454.1	vir_ires_00454.1	100.000	174	313	1.952E-94	174M
vir_ires_00216.1	vir_ires_00216.1	100.000	174	313	1.952E-94	174M
vir_ires_00042.1	vir_ires_00042.1	100.000	174	313	1.952E-94	174M
vir_ires_00106.1	vir_ires_00106.1	100.000	174	313	1.952E-94	174M
vir_ires_00232.1	vir_ires_00232.1	100.000	174	313	1.952E-94	174M
vir_ires_00364.1	vir_ires_00364.1	100.000	174	313	1.952E-94	174M
vir_ires_00178.1	vir_ires_00178.1	100.000	174	313	1.952E-94	174M
vir_ires_00141.1	vir_ires_00141.1	100.000	174	313	1.952E-94	174M
vir_ires_00522.1	vir_ires_00522.1	100.000	127	229	7.986E-68	127M
CM000664.2:15941768-15942091	CM000664.2:15941768-15942091	100.000	324	582	2.582E-179	324M
CCND1|Homo	CCND1|Homo	100.000	209	376	3.019E-114	209M
hsa_ires_00002.1|Homo	hsa_ires_00002.1|Homo	100.000	174	313	1.952E-94	174M
hsa_ires_00034.1|Homo	hsa_ires_00034.1|Homo	100.000	174	313	1.952E-94	174M
hsa_ires_00066.1|Homo	hsa_ires_00066.1|Homo	100.000	174	313	1.952E-94	174M
hsa_ires_00098.1|Homo	hsa_ires_00098.1|Homo	100.000	174	313	1.952E-94	174M
hsa_ires_00130.1|Homo	hsa_ires_00130.1|Homo	100.000	174	313	1.952E-94	174M
hsa_ires_00162.1|Homo	hsa_ires_00162.1|Homo	100.000	174	313	1.952E-94	174M
hsa_ires_00194.1|Homo	hsa_ires_00194.1|Homo	100.000	174	313	1.952E-94	174M
hsa_ires_00226.1|Homo	hsa_ires_00226.1|Homo	100.000	174	313	1.952E-94	174M
hsa_ires_00258.1|Homo	hsa_ires_00258.1|Homo	100.000	174	313	1.952E-94	174M
hsa_ires_00290.1|Homo	hsa_ires_00290.1|Homo	100.000	174	313	1.952E-94	174M
hsa_ires_00322.1|Homo	hsa_ires_00322.1|Homo	100.000	174	313	1.952E-94	174M
hsa_ires_00354.1|Homo	hsa_ires_00354.1|Homo	100.000	174	313	1.952E-94	174M
hsa_ires_00386.1|Homo	hsa_ires_00386.1|Homo	100.000	174	313	1.952E-94	174M
hsa_ires_00418.1|Homo	hsa_ires_00418.1|Homo	100.000	174	313	1.952E-94	174M
hsa_ires_00450.1|Homo	hsa_ires_00450.1|Homo	100.000	174	313	1.952E-94	174M
hsa_ires_00482.1|Homo	hsa_ires_00482.1|Homo	100.000	174	313	1.952E-94	174M
hsa_ires_00514.1|Homo	hsa_ires_00514.1|Homo	100.000	174	313	1.952E-94	174M
hsa_ires_00546.1|Homo	hsa_ires_00546.1|Homo	100.000	174	313	1.952E-94	174M
hsa_ires_00578.1|Homo	hsa_ires_00578.1|Homo	100.000	174	313	1.952E-94	174M
hsa_ires_00610.1|Homo	MYB|Homo	100.000	150	270	7.550E-81	150M
hsa_ires_00610.1|Homo	hsa_ires_00610.1|Homo	100.000	150	270	7.550E-81	150M
hsa_ires_00642.1|Homo	hsa_ires_00642.1|Homo	100.000	28	52	1.058E-11	28M
hsa_ires_00674.1|Homo	hsa_ires_00674.1|Homo	100.000	212	381	6.053E-116	212M
CM001013.3:5381376-5381052	CM001013.3:5381376-5381052	100.000	325	584	7.020E-180	325M
mmu_ires_00014.1|Mus	mmu_ires_00014.1|Mus	100.000	120	216	7.361E-64	120M
mouse_c-myc	mouse_c-myc	100.000	311	559	5.836E-172	311M
mouse_c-myc	CM001008.3:61857412-61857722	100.000	311	559	5.836E-172	311M
mouse_c-myc	mouse_hsa_ires_00598.1	100.000	311	559	5.836E-172	311M
HRV-2|Human	HRV-2|Human	100.000	604	1084	0.000E+00	604M
vir_ires_00111.1	vir_ires_00111.1	100.000	174	313	1.952E-94	174M
vir_ires_00123.1	vir_ires_00123.1	100.000	174	313	1.952E-94	174M
vir_ires_00445.1	vir_ires_00445.1	100.000	174	313	1.952E-94	174M
vir_ires_00436.1	vir_ires_00436.1	100.000	174	313	1.952E-94	174M
vir_ires_00436.1	vir_ires_00383.1	92.800	167	247	3.802E-70	167M
vir_ires_00125.1	vir_ires_00125.1	100.000	174	313	1.952E-94	174M
vir_ires_00308.1	vir_ires_00308.1	100.000	174	313	1.952E-94	174M
vir_ires_00053.1	vir_ires_00053.1	100.000	174	313	1.952E-94	174M
vir_ires_00272.1	vir_ires_00272.1	100.000	174	313	1.952E-94	174M
vir_ires_00403.1	vir_ires_00403.1	100.000	174	313	1.952E-94	174M
vir_ires_00435.1	vir_ires_00435.1	100.000	174	313	1.952E-94	174M
vir_ires_00460.1	vir_ires_00460.1	100.000	174	313	1.952E-94	174M
vir_ires_00451.1	vir_ires_00451.1	100.000	174	313	1.952E-94	174M
vir_ires_00451.1	vir_ires_00387.1	92.200	167	242	1.396E-68	167M
vir_ires_00212.1	vir_ires_00212.1	100.000	174	313	1.952E-94	174M
vir_ires_00010.1	vir_ires_00010.1	100.000	174	313	1.952E-94	174M
vir_ires_00073.1	vir_ires_00073.1	100.000	174	313	1.952E-94	174M
CM000664.2:15940568-15940760	CM000664.2:15940568-15940760	100.000	193	347	3.432E-105	193M
DAP5|Homo	DAP5|Homo	100.000	305	548	1.447E-168	305M
hsa_ires_00003.1|Homo	hsa_ires_00003.1|Homo	100.000	174	313	1.952E-94	174M
hsa_ires_00035.1|Homo	hsa_ires_00035.1|Homo	100.000	174	313	1.952E-94	174M
hsa_ires_00067.1|Homo	hsa_ires_00067.1|Homo	100.000	174	313	1.952E-94	174M
hsa_ires_00099.1|Homo	hsa_ires_00099.1|Homo	100.000	174	313	1.952E-94	174M
hsa_ires_00131.1|Homo	hsa_ires_00131.1|Homo	100.000	174	313	1.952E-94	174M
hsa_ires_00163.1|Homo	hsa_ires_00163.1|Homo	100.000	174	313	1.952E-94	174M
hsa_ires_00195.1|Homo	hsa_ires_00195.1|Homo	100.000	174	313	1.952E-94	174M
hsa_ires_00227.1|Homo	hsa_ires_00227.1|Homo	100.000	174	313	1.952E-94	174M
hsa_ires_00259.1|Homo	hsa_ires_00259.1|Homo	100.000	174	313	1.952E-94	174M
hsa_ires_00291.1|Homo	hsa_ires_00291.1|Homo	100.000	174	313	1.952E-94	174M
hsa_ires_00323.1|Homo	hsa_ires_00323.1|Homo	100.000	174	313	1.952E-94	174M
hsa_ires_00355.1|Homo	hsa_ires_00355.1|Homo	100.000	174	313	1.952E-94	174M
hsa_ires_00387.1|Homo	hsa_ires_00387.1|Homo	100.000	174	313	1.952E-94	174M
hsa_ires_00419.1|Homo	hsa_ires_00419.1|Homo	100.000	174	313	1.952E-94	174M
hsa_ires_00451.1|Homo	hsa_ires_00451.1|Homo	100.000	174	313	1.952E-94	174M
hsa_ires_00483.1|Homo	hsa_ires_00483.1|Homo	100.000	174	313	1.952E-94	174M
hsa_ires_00515.1|Homo	hsa_ires_00515.1|Homo	100.000	174	313	1.952E-94	174M
hsa_ires_00547.1|Homo	hsa_ires_00547.1|Homo	100.000	174	313	1.952E-94	174M
hsa_ires_00579.1|Homo	hsa_ires_00579.1|Homo	100.000	174	313	1.952E-94	174M
hsa_ires_00643.1|Homo	hsa_ires_00643.1|Homo	100.000	393	706	2.413E-218	393M
hsa_ires_00675.1|Homo	hsa_ires_00675.1|Homo	100.000	140	252	3.470E-75	140M
CM001005.3:12991823-12991620	CM001005.3:12991823-12991620	100.000	204	367	2.040E-111	204M
mmu_ires_00015.1|Mus	mmu_ires_00015.1|Mus	100.000	9	18	6.142E-01	9M
mouse_hsa_ires_00491.1	mouse_hsa_ires_00491.1	100.000	135	243	2.354E-72	135M
mouse_hsa_ires_00639.1	mouse_hsa_ires_00639.1	100.000	117	211	3.683E-62	117M
mouse_CM000676.2:61695528-61695807	mouse_CM000676.2:61695528-61695807	100.000	163	294	3.294E-88	163M
BQCV_IGRpred|Black	vir_ires_00492.1	100.000	190	342	1.712E-103	190M
BQCV_IGRpred|Black	BQCV_IGRpred|Black	100.000	190	342	1.712E-103	190M
vir_ires_00189.1	vir_ires_00189.1	100.000	174	313	1.952E-94	174M
vir_ires_00410.1	vir_ires_00410.1	100.000	174	313	1.952E-94	174M
vir_ires_00007.1	vir_ires_00007.1	100.000	174	313	1.952E-94	174M
vir_ires_00254.1	vir_ires_00254.1	100.000	174	313	1.952E-94	174M
vir_ires_00199.1	vir_ires_00199.1	100.000	174	313	1.952E-94	174M
vir_ires_00304.1	vir_ires_00304.1	100.000	174	313	1.952E-94	174M
vir_ires_00459.1	vir_ires_00459.1	100.000	174	313	1.952E-94	174M
vir_ires_00148.1	vir_ires_00148.1	100.000	174	313	1.952E-94	174M
vir_ires_00170.1	vir_ires_00170.1	100.000	174	313	1.952E-94	174M
vir_ires_00406.1	vir_ires_00406.1	100.000	174	313	1.952E-94	174M
vir_ires_00002.1	vir_ires_00002.1	100.000	174	313	1.952E-94	174M
vir_ires_00251.1	vir_ires_00251.1	100.000	174	313	1.952E-94	174M
vir_ires_00201.1	vir_ires_00201.1	100.000	174	313	1.952E-94	174M
vir_ires_00483.1	vir_ires_00483.1	100.000	697	1250	0.000E+00	697M
vir_ires_00483.1	ERBV_162-920|Equine	96.400	723	1199	0.000E+00	0M26D697M
vir_ires_00380.1	vir_ires_00380.1	100.000	174	313	1.952E-94	174M
vir_ires_00380.1	vir_ires_00409.1	95.200	146	230	2.911E-64	89M3D54M
vir_ires_00524.1	vir_ires_00524.1	100.000	663	1189	0.000E+00	663M
CM000666.2:164188235-164188416	CM000666.2:164188235-164188416	100.000	182	328	5.779E-99	182M
eIF4G|Homo	eIF4G|Homo	100.000	357	641	5.559E-198	357M
hsa_ires_00004.1|Homo	hsa_ires_00004.1|Homo	100.000	174	313	1.952E-94	174M
hsa_ires_00036.1|Homo	hsa_ires_00036.1|Homo	100.000	174	313	1.952E-94	174M
hsa_ires_00068.1|Homo	hsa_ires_00068.1|Homo	100.000	174	313	1.952E-94	174M
hsa_ires_00100.1|Homo	hsa_ires_00100.1|Homo	100.000	174	313	1.952E-94	174M
hsa_ires_00132.1|Homo	hsa_ires_00132.1|Homo	100.000	174	313	1.952E-94	174M
hsa_ires_00164.1|Homo	hsa_ires_00164.1|Homo	100.000	174	313	1.952E-94	174M
hsa_ires_00196.1|Homo	hsa_ires_00196.1|Homo	100.000	174	313	1.952E-94	174M
hsa_ires_00228.1|Homo	hsa_ires_00228.1|Homo	100.000	174	313	1.952E-94	174M
hsa_ires_00260.1|Homo	hsa_ires_00260.1|Homo	100.000	174	313	1.952E-94	174M
hsa_ires_00292.1|Homo	hsa_ires_00292.1|Homo	100.000	174	313	1.952E-94	174M
hsa_ires_00324.1|Homo	hsa_ires_00324.1|Homo	100.000	174	313	1.952E-94	174M
hsa_ires_00356.1|Homo	hsa_ires_00356.1|Homo	100.000	174	313	1.952E-94	174M
hsa_ires_00388.1|Homo	hsa_ires_00388.1|Homo	100.000	174	313	1.952E-94	174M
hsa_ires_00420.1|Homo	hsa_ires_00420.1|Homo	100.000	174	313	1.952E-94	174M
hsa_ires_00452.1|Homo	hsa_ires_00452.1|Homo	100.000	174	313	1.952E-94	174M
hsa_ires_00484.1|Homo	hsa_ires_00484.1|Homo	100.000	174	313	1.952E-94	174M
hsa_ires_00516.1|Homo	hsa_ires_00516.1|Homo	100.000	174	313	1.952E-94	174M
hsa_ires_00548.1|Homo	hsa_ires_00548.1|Homo	100.000	174	313	1.952E-94	174M
hsa_ires_00612.1|Homo	hsa_ires_00612.1|Homo	100.000	396	711	4.851E-220	396M
hsa_ires_00644.1|Homo	hsa_ires_00644.1|Homo	100.000	165	297	2.429E-89	165M
hsa_ires_00676.1|Homo	hsa_ires_00676.1|Homo	100.000	319	573	1.740E-176	319M
mmu_ires_00016.1|Mus	mmu_ires_00016.1|Mus	100.000	694	1245	0.000E+00	694M
mouse_hsa_ires_00042.1	mouse_hsa_ires_00009.1	100.000	130	234	1.597E-69	130M
mouse_hsa_ires_00042.1	mouse_hsa_ires_00042.1	100.000	130	234	1.597E-69	130M
mouse_hsa_ires_00486.1	mouse_hsa_ires_00486.1	100.000	92	166	5.366E-48	92M
idefix|Drosophila	idefix|Drosophila	100.000	521	935	9.851E-291	521M
vir_ires_00069.1	vir_ires_00069.1	100.000	174	313	1.952E-94	174M
vir_ires_00046.1	vir_ires_00046.1	100.000	174	313	1.952E-94	174M
vir_ires_00015.1	vir_ires_00015.1	100.000	174	313	1.952E-94	174M
vir_ires_00236.1	vir_ires_00236.1	100.000	174	313	1.952E-94	174M
vir_ires_00177.1	vir_ires_00177.1	100.000	174	313	1.952E-94	174M
vir_ires_00206.1	vir_ires_00206.1	100.000	174	313	1.952E-94	174M
vir_ires_00048.1	vir_ires_00048.1	100.000	174	313	1.952E-94	174M
vir_ires_00144.1	vir_ires_00144.1	100.000	174	313	1.952E-94	174M
vir_ires_00457.1	vir_ires_00457.1	100.000	174	313	1.952E-94	174M
vir_ires_00262.1	vir_ires_00262.1	100.000	174	313	1.952E-94	174M
vir_ires_00481.1	vir_ires_00481.1	100.000	419	752	4.757E-233	419M
vir_ires_00481.1	M81861.1:374-830	100.000	419	752	4.757E-233	419M
vir_ires_00003.1	vir_ires_00003.1	100.000	174	313	1.952E-94	174M
vir_ires_00003.1	vir_ires_00442.1	98.800	167	292	2.354E-86	167M
vir_ires_00200.1	vir_ires_00200.1	100.000	174	313	1.952E-94	174M
vir_ires_00150.1	vir_ires_00150.1	100.000	174	313	1.952E-94	174M
vir_ires_00525.1	vir_ires_00525.1	100.000	161	290	4.467E-87	161M
eIF4GI-ext|Homo	eIF4GI-ext|Homo	100.000	196	353	6.879E-107	196M
hsa_ires_00005.1|Homo	hsa_ires_00005.1|Homo	100.000	174	313	1.952E-94	174M
hsa_ires_00037.1|Homo	hsa_ires_00037.1|Homo	100.000	174	313	1.952E-94	174M
hsa_ires_00069.1|Homo	hsa_ires_00069.1|Homo	100.000	174	313	1.952E-94	174M
hsa_ires_00101.1|Homo	hsa_ires_00101.1|Homo	100.000	174	313	1.952E-94	174M
hsa_ires_00133.1|Homo	hsa_ires_00133.1|Homo	100.000	174	313	1.952E-94	174M
hsa_ires_00165.1|Homo	hsa_ires_00165.1|Homo	100.000	174	313	1.952E-94	174M
hsa_ires_00197.1|Homo	hsa_ires_00197.1|Homo	100.000	174	313	1.952E-94	174M
hsa_ires_00229.1|Homo	hsa_ires_00229.1|Homo	100.000	174	313	1.952E-94	174M
hsa_ires_00600.1|Homo	hsa_ires_00600.1|Homo	100.000	101	182	4.267E-53	101M
hsa_ires_00632.1|Homo	hsa_ires_00632.1|Homo	100.000	72	131	1.162E-36	72M
hsa_ires_00664.1|Homo	hsa_ires_00664.1|Homo	100.000	263	473	8.366E-145	263M
CM001013.3:159687117-159686931	CM001013.3:159687117-159686931	100.000	187	337	8.544E-102	187M
mmu_ires_00003.1|Mus	mmu_ires_00003.1|Mus	100.000	418	750	1.750E-232	418M
mmu_ires_00003.1|Mus	NDST1|Mus	100.000	418	750	1.750E-232	418M
mouse_hsa_ires_00672.1	mouse_hsa_ires_00672.1	100.000	150	270	7.550E-81	150M
mouse_hsa_ires_00625.1	mouse_hsa_ires_00625.1	100.000	180	324	7.834E-98	180M
mouse_CM000685.2:71223206-71223356	mouse_CM000685.2:71223206-71223356	100.000	149	268	2.781E-80	149M
mouse_CM000685.2:71223206-71223356	CM001013.3:100427320-100427468	100.000	149	268	2.781E-80	149M
mouse_CM000685.2:71223206-71223356	mmu_ires_00013.1|Mus	100.000	113	204	1.030E-56	113M
mouse_CM000685.2:71223206-71223356	CM000685.2:71223206-71223356	90.700	141	192	1.023E-52	46M1D94M
mouse_hsa_ires_00344.1	mouse_hsa_ires_00344.1	100.000	170	306	3.588E-92	170M
KX884478.1:5388-5567	KX884478.1:5388-5567	100.000	180	324	7.834E-98	180M
GBV-B|Hepatitis	GBV-B|Hepatitis	100.000	416	747	2.366E-231	416M
GBV-B|Hepatitis	vir_ires_00478.1	93.300	436	674	1.846E-204	0M29D407M
vir_ires_00287.1	vir_ires_00287.1	100.000	174	313	1.952E-94	174M
vir_ires_00362.1	vir_ires_00362.1	100.000	174	313	1.952E-94	174M
vir_ires_00362.1	vir_ires_00340.1	91.500	177	250	4.323E-71	90M3I15M5D64M
vir_ires_00001.1	vir_ires_00001.1	100.000	174	313	1.952E-94	174M
vir_ires_00318.1	vir_ires_00318.1	100.000	174	313	1.952E-94	174M
vir_ires_00241.1	vir_ires_00241.1	100.000	174	313	1.952E-94	174M
vir_ires_00356.1	vir_ires_00356.1	100.000	174	313	1.952E-94	174M
vir_ires_00395.1	vir_ires_00395.1	100.000	174	313	1.952E-94	174M
vir_ires_00228.1	vir_ires_00228.1	100.000	174	313	1.952E-94	174M
vir_ires_00060.1	vir_ires_00060.1	100.000	174	313	1.952E-94	174M
vir_ires_00088.1	vir_ires_00088.1	100.000	174	313	1.952E-94	174M
vir_ires_00183.1	vir_ires_00183.1	100.000	174	313	1.952E-94	174M
vir_ires_00405.1	vir_ires_00405.1	100.000	174	313	1.952E-94	174M
vir_ires_00156.1	vir_ires_00156.1	100.000	174	313	1.952E-94	174M
vir_ires_00021.1	vir_ires_00021.1	100.000	174	313	1.952E-94	174M
vir_ires_00545.1	vir_ires_00545.1	100.000	297	534	4.856E-164	297M
GL000250.2:3160362-3160579	GL000250.2:3160362-3160579	100.000	218	392	2.434E-119	218M
GL000250.2:3160362-3160579	CM000668.2:31827737-31827954	100.000	218	392	2.434E-119	218M
GL000250.2:3160362-3160579	GL000251.2:3304990-3305207	100.000	218	392	2.434E-119	218M
GL000250.2:3160362-3160579	GL000252.2:3075516-3075733	100.000	218	392	2.434E-119	218M
GL000250.2:3160362-3160579	GL000255.2:3083569-3083786	100.000	218	392	2.434E-119	218M
AT1R_var3|Homo	AT1R_var3|Homo	100.000	330	593	1.042E-182	330M
hsa_ires_00025.1|Homo	hsa_ires_00025.1|Homo	100.000	174	313	1.952E-94	174M
hsa_ires_00057.1|Homo	hsa_ires_00057.1|Homo	100.000	174	313	1.952E-94	174M
hsa_ires_00089.1|Homo	hsa_ires_00089.1|Homo	100.000	174	313	1.952E-94	174M
hsa_ires_00121.1|Homo	hsa_ires_00121.1|Homo	100.000	174	313	1.952E-94	174M
hsa_ires_00153.1|Homo	hsa_ires_00153.1|Homo	100.000	174	313	1.952E-94	174M
hsa_ires_00185.1|Homo	hsa_ires_00185.1|Homo	100.000	174	313	1.952E-94	174M
hsa_ires_00217.1|Homo	hsa_ires_00217.1|Homo	100.000	174	313	1.952E-94	174M
hsa_ires_00249.1|Homo	hsa_ires_00249.1|Homo	100.000	174	313	1.952E-94	174M
hsa_ires_00281.1|Homo	hsa_ires_00281.1|Homo	100.000	174	313	1.952E-94	174M
hsa_ires_00313.1|Homo	hsa_ires_00313.1|Homo	100.000	174	313	1.952E-94	174M
hsa_ires_00345.1|Homo	hsa_ires_00345.1|Homo	100.000	174	313	1.952E-94	174M
hsa_ires_00377.1|Homo	hsa_ires_00377.1|Homo	100.000	174	313	1.952E-94	174M
hsa_ires_00409.1|Homo	hsa_ires_00409.1|Homo	100.000	174	313	1.952E-94	174M
hsa_ires_00441.1|Homo	hsa_ires_00441.1|Homo	100.000	174	313	1.952E-94	174M
hsa_ires_00473.1|Homo	hsa_ires_00473.1|Homo	100.000	174	313	1.952E-94	174M
hsa_ires_00505.1|Homo	hsa_ires_00505.1|Homo	100.000	174	313	1.952E-94	174M
hsa_ires_00537.1|Homo	hsa_ires_00537.1|Homo	100.000	174	313	1.952E-94	174M
hsa_ires_00569.1|Homo	hsa_ires_00569.1|Homo	100.000	174	313	1.952E-94	174M
hsa_ires_00601.1|Homo	hsa_ires_00601.1|Homo	100.000	119	215	2.712E-63	119M
hsa_ires_00633.1|Homo	hsa_ires_00633.1|Homo	100.000	90	163	7.294E-47	90M
hsa_ires_00665.1|Homo	hsa_ires_00665.1|Homo	100.000	368	661	3.334E-204	368M
hsa_ires_00665.1|Homo	hsa_ires_00668.1|Homo	100.000	330	593	5.661E-179	330M
CM001010.3:46342573-46342268	CM001010.3:46342573-46342268	100.000	306	550	3.933E-169	306M
mouse_hsa_ires_00513.1	mouse_hsa_ires_00513.1	100.000	107	193	1.702E-56	107M
mouse_hsa_ires_00471.1	mouse_hsa_ires_00471.1	100.000	196	353	6.879E-107	196M
mouse_hsa_ires_00173.1	mouse_hsa_ires_00173.1	100.000	232	417	2.909E-127	232M
KX883372.1:6126-6317	KX883372.1:6126-6317	100.000	192	345	1.263E-104	192M
GBV-C|Hepatitis	GBV-C|Hepatitis	100.000	630	1130	0.000E+00	630M
vir_ires_00343.1	vir_ires_00343.1	100.000	174	313	1.952E-94	174M
vir_ires_00343.1	HoCV1_IGRpred|Homalodisca	92.100	178	266	7.757E-77	0M14D164M
vir_ires_00193.1	vir_ires_00193.1	100.000	174	313	1.952E-94	174M
vir_ires_00275.1	vir_ires_00275.1	100.000	174	313	1.952E-94	174M
vir_ires_00240.1	vir_ires_00240.1	100.000	174	313	1.952E-94	174M
vir_ires_00153.1	vir_ires_00153.1	100.000	174	313	1.952E-94	174M
vir_ires_00070.1	vir_ires_00070.1	100.000	174	313	1.952E-94	174M
vir_ires_00157.1	vir_ires_00157.1	100.000	174	313	1.952E-94	174M
vir_ires_00258.1	vir_ires_00258.1	100.000	174	313	1.952E-94	174M
vir_ires_00121.1	vir_ires_00121.1	100.000	174	313	1.952E-94	174M
vir_ires_00253.1	vir_ires_00253.1	100.000	174	313	1.952E-94	174M
vir_ires_00151.1	vir_ires_00151.1	100.000	174	313	1.952E-94	174M
vir_ires_00032.1	vir_ires_00032.1	100.000	174	313	1.952E-94	174M
vir_ires_00415.1	vir_ires_00415.1	100.000	174	313	1.952E-94	174M
vir_ires_00103.1	vir_ires_00103.1	100.000	174	313	1.952E-94	174M
vir_ires_00437.1	vir_ires_00437.1	100.000	174	313	1.952E-94	174M
vir_ires_00514.1	vir_ires_00514.1	100.000	177	319	3.910E-96	177M
vir_ires_00514.1	HiPV_IGRpred|Himetobi	100.000	177	319	3.910E-96	177M
vir_ires_00546.1	vir_ires_00546.1	100.000	311	559	5.836E-172	311M
PDGF2/c-sis|Homo	PDGF2/c-sis|Homo	100.000	1022	1833	0.000E+00	1022M
hsa_ires_00026.1|Homo	hsa_ires_00026.1|Homo	100.000	174	313	1.952E-94	174M
hsa_ires_00058.1|Homo	hsa_ires_00058.1|Homo	100.000	174	313	1.952E-94	174M
hsa_ires_00090.1|Homo	hsa_ires_00090.1|Homo	100.000	174	313	1.952E-94	174M
hsa_ires_00122.1|Homo	hsa_ires_00122.1|Homo	100.000	174	313	1.952E-94	174M
hsa_ires_00154.1|Homo	hsa_ires_00154.1|Homo	100.000	174	313	1.952E-94	174M
hsa_ires_00186.1|Homo	hsa_ires_00186.1|Homo	100.000	174	313	1.952E-94	174M
hsa_ires_00218.1|Homo	hsa_ires_00218.1|Homo	100.000	174	313	1.952E-94	174M
hsa_ires_00250.1|Homo	hsa_ires_00250.1|Homo	100.000	174	313	1.952E-94	174M
hsa_ires_00282.1|Homo	hsa_ires_00282.1|Homo	100.000	174	313	1.952E-94	174M
hsa_ires_00314.1|Homo	hsa_ires_00314.1|Homo	100.000	174	313	1.952E-94	174M
hsa_ires_00346.1|Homo	hsa_ires_00346.1|Homo	100.000	174	313	1.952E-94	174M
hsa_ires_00378.1|Homo	hsa_ires_00378.1|Homo	100.000	174	313	1.952E-94	174M
hsa_ires_00410.1|Homo	hsa_ires_00410.1|Homo	100.000	174	313	1.952E-94	174M
hsa_ires_00442.1|Homo	hsa_ires_00442.1|Homo	100.000	174	313	1.952E-94	174M
hsa_ires_00474.1|Homo	hsa_ires_00474.1|Homo	100.000	174	313	1.952E-94	174M
hsa_ires_00506.1|Homo	hsa_ires_00506.1|Homo	100.000	174	313	1.952E-94	174M
hsa_ires_00538.1|Homo	hsa_ires_00538.1|Homo	100.000	174	313	1.952E-94	174M
hsa_ires_00570.1|Homo	hsa_ires_00570.1|Homo	100.000	174	313	1.952E-94	174M
hsa_ires_00602.1|Homo	hsa_ires_00602.1|Homo	100.000	229	412	1.450E-125	229M
hsa_ires_00602.1|Homo	FMR1|Homo	94.700	228	363	2.857E-107	119M12I97M
hsa_ires_00634.1|Homo	hsa_ires_00634.1|Homo	100.000	87	157	3.657E-45	87M
hsa_ires_00666.1|Homo	hsa_ires_00666.1|Homo	100.000	293	526	8.898E-162	293M
hsa_ires_00666.1|Homo	hsa_ires_00667.1|Homo	100.000	255	458	1.293E-136	255M
CM001011.3:39062328-39062167	CM001011.3:39062328-39062167	100.000	162	292	1.213E-87	162M
mouse_hsa_ires_00068.1	mouse_hsa_ires_00068.1	100.000	157	283	8.216E-85	157M
mouse_hsa_ires_00612.1	mouse_hsa_ires_00612.1	100.000	168	302	4.865E-91	168M
mouse_hsa_ires_00612.1	mouse_CM000684.2:39244768-39244141	100.000	168	302	4.865E-91	168M
mouse_hsa_ires_00612.1	mouse_hsa_ires_00200.1	100.000	168	302	4.865E-91	168M
mouse_hsa_ires_00612.1	mouse_PDGF2/c-sis	100.000	168	302	4.865E-91	168M
KX884554.1:5201-5348	KX884554.1:5201-5348	100.000	148	267	1.024E-79	148M
gypsy_env|Drosophila	gypsy_env|Drosophila	100.000	330	593	1.042E-182	330M
gypsy_env|Drosophila	gypsy_env|Drosophila	100.000	330	593	1.042E-182	330M
gypsy_env|Drosophila	gypsy_env|Drosophila	100.000	330	593	1.042E-182	330M
vir_ires_00235.1	vir_ires_00235.1	100.000	174	313	1.952E-94	174M
vir_ires_00354.1	vir_ires_00354.1	100.000	174	313	1.952E-94	174M
vir_ires_00209.1	vir_ires_00209.1	100.000	174	313	1.952E-94	174M
vir_ires_00149.1	vir_ires_00149.1	100.000	174	313	1.952E-94	174M
vir_ires_00374.1	vir_ires_00374.1	100.000	174	313	1.952E-94	174M
vir_ires_00261.1	vir_ires_00261.1	100.000	174	313	1.952E-94	174M
vir_ires_00039.1	vir_ires_00039.1	100.000	174	313	1.952E-94	174M
vir_ires_00039.1	vir_ires_00465.1	90.400	167	229	5.875E-64	167M
vir_ires_00160.1	vir_ires_00160.1	100.000	174	313	1.952E-94	174M
vir_ires_00255.1	vir_ires_00255.1	100.000	174	313	1.952E-94	174M
vir_ires_00490.1	vir_ires_00490.1	100.000	549	985	1.446E-306	549M
vir_ires_00208.1	vir_ires_00208.1	100.000	174	313	1.952E-94	174M
vir_ires_00044.1	vir_ires_00044.1	100.000	174	313	1.952E-94	174M
vir_ires_00124.1	vir_ires_00124.1	100.000	174	313	1.952E-94	174M
vir_ires_00353.1	vir_ires_00353.1	100.000	174	313	1.952E-94	174M
vir_ires_00302.1	vir_ires_00302.1	100.000	174	313	1.952E-94	174M
vir_ires_00441.1	vir_ires_00441.1	100.000	174	313	1.952E-94	174M
vir_ires_00515.1	vir_ires_00515.1	100.000	148	267	1.024E-79	148M
vir_ires_00515.1	vir_ires_00506.1	100.000	148	267	1.024E-79	148M
vir_ires_00515.1	crTMV_IREScp|Crucifer	100.000	148	267	1.024E-79	148M
vir_ires_00515.1	crTMV_IREScp|Crucifer	100.000	148	267	1.024E-79	148M
vir_ires_00515.1	crTMV_IREScp|Crucifer	100.000	146	263	2.352E-78	146M
vir_ires_00515.1	crTMV_IREScp|Crucifer	100.000	146	263	2.352E-78	146M
vir_ires_00515.1	crTMV_IREScp|Crucifer	100.000	146	263	2.352E-78	146M
vir_ires_00515.1	U03387.1:5455-5605	91.800	148	213	6.413E-60	148M
vir_ires_00547.1	vir_ires_00547.1	100.000	438	786	8.544E-244	438M
Pim-1|Homo	Pim-1|Homo	100.000	396	711	4.851E-220	396M
hsa_ires_00027.1|Homo	hsa_ires_00027.1|Homo	100.000	174	313	1.952E-94	174M
hsa_ires_00059.1|Homo	hsa_ires_00059.1|Homo	100.000	174	313	1.952E-94	174M
hsa_ires_00091.1|Homo	hsa_ires_00091.1|Homo	100.000	174	313	1.952E-94	174M
hsa_ires_00123.1|Homo	hsa_ires_00123.1|Homo	100.000	174	313	1.952E-94	174M
hsa_ires_00155.1|Homo	hsa_ires_00155.1|Homo	100.000	174	313	1.952E-94	174M
hsa_ires_00187.1|Homo	hsa_ires_00187.1|Homo	100.000	174	313	1.952E-94	174M
hsa_ires_00219.1|Homo	hsa_ires_00219.1|Homo	100.000	174	313	1.952E-94	174M
hsa_ires_00251.1|Homo	hsa_ires_00251.1|Homo	100.000	174	313	1.952E-94	174M
hsa_ires_00283.1|Homo	hsa_ires_00283.1|Homo	100.000	174	313	1.952E-94	174M
hsa_ires_00315.1|Homo	hsa_ires_00315.1|Homo	100.000	174	313	1.952E-94	174M
hsa_ires_00347.1|Homo	hsa_ires_00347.1|Homo	100.000	174	313	1.952E-94	174M
hsa_ires_00379.1|Homo	hsa_ires_00379.1|Homo	100.000	174	313	1.952E-94	174M
hsa_ires_00411.1|Homo	hsa_ires_00411.1|Homo	100.000	174	313	1.952E-94	174M
hsa_ires_00443.1|Homo	hsa_ires_00443.1|Homo	100.000	174	313	1.952E-94	174M
hsa_ires_00475.1|Homo	hsa_ires_00475.1|Homo	100.000	174	313	1.952E-94	174M
hsa_ires_00507.1|Homo	hsa_ires_00507.1|Homo	100.000	174	313	1.952E-94	174M
hsa_ires_00539.1|Homo	hsa_ires_00539.1|Homo	100.000	174	313	1.952E-94	174M
hsa_ires_00571.1|Homo	hsa_ires_00571.1|Homo	100.000	174	313	1.952E-94	174M
hsa_ires_00635.1|Homo	hsa_ires_00635.1|Homo	100.000	75	136	2.315E-38	75M
mmu_ires_00006.1|Mus	mmu_ires_00006.1|Mus	100.000	515	924	2.435E-287	515M
mouse_hsa_ires_00612.1	mouse_hsa_ires_00612.1	100.000	171	308	9.744E-93	171M
mouse_hsa_ires_00612.1	mouse_CM000684.2:39244768-39244141	100.000	171	308	9.744E-93	171M
mouse_hsa_ires_00612.1	mouse_hsa_ires_00179.1	100.000	171	308	9.744E-93	171M
mouse_hsa_ires_00612.1	mouse_PDGF2/c-sis	100.000	171	308	9.744E-93	171M
mouse_hsa_ires_00612.1	mouse_hsa_ires_00413.1	100.000	171	308	9.744E-93	171M
KX883736.1:5584-5793	KX883736.1:5584-5793	100.000	210	378	8.201E-115	210M
vir_ires_00466.1	vir_ires_00466.1	100.000	174	313	1.952E-94	174M
vir_ires_00466.1	vir_ires_00138.1	97.000	168	280	4.732E-82	168M
vir_ires_00466.1	vir_ires_00288.1	93.100	147	220	6.189E-61	147M
vir_ires_00083.1	vir_ires_00083.1	100.000	174	313	1.952E-94	174M
vir_ires_00120.1	vir_ires_00120.1	100.000	174	313	1.952E-94	174M
vir_ires_00414.1	vir_ires_00414.1	100.000	174	313	1.952E-94	174M
vir_ires_00352.1	vir_ires_00352.1	100.000	174	313	1.952E-94	174M
vir_ires_00115.1	vir_ires_00115.1	100.000	174	313	1.952E-94	174M
vir_ires_00329.1	vir_ires_00329.1	100.000	174	313	1.952E-94	174M
vir_ires_00467.1	vir_ires_00467.1	100.000	174	313	1.952E-94	174M
vir_ires_00152.1	vir_ires_00152.1	100.000	174	313	1.952E-94	174M
vir_ires_00136.1	vir_ires_00136.1	100.000	174	313	1.952E-94	174M
vir_ires_00192.1	vir_ires_00192.1	100.000	174	313	1.952E-94	174M
vir_ires_00503.1	vir_ires_00503.1	100.000	655	1175	0.000E+00	655M
vir_ires_00022.1	vir_ires_00022.1	100.000	174	313	1.952E-94	174M
vir_ires_00022.1	vir_ires_00396.1	98.800	174	301	1.059E-89	105M1D68M
vir_ires_00049.1	vir_ires_00049.1	100.000	174	313	1.952E-94	174M
vir_ires_00516.1	vir_ires_00516.1	100.000	116	209	1.357E-61	116M
vir_ires_00548.1	vir_ires_00548.1	100.000	614	1102	0.000E+00	614M
BAG1_p36delta236nt|Homo	BAG1_p36delta236nt|Homo	100.000	130	234	1.597E-69	130M
BAG1_p36delta236nt|Homo	BAG1_p36delta236nt|Homo	100.000	130	234	1.597E-69	130M
BAG1_p36delta236nt|Homo	hsa_ires_00596.1|Homo	100.000	130	234	1.597E-69	130M
PITSLRE_p58|Homo	PITSLRE_p58|Homo	100.000	381	684	1.479E-211	381M
PITSLRE_p58|Homo	hsa_ires_00613.1|Homo	97.400	390	659	3.697E-202	291M9D90M
hsa_ires_00028.1|Homo	hsa_ires_00028.1|Homo	100.000	174	313	1.952E-94	174M
hsa_ires_00060.1|Homo	hsa_ires_00060.1|Homo	100.000	174	313	1.952E-94	174M
hsa_ires_00092.1|Homo	hsa_ires_00092.1|Homo	100.000	174	313	1.952E-94	174M
hsa_ires_00124.1|Homo	hsa_ires_00124.1|Homo	100.000	174	313	1.952E-94	174M
hsa_ires_00156.1|Homo	hsa_ires_00156.1|Homo	100.000	174	313	1.952E-94	174M
hsa_ires_00188.1|Homo	hsa_ires_00188.1|Homo	100.000	174	313	1.952E-94	174M
hsa_ires_00220.1|Homo	hsa_ires_00220.1|Homo	100.000	174	313	1.952E-94	174M
hsa_ires_00252.1|Homo	hsa_ires_00252.1|Homo	100.000	174	313	1.952E-94	174M
hsa_ires_00284.1|Homo	hsa_ires_00284.1|Homo	100.000	174	313	1.952E-94	174M
hsa_ires_00284.1|Homo	hsa_ires_00146.1|Homo	98.800	167	292	2.354E-86	167M
hsa_ires_00316.1|Homo	hsa_ires_00316.1|Homo	100.000	174	313	1.952E-94	174M
hsa_ires_00348.1|Homo	hsa_ires_00348.1|Homo	100.000	174	313	1.952E-94	174M
hsa_ires_00380.1|Homo	hsa_ires_00380.1|Homo	100.000	174	313	1.952E-94	174M
hsa_ires_00412.1|Homo	hsa_ires_00412.1|Homo	100.000	174	313	1.952E-94	174M
hsa_ires_00444.1|Homo	hsa_ires_00444.1|Homo	100.000	174	313	1.952E-94	174M
hsa_ires_00476.1|Homo	hsa_ires_00476.1|Homo	100.000	174	313	1.952E-94	174M
hsa_ires_00508.1|Homo	hsa_ires_00508.1|Homo	100.000	174	313	1.952E-94	174M
hsa_ires_00540.1|Homo	hsa_ires_00540.1|Homo	100.000	174	313	1.952E-94	174M
hsa_ires_00572.1|Homo	hsa_ires_00572.1|Homo	100.000	174	313	1.952E-94	174M
hsa_ires_00636.1|Homo	hsa_ires_00636.1|Homo	100.000	80	145	3.391E-41	80M
mmu_ires_00007.1|Mus	mmu_ires_00007.1|Mus	100.000	59	107	2.730E-29	59M
mouse_hsa_ires_00551.1	mouse_hsa_ires_00551.1	100.000	204	367	2.040E-111	204M
mouse_hsa_ires_00551.1	mouse_hsa_ires_00453.1	100.000	204	367	2.040E-111	204M
mouse_hsa_ires_00551.1	mouse_hsa_ires_00277.1	100.000	204	367	2.040E-111	204M
mouse_hsa_ires_00453.1	mouse_hsa_ires_00551.1	100.000	168	302	4.865E-91	168M
mouse_hsa_ires_00453.1	mouse_hsa_ires_00453.1	100.000	168	302	4.865E-91	168M
mouse_hsa_ires_00670.1	mouse_hsa_ires_00670.1	100.000	158	285	2.231E-85	158M
KX883290.1:6822-7013	KX883290.1:6822-7013	100.000	192	345	1.263E-104	192M
vir_ires_00089.1	vir_ires_00089.1	100.000	174	313	1.952E-94	174M
vir_ires_00105.1	vir_ires_00105.1	100.000	174	313	1.952E-94	174M
vir_ires_00310.1	vir_ires_00310.1	100.000	174	313	1.952E-94	174M
vir_ires_00130.1	vir_ires_00130.1	100.000	174	313	1.952E-94	174M
vir_ires_00463.1	vir_ires_00463.1	100.000	174	313	1.952E-94	174M
vir_ires_00463.1	vir_ires_00061.1	91.700	170	243	6.803E-69	170M
vir_ires_00057.1	vir_ires_00057.1	100.000	174	313	1.952E-94	174M
vir_ires_00129.1	vir_ires_00129.1	100.000	174	313	1.952E-94	174M
vir_ires_00256.1	vir_ires_00256.1	100.000	174	313	1.952E-94	174M
vir_ires_00411.1	vir_ires_00411.1	100.000	174	313	1.952E-94	174M
vir_ires_00194.1	vir_ires_00194.1	100.000	174	313	1.952E-94	174M
vir_ires_00164.1	vir_ires_00164.1	100.000	174	313	1.952E-94	174M
vir_ires_00480.1	vir_ires_00480.1	100.000	237	426	4.308E-130	237M
vir_ires_00215.1	vir_ires_00215.1	100.000	174	313	1.952E-94	174M
vir_ires_00312.1	vir_ires_00312.1	100.000	174	313	1.952E-94	174M
vir_ires_00045.1	vir_ires_00045.1	100.000	174	313	1.952E-94	174M
vir_ires_00517.1	vir_ires_00517.1	100.000	113	204	6.792E-60	113M
vir_ires_00549.1	vir_ires_00549.1	100.000	42	77	1.201E-19	42M
CM000684.2:39244768-39244141	CM000684.2:39244768-39244141	100.000	628	1127	0.000E+00	628M
UNR|Homo	UNR|Homo	100.000	429	770	1.051E-238	429M
hsa_ires_00029.1|Homo	hsa_ires_00029.1|Homo	100.000	174	313	1.952E-94	174M
hsa_ires_00061.1|Homo	hsa_ires_00061.1|Homo	100.000	174	313	1.952E-94	174M
hsa_ires_00093.1|Homo	hsa_ires_00093.1|Homo	100.000	174	313	1.952E-94	174M
hsa_ires_00125.1|Homo	hsa_ires_00125.1|Homo	100.000	174	313	1.952E-94	174M
hsa_ires_00157.1|Homo	hsa_ires_00157.1|Homo	100.000	174	313	1.952E-94	174M
hsa_ires_00189.1|Homo	hsa_ires_00189.1|Homo	100.000	174	313	1.952E-94	174M
hsa_ires_00221.1|Homo	hsa_ires_00221.1|Homo	100.000	174	313	1.952E-94	174M
hsa_ires_00253.1|Homo	hsa_ires_00253.1|Homo	100.000	174	313	1.952E-94	174M
hsa_ires_00285.1|Homo	hsa_ires_00285.1|Homo	100.000	174	313	1.952E-94	174M
hsa_ires_00261.1|Homo	hsa_ires_00261.1|Homo	100.000	174	313	1.952E-94	174M
hsa_ires_00293.1|Homo	hsa_ires_00293.1|Homo	100.000	174	313	1.952E-94	174M
hsa_ires_00325.1|Homo	hsa_ires_00325.1|Homo	100.000	174	313	1.952E-94	174M
hsa_ires_00357.1|Homo	hsa_ires_00357.1|Homo	100.000	174	313	1.952E-94	174M
hsa_ires_00389.1|Homo	hsa_ires_00389.1|Homo	100.000	174	313	1.952E-94	174M
hsa_ires_00421.1|Homo	hsa_ires_00421.1|Homo	100.000	174	313	1.952E-94	174M
hsa_ires_00453.1|Homo	hsa_ires_00453.1|Homo	100.000	174	313	1.952E-94	174M
hsa_ires_00485.1|Homo	hsa_ires_00485.1|Homo	100.000	174	313	1.952E-94	174M
hsa_ires_00517.1|Homo	hsa_ires_00517.1|Homo	100.000	174	313	1.952E-94	174M
hsa_ires_00549.1|Homo	hsa_ires_00549.1|Homo	100.000	174	313	1.952E-94	174M
hsa_ires_00581.1|Homo	hsa_ires_00581.1|Homo	100.000	30	55	7.749E-13	30M
hsa_ires_00645.1|Homo	hsa_ires_00645.1|Homo	100.000	665	1193	0.000E+00	665M
hsa_ires_00677.1|Homo	hsa_ires_00677.1|Homo	100.000	186	335	3.146E-101	186M
mmu_ires_00017.1|Mus	Rbm3|Mus	100.000	22	41	2.686E-08	22M
mmu_ires_00017.1|Mus	mmu_ires_00017.1|Mus	100.000	22	41	2.686E-08	22M
KBV_IGRpred|Kashmir	KBV_IGRpred|Kashmir	100.000	202	363	2.764E-110	202M
KBV_IGRpred|Kashmir	vir_ires_00513.1	100.000	202	363	2.764E-110	202M
vir_ires_00293.1	vir_ires_00293.1	100.000	174	313	1.952E-94	174M
vir_ires_00195.1	vir_ires_00195.1	100.000	174	313	1.952E-94	174M
vir_ires_00357.1	vir_ires_00357.1	100.000	174	313	1.952E-94	174M
vir_ires_00426.1	vir_ires_00426.1	100.000	174	313	1.952E-94	174M
vir_ires_00461.1	vir_ires_00461.1	100.000	174	313	1.952E-94	174M
vir_ires_00327.1	vir_ires_00327.1	100.000	174	313	1.952E-94	174M
vir_ires_00188.1	vir_ires_00188.1	100.000	174	313	1.952E-94	174M
vir_ires_00404.1	vir_ires_00404.1	100.000	174	313	1.952E-94	174M
vir_ires_00145.1	vir_ires_00145.1	100.000	174	313	1.952E-94	174M
vir_ires_00456.1	vir_ires_00456.1	100.000	174	313	1.952E-94	174M
vir_ires_00456.1	vir_ires_00455.1	97.600	168	285	1.063E-83	168M
vir_ires_00295.1	vir_ires_00295.1	100.000	174	313	1.952E-94	174M
vir_ires_00118.1	vir_ires_00118.1	100.000	174	313	1.952E-94	174M
vir_ires_00198.1	vir_ires_00198.1	100.000	174	313	1.952E-94	174M
vir_ires_00218.1	vir_ires_00218.1	100.000	174	313	1.952E-94	174M
vir_ires_00431.1	vir_ires_00431.1	100.000	174	313	1.952E-94	174M
vir_ires_00526.1	vir_ires_00526.1	100.000	101	182	4.267E-53	101M
eIF4GII|Homo	eIF4GII|Homo	100.000	256	460	7.642E-141	256M
hsa_ires_00006.1|Homo	hsa_ires_00006.1|Homo	100.000	174	313	1.952E-94	174M
hsa_ires_00038.1|Homo	hsa_ires_00038.1|Homo	100.000	174	313	1.952E-94	174M
hsa_ires_00070.1|Homo	hsa_ires_00070.1|Homo	100.000	174	313	1.952E-94	174M
hsa_ires_00102.1|Homo	hsa_ires_00102.1|Homo	100.000	174	313	1.952E-94	174M
hsa_ires_00134.1|Homo	hsa_ires_00134.1|Homo	100.000	174	313	1.952E-94	174M
hsa_ires_00166.1|Homo	hsa_ires_00166.1|Homo	100.000	174	313	1.952E-94	174M
hsa_ires_00198.1|Homo	hsa_ires_00198.1|Homo	100.000	174	313	1.952E-94	174M
hsa_ires_00230.1|Homo	hsa_ires_00230.1|Homo	100.000	174	313	1.952E-94	174M
hsa_ires_00262.1|Homo	hsa_ires_00262.1|Homo	100.000	174	313	1.952E-94	174M
hsa_ires_00294.1|Homo	hsa_ires_00294.1|Homo	100.000	174	313	1.952E-94	174M
hsa_ires_00326.1|Homo	hsa_ires_00326.1|Homo	100.000	174	313	1.952E-94	174M
hsa_ires_00358.1|Homo	hsa_ires_00358.1|Homo	100.000	174	313	1.952E-94	174M
hsa_ires_00390.1|Homo	hsa_ires_00390.1|Homo	100.000	174	313	1.952E-94	174M
hsa_ires_00422.1|Homo	hsa_ires_00422.1|Homo	100.000	174	313	1.952E-94	174M
hsa_ires_00454.1|Homo	hsa_ires_00454.1|Homo	100.000	174	313	1.952E-94	174M
hsa_ires_00486.1|Homo	hsa_ires_00486.1|Homo	100.000	174	313	1.952E-94	174M
hsa_ires_00518.1|Homo	hsa_ires_00518.1|Homo	100.000	174	313	1.952E-94	174M
hsa_ires_00550.1|Homo	hsa_ires_00550.1|Homo	100.000	174	313	1.952E-94	174M
hsa_ires_00582.1|Homo	hsa_ires_00582.1|Homo	100.000	117	211	3.683E-62	117M
hsa_ires_00582.1|Homo	p53_128-269|Homo	100.000	117	211	3.683E-62	117M
hsa_ires_00646.1|Homo	hsa_ires_00646.1|Homo	100.000	139	251	1.278E-74	139M
hsa_ires_00678.1|Homo	hsa_ires_00678.1|Homo	100.000	1014	1818	0.000E+00	1014M
Apaf-1|Mus	Apaf-1|Mus	100.000	583	1046	0.000E+00	583M
mmu_ires_00018.1|Mus	mmu_ires_00018.1|Mus	100.000	207	372	4.090E-113	207M
mouse_hsa_ires_00599.1	mouse_hsa_ires_00599.1	100.000	182	328	5.779E-99	182M
AF009606.1:2-354	AF009606.1:2-354	100.000	353	634	1.018E-195	353M
AF009606.1:2-354	HCV_type_1a|Hepatitis	100.000	353	634	1.018E-195	353M
LINE-1_ORF1_-101_to_-1|Mus	LINE-1_ORF1_-101_to_-1|Mus	100.000	101	182	4.267E-53	101M
LINE-1_ORF1_-101_to_-1|Mus	LINE-1_ORF1_-101_to_-1|Mus	100.000	101	182	4.267E-53	101M
LINE-1_ORF1_-101_to_-1|Mus	LINE-1_ORF1_-101_to_-1|Mus	100.000	101	182	4.267E-53	101M
LINE-1_ORF1_-101_to_-1|Mus	LINE-1_ORF1_-101_to_-1|Mus	100.000	101	182	4.267E-53	101M
vir_ires_00165.1	vir_ires_00165.1	100.000	174	313	1.952E-94	174M
vir_ires_00190.1	vir_ires_00190.1	100.000	174	313	1.952E-94	174M
vir_ires_00300.1	vir_ires_00300.1	100.000	174	313	1.952E-94	174M
vir_ires_00226.1	vir_ires_00226.1	100.000	174	313	1.952E-94	174M
vir_ires_00319.1	vir_ires_00319.1	100.000	174	313	1.952E-94	174M
vir_ires_00400.1	vir_ires_00400.1	100.000	174	313	1.952E-94	174M
vir_ires_00307.1	vir_ires_00307.1	100.000	174	313	1.952E-94	174M
vir_ires_00066.1	vir_ires_00066.1	100.000	174	313	1.952E-94	174M
vir_ires_00066.1	vir_ires_00438.1	95.700	165	266	7.757E-77	165M
vir_ires_00344.1	vir_ires_00344.1	100.000	174	313	1.952E-94	174M
vir_ires_00180.1	vir_ires_00180.1	100.000	174	313	1.952E-94	174M
vir_ires_00350.1	vir_ires_00350.1	100.000	174	313	1.952E-94	174M
vir_ires_00185.1	vir_ires_00185.1	100.000	174	313	1.952E-94	174M
vir_ires_00263.1	vir_ires_00263.1	100.000	174	313	1.952E-94	174M
vir_ires_00100.1	vir_ires_00100.1	100.000	174	313	1.952E-94	174M
vir_ires_00100.1	vir_ires_00433.1	95.100	164	259	1.381E-74	164M
vir_ires_00087.1	vir_ires_00087.1	100.000	174	313	1.952E-94	174M
vir_ires_00527.1	vir_ires_00527.1	100.000	153	276	1.511E-82	153M
CM000669.2:129028750-129028891	CM000669.2:129028750-129028891	100.000	142	256	2.557E-76	142M
eIF4GII-long|Homo	eIF4GII-long|Homo	100.000	327	587	5.187E-181	327M
hsa_ires_00007.1|Homo	hsa_ires_00007.1|Homo	100.000	174	313	1.952E-94	174M
hsa_ires_00039.1|Homo	hsa_ires_00039.1|Homo	100.000	174	313	1.952E-94	174M
hsa_ires_00071.1|Homo	hsa_ires_00071.1|Homo	100.000	174	313	1.952E-94	174M
hsa_ires_00103.1|Homo	hsa_ires_00103.1|Homo	100.000	174	313	1.952E-94	174M
hsa_ires_00135.1|Homo	hsa_ires_00135.1|Homo	100.000	174	313	1.952E-94	174M
hsa_ires_00167.1|Homo	hsa_ires_00167.1|Homo	100.000	174	313	1.952E-94	174M
hsa_ires_00199.1|Homo	hsa_ires_00199.1|Homo	100.000	174	313	1.952E-94	174M
hsa_ires_00231.1|Homo	hsa_ires_00231.1|Homo	100.000	174	313	1.952E-94	174M
hsa_ires_00263.1|Homo	hsa_ires_00263.1|Homo	100.000	174	313	1.952E-94	174M
hsa_ires_00295.1|Homo	hsa_ires_00295.1|Homo	100.000	174	313	1.952E-94	174M
hsa_ires_00327.1|Homo	hsa_ires_00327.1|Homo	100.000	174	313	1.952E-94	174M
hsa_ires_00359.1|Homo	hsa_ires_00359.1|Homo	100.000	174	313	1.952E-94	174M
hsa_ires_00391.1|Homo	hsa_ires_00391.1|Homo	100.000	174	313	1.952E-94	174M
hsa_ires_00423.1|Homo	hsa_ires_00423.1|Homo	100.000	174	313	1.952E-94	174M
hsa_ires_00455.1|Homo	hsa_ires_00455.1|Homo	100.000	174	313	1.952E-94	174M
hsa_ires_00487.1|Homo	hsa_ires_00487.1|Homo	100.000	174	313	1.952E-94	174M
hsa_ires_00519.1|Homo	hsa_ires_00519.1|Homo	100.000	174	313	1.952E-94	174M
hsa_ires_00551.1|Homo	hsa_ires_00551.1|Homo	100.000	174	313	1.952E-94	174M
hsa_ires_00583.1|Homo	hsa_ires_00583.1|Homo	100.000	180	324	7.834E-98	180M
hsa_ires_00615.1|Homo	hsa_ires_00615.1|Homo	100.000	31	57	2.098E-13	31M
hsa_ires_00647.1|Homo	hsa_ires_00647.1|Homo	100.000	80	145	3.391E-41	80M
hsa_ires_00679.1|Homo	hsa_ires_00679.1|Homo	100.000	63	114	1.472E-31	63M
mmu_ires_00019.1|Mus	mmu_ires_00019.1|Mus	100.000	125	225	1.084E-66	125M
mouse_hsa_ires_00347.1	mouse_hsa_ires_00347.1	100.000	102	184	1.158E-53	102M
mouse_hsa_ires_00315.1	mouse_hsa_ires_00315.1	100.000	156	281	3.026E-84	156M
AF308157.1:595-1057	AF308157.1:595-1057	100.000	463	831	6.210E-258	463M
CrPV_5NCR|Cricket	CrPV_5NCR|Cricket	100.000	708	1270	0.000E+00	708M
CrPV_5NCR|Cricket	CrPV_5NCR|Cricket	100.000	708	1270	0.000E+00	708M
vir_ires_00238.1	vir_ires_00238.1	100.000	174	313	1.952E-94	174M
vir_ires_00284.1	vir_ires_00284.1	100.000	174	313	1.952E-94	174M
vir_ires_00052.1	vir_ires_00052.1	100.000	174	313	1.952E-94	174M
vir_ires_00139.1	vir_ires_00139.1	100.000	174	313	1.952E-94	174M
vir_ires_00225.1	vir_ires_00225.1	100.000	174	313	1.952E-94	174M
vir_ires_00142.1	vir_ires_00142.1	100.000	174	313	1.952E-94	174M
vir_ires_00458.1	vir_ires_00458.1	100.000	174	313	1.952E-94	174M
vir_ires_00079.1	vir_ires_00079.1	100.000	174	313	1.952E-94	174M
vir_ires_00113.1	vir_ires_00113.1	100.000	174	313	1.952E-94	174M
vir_ires_00292.1	vir_ires_00292.1	100.000	174	313	1.952E-94	174M
vir_ires_00413.1	vir_ires_00413.1	100.000	174	313	1.952E-94	174M
vir_ires_00330.1	vir_ires_00330.1	100.000	174	313	1.952E-94	174M
vir_ires_00174.1	vir_ires_00174.1	100.000	174	313	1.952E-94	174M
vir_ires_00172.1	vir_ires_00172.1	100.000	174	313	1.952E-94	174M
vir_ires_00108.1	vir_ires_00108.1	100.000	174	313	1.952E-94	174M
vir_ires_00320.1	vir_ires_00320.1	100.000	174	313	1.952E-94	174M
vir_ires_00528.1	vir_ires_00528.1	100.000	143	258	6.943E-77	143M
ELG1|Homo	ELG1|Homo	100.000	460	826	3.088E-256	460M
ELG1|Homo	hsa_ires_00619.1|Homo	95.800	480	785	3.506E-241	145M20D315M
hsa_ires_00008.1|Homo	hsa_ires_00008.1|Homo	100.000	174	313	1.952E-94	174M
hsa_ires_00040.1|Homo	hsa_ires_00040.1|Homo	100.000	174	313	1.952E-94	174M
hsa_ires_00072.1|Homo	hsa_ires_00072.1|Homo	100.000	174	313	1.952E-94	174M
hsa_ires_00104.1|Homo	hsa_ires_00104.1|Homo	100.000	174	313	1.952E-94	174M
hsa_ires_00136.1|Homo	hsa_ires_00136.1|Homo	100.000	174	313	1.952E-94	174M
hsa_ires_00168.1|Homo	hsa_ires_00168.1|Homo	100.000	174	313	1.952E-94	174M
hsa_ires_00200.1|Homo	hsa_ires_00200.1|Homo	100.000	174	313	1.952E-94	174M
hsa_ires_00232.1|Homo	hsa_ires_00232.1|Homo	100.000	174	313	1.952E-94	174M
hsa_ires_00264.1|Homo	hsa_ires_00264.1|Homo	100.000	174	313	1.952E-94	174M
hsa_ires_00296.1|Homo	hsa_ires_00296.1|Homo	100.000	174	313	1.952E-94	174M
hsa_ires_00328.1|Homo	hsa_ires_00328.1|Homo	100.000	174	313	1.952E-94	174M
hsa_ires_00360.1|Homo	hsa_ires_00360.1|Homo	100.000	174	313	1.952E-94	174M
hsa_ires_00392.1|Homo	hsa_ires_00392.1|Homo	100.000	174	313	1.952E-94	174M
hsa_ires_00424.1|Homo	hsa_ires_00424.1|Homo	100.000	174	313	1.952E-94	174M
hsa_ires_00456.1|Homo	hsa_ires_00456.1|Homo	100.000	174	313	1.952E-94	174M
hsa_ires_00488.1|Homo	hsa_ires_00488.1|Homo	100.000	174	313	1.952E-94	174M
hsa_ires_00520.1|Homo	hsa_ires_00520.1|Homo	100.000	174	313	1.952E-94	174M
hsa_ires_00552.1|Homo	hsa_ires_00552.1|Homo	100.000	174	313	1.952E-94	174M
hsa_ires_00584.1|Homo	hsa_ires_00584.1|Homo	100.000	237	426	4.308E-130	237M
hsa_ires_00616.1|Homo	hsa_ires_00616.1|Homo	100.000	294	528	2.418E-162	294M
hsa_ires_00616.1|Homo	CM000668.2:43770953-43771261	100.000	294	528	2.418E-162	294M
hsa_ires_00648.1|Homo	hsa_ires_00648.1|Homo	100.000	348	625	6.852E-193	348M
hsa_ires_00680.1|Homo	hsa_ires_00680.1|Homo	100.000	95	172	1.071E-49	95M
mmu_ires_00020.1|Mus	mmu_ires_00020.1|Mus	100.000	489	878	1.229E-272	489M
X96871.1:402-893	X96871.1:402-893	100.000	492	883	2.472E-274	492M
vir_ires_00181.1	vir_ires_00181.1	100.000	174	313	1.952E-94	174M
vir_ires_00181.1	vir_ires_00058.1	91.200	172	239	2.445E-67	13M1D14M5D139M
vir_ires_00056.1	vir_ires_00056.1	100.000	174	313	1.952E-94	174M
vir_ires_00449.1	vir_ires_00449.1	100.000	174	313	1.952E-94	174M
vir_ires_00449.1	vir_ires_00385.1	95.200	167	265	1.631E-76	167M
vir_ires_00509.1	vir_ires_00509.1	100.000	252	453	1.401E-138	252M
vir_ires_00065.1	vir_ires_00065.1	100.000	174	313	1.952E-94	174M
vir_ires_00273.1	vir_ires_00273.1	100.000	174	313	1.952E-94	174M
vir_ires_00278.1	vir_ires_00278.1	100.000	174	313	1.952E-94	174M
vir_ires_00336.1	vir_ires_00336.1	100.000	174	313	1.952E-94	174M
vir_ires_00091.1	vir_ires_00091.1	100.000	174	313	1.952E-94	174M
vir_ires_00348.1	vir_ires_00348.1	100.000	174	313	1.952E-94	174M
vir_ires_00348.1	IAPV_IGRpred|Israel	86.300	183	235	4.210E-66	0M25D158M
vir_ires_00220.1	vir_ires_00220.1	100.000	174	313	1.952E-94	174M
vir_ires_00202.1	vir_ires_00202.1	100.000	174	313	1.952E-94	174M
vir_ires_00452.1	vir_ires_00452.1	100.000	174	313	1.952E-94	174M
vir_ires_00452.1	vir_ires_00028.1	98.200	167	287	1.080E-84	167M
vir_ires_00249.1	vir_ires_00249.1	100.000	174	313	1.952E-94	174M
vir_ires_00122.1	vir_ires_00122.1	100.000	174	313	1.952E-94	174M
CM000667.2:109052656-109052458	CM000667.2:109052656-109052458	100.000	199	358	1.379E-108	199M
FGF1A|Homo	FGF1A|Homo	100.000	434	779	1.563E-241	434M
hsa_ires_00009.1|Homo	hsa_ires_00009.1|Homo	100.000	174	313	1.952E-94	174M
hsa_ires_00041.1|Homo	hsa_ires_00041.1|Homo	100.000	174	313	1.952E-94	174M
hsa_ires_00073.1|Homo	hsa_ires_00073.1|Homo	100.000	174	313	1.952E-94	174M
hsa_ires_00105.1|Homo	hsa_ires_00105.1|Homo	100.000	174	313	1.952E-94	174M
hsa_ires_00137.1|Homo	hsa_ires_00137.1|Homo	100.000	174	313	1.952E-94	174M
hsa_ires_00169.1|Homo	hsa_ires_00169.1|Homo	100.000	174	313	1.952E-94	174M
hsa_ires_00201.1|Homo	hsa_ires_00201.1|Homo	100.000	174	313	1.952E-94	174M
hsa_ires_00233.1|Homo	hsa_ires_00233.1|Homo	100.000	174	313	1.952E-94	174M
hsa_ires_00265.1|Homo	hsa_ires_00265.1|Homo	100.000	174	313	1.952E-94	174M
hsa_ires_00297.1|Homo	hsa_ires_00297.1|Homo	100.000	174	313	1.952E-94	174M
hsa_ires_00329.1|Homo	hsa_ires_00329.1|Homo	100.000	174	313	1.952E-94	174M
hsa_ires_00361.1|Homo	hsa_ires_00361.1|Homo	100.000	174	313	1.952E-94	174M
hsa_ires_00393.1|Homo	hsa_ires_00393.1|Homo	100.000	174	313	1.952E-94	174M
hsa_ires_00425.1|Homo	hsa_ires_00425.1|Homo	100.000	174	313	1.952E-94	174M
hsa_ires_00457.1|Homo	hsa_ires_00457.1|Homo	100.000	174	313	1.952E-94	174M
hsa_ires_00489.1|Homo	hsa_ires_00489.1|Homo	100.000	174	313	1.952E-94	174M
hsa_ires_00521.1|Homo	hsa_ires_00521.1|Homo	100.000	174	313	1.952E-94	174M
hsa_ires_00553.1|Homo	hsa_ires_00553.1|Homo	100.000	174	313	1.952E-94	174M
hsa_ires_00585.1|Homo	hsa_ires_00585.1|Homo	100.000	94	170	3.948E-49	94M
hsa_ires_00617.1|Homo	hsa_ires_00617.1|Homo	100.000	156	281	3.026E-84	156M
hsa_ires_00649.1|Homo	hsa_ires_00649.1|Homo	100.000	120	216	7.361E-64	120M
hsa_ires_00681.1|Homo	hsa_ires_00681.1|Homo	100.000	98	177	2.137E-51	98M
mmu_ires_00021.1|Mus	mmu_ires_00021.1|Mus	100.000	212	381	6.053E-116	212M
AF218039.1:6028-6223	AF218039.1:6028-6223	100.000	196	353	6.879E-107	196M
AF218039.1:6028-6223	vir_ires_00474.1	97.000	201	336	1.757E-100	0M6D195M
vir_ires_00335.1	vir_ires_00335.1	100.000	174	313	1.952E-94	174M
vir_ires_00475.1	vir_ires_00475.1	100.000	232	417	2.909E-127	232M
vir_ires_00371.1	vir_ires_00371.1	100.000	174	313	1.952E-94	174M
vir_ires_00372.1	vir_ires_00372.1	100.000	174	313	1.952E-94	174M
vir_ires_00324.1	vir_ires_00324.1	100.000	174	313	1.952E-94	174M
vir_ires_00427.1	vir_ires_00427.1	100.000	174	313	1.952E-94	174M
vir_ires_00393.1	vir_ires_00393.1	100.000	174	313	1.952E-94	174M
vir_ires_00472.1	vir_ires_00472.1	100.000	334	600	5.691E-185	334M
vir_ires_00211.1	vir_ires_00211.1	100.000	174	313	1.952E-94	174M
vir_ires_00471.1	vir_ires_00471.1	100.000	518	930	4.897E-289	518M
vir_ires_00099.1	vir_ires_00099.1	100.000	174	313	1.952E-94	174M
vir_ires_00402.1	vir_ires_00402.1	100.000	174	313	1.952E-94	174M
vir_ires_00401.1	vir_ires_00401.1	100.000	174	313	1.952E-94	174M
vir_ires_00205.1	vir_ires_00205.1	100.000	174	313	1.952E-94	174M
vir_ires_00286.1	vir_ires_00286.1	100.000	174	313	1.952E-94	174M
vir_ires_00530.1	vir_ires_00530.1	100.000	297	534	4.856E-164	297M
hsa_ires_00010.1|Homo	hsa_ires_00010.1|Homo	100.000	174	313	1.952E-94	174M
hsa_ires_00042.1|Homo	hsa_ires_00042.1|Homo	100.000	174	313	1.952E-94	174M
hsa_ires_00074.1|Homo	hsa_ires_00074.1|Homo	100.000	174	313	1.952E-94	174M
hsa_ires_00106.1|Homo	hsa_ires_00106.1|Homo	100.000	174	313	1.952E-94	174M
hsa_ires_00138.1|Homo	hsa_ires_00138.1|Homo	100.000	174	313	1.952E-94	174M
hsa_ires_00170.1|Homo	hsa_ires_00170.1|Homo	100.000	174	313	1.952E-94	174M
hsa_ires_00202.1|Homo	hsa_ires_00202.1|Homo	100.000	174	313	1.952E-94	174M
hsa_ires_00234.1|Homo	hsa_ires_00234.1|Homo	100.000	174	313	1.952E-94	174M
hsa_ires_00266.1|Homo	hsa_ires_00266.1|Homo	100.000	174	313	1.952E-94	174M
hsa_ires_00298.1|Homo	hsa_ires_00298.1|Homo	100.000	174	313	1.952E-94	174M
hsa_ires_00330.1|Homo	hsa_ires_00330.1|Homo	100.000	174	313	1.952E-94	174M
hsa_ires_00362.1|Homo	hsa_ires_00362.1|Homo	100.000	174	313	1.952E-94	174M
hsa_ires_00394.1|Homo	hsa_ires_00394.1|Homo	100.000	174	313	1.952E-94	174M
hsa_ires_00426.1|Homo	hsa_ires_00426.1|Homo	100.000	174	313	1.952E-94	174M
hsa_ires_00458.1|Homo	hsa_ires_00458.1|Homo	100.000	174	313	1.952E-94	174M
hsa_ires_00490.1|Homo	hsa_ires_00490.1|Homo	100.000	174	313	1.952E-94	174M
hsa_ires_00522.1|Homo	hsa_ires_00522.1|Homo	100.000	174	313	1.952E-94	174M
hsa_ires_00554.1|Homo	hsa_ires_00554.1|Homo	100.000	174	313	1.952E-94	174M
hsa_ires_00586.1|Homo	hsa_ires_00586.1|Homo	100.000	100	181	1.573E-52	100M
hsa_ires_00618.1|Homo	hsa_ires_00618.1|Homo	100.000	149	268	2.781E-80	149M
hsa_ires_00618.1|Homo	MYT2_997-1152|Homo	100.000	146	263	3.045E-78	146M
hsa_ires_00650.1|Homo	hsa_ires_00650.1|Homo	100.000	181	326	2.128E-98	181M
hsa_ires_00682.1|Homo	hsa_ires_00682.1|Homo	100.000	518	930	4.897E-289	518M
mmu_ires_00022.1|Mus	mmu_ires_00022.1|Mus	100.000	300	539	9.752E-166	300M
mouse_hsa_ires_00416.1	mouse_hsa_ires_00207.1	100.000	137	247	1.734E-73	137M
mouse_hsa_ires_00416.1	mouse_hsa_ires_00416.1	100.000	137	247	1.734E-73	137M
mouse_hsa_ires_00252.1	mouse_hsa_ires_00252.1	100.000	26	48	1.443E-10	26M
PSIV_IGR|Plautia	PSIV_IGR|Plautia	100.000	145	261	5.118E-78	145M
vir_ires_00334.1	vir_ires_00334.1	100.000	174	313	1.952E-94	174M
vir_ires_00229.1	vir_ires_00229.1	100.000	174	313	1.952E-94	174M
vir_ires_00092.1	vir_ires_00092.1	100.000	174	313	1.952E-94	174M
vir_ires_00133.1	vir_ires_00133.1	100.000	174	313	1.952E-94	174M
vir_ires_00084.1	vir_ires_00084.1	100.000	174	313	1.952E-94	174M
vir_ires_00064.1	vir_ires_00064.1	100.000	174	313	1.952E-94	174M
vir_ires_00294.1	vir_ires_00294.1	100.000	174	313	1.952E-94	174M
vir_ires_00479.1	vir_ires_00479.1	100.000	77	139	1.701E-39	77M
vir_ires_00430.1	vir_ires_00430.1	100.000	174	313	1.952E-94	174M
vir_ires_00341.1	vir_ires_00341.1	100.000	174	313	1.952E-94	174M
vir_ires_00341.1	vir_ires_00440.1	98.800	168	294	5.068E-87	168M
vir_ires_00498.1	vir_ires_00498.1	100.000	432	775	2.114E-240	432M
vir_ires_00112.1	vir_ires_00112.1	100.000	174	313	1.952E-94	174M
vir_ires_00102.1	vir_ires_00102.1	100.000	174	313	1.952E-94	174M
vir_ires_00102.1	vir_ires_00101.1	100.000	161	290	1.090E-85	161M
vir_ires_00031.1	vir_ires_00031.1	100.000	174	313	1.952E-94	174M
vir_ires_00531.1	vir_ires_00531.1	100.000	739	1326	0.000E+00	739M
CM000667.2:142697800-142697634	CM000667.2:142697800-142697634	100.000	167	301	1.791E-90	167M
hSNM1|Homo	hsa_ires_00603.1|Homo	100.000	918	1646	0.000E+00	918M
hSNM1|Homo	hSNM1|Homo	100.000	918	1646	0.000E+00	918M
hsa_ires_00011.1|Homo	hsa_ires_00011.1|Homo	100.000	174	313	1.952E-94	174M
hsa_ires_00043.1|Homo	hsa_ires_00043.1|Homo	100.000	174	313	1.952E-94	174M
hsa_ires_00075.1|Homo	hsa_ires_00075.1|Homo	100.000	174	313	1.952E-94	174M
hsa_ires_00107.1|Homo	hsa_ires_00107.1|Homo	100.000	174	313	1.952E-94	174M
hsa_ires_00139.1|Homo	hsa_ires_00139.1|Homo	100.000	174	313	1.952E-94	174M
hsa_ires_00171.1|Homo	hsa_ires_00171.1|Homo	100.000	174	313	1.952E-94	174M
hsa_ires_00203.1|Homo	hsa_ires_00203.1|Homo	100.000	174	313	1.952E-94	174M
hsa_ires_00235.1|Homo	hsa_ires_00235.1|Homo	100.000	174	313	1.952E-94	174M
hsa_ires_00267.1|Homo	hsa_ires_00267.1|Homo	100.000	174	313	1.952E-94	174M
hsa_ires_00299.1|Homo	hsa_ires_00299.1|Homo	100.000	174	313	1.952E-94	174M
hsa_ires_00331.1|Homo	hsa_ires_00331.1|Homo	100.000	174	313	1.952E-94	174M
hsa_ires_00363.1|Homo	hsa_ires_00363.1|Homo	100.000	174	313	1.952E-94	174M
hsa_ires_00395.1|Homo	hsa_ires_00395.1|Homo	100.000	174	313	1.952E-94	174M
hsa_ires_00427.1|Homo	hsa_ires_00427.1|Homo	100.000	174	313	1.952E-94	174M
hsa_ires_00459.1|Homo	hsa_ires_00459.1|Homo	100.000	174	313	1.952E-94	174M
hsa_ires_00491.1|Homo	hsa_ires_00491.1|Homo	100.000	174	313	1.952E-94	174M
hsa_ires_00523.1|Homo	hsa_ires_00523.1|Homo	100.000	174	313	1.952E-94	174M
hsa_ires_00555.1|Homo	hsa_ires_00555.1|Homo	100.000	174	313	1.952E-94	174M
hsa_ires_00587.1|Homo	hsa_ires_00587.1|Homo	100.000	180	324	7.834E-98	180M
hsa_ires_00651.1|Homo	hsa_ires_00651.1|Homo	100.000	159	286	6.058E-86	159M
hsa_ires_00683.1|Homo	hsa_ires_00683.1|Homo	100.000	94	170	3.948E-49	94M
HIF1a|Mus	HIF1a|Mus	100.000	257	462	2.077E-141	257M
HIF1a|Mus	CM001005.3:73954790-73955066	98.000	260	434	5.239E-131	110M1D11M1D12M1D124M
HIF1a|Mus	mouse_CM000676.2:61695528-61695807	98.000	260	434	5.239E-131	110M1D11M1D12M1D124M
HIF1a|Mus	mmu_ires_00001.1|Mus	98.000	260	434	5.239E-131	110M1D11M1D12M1D124M
mmu_ires_00023.1|Mus	mmu_ires_00023.1|Mus	100.000	404	725	1.449E-224	404M
mouse_hsa_ires_00016.1	mouse_hsa_ires_00016.1	100.000	65	118	1.081E-32	65M
mouse_hsa_ires_00387.1	mouse_hsa_ires_00387.1	100.000	160	288	1.645E-86	160M
KX883979.1:6097-6308	KX883979.1:6097-6308	100.000	212	381	6.053E-116	212M
PV_type1_Mahoney|Human	PV_type1_Mahoney|Human	100.000	312	560	1.586E-172	312M
vir_ires_00375.1	vir_ires_00375.1	100.000	174	313	1.952E-94	174M
vir_ires_00382.1	vir_ires_00382.1	100.000	174	313	1.952E-94	174M
vir_ires_00501.1	vir_ires_00501.1	100.000	422	758	9.564E-235	422M
vir_ires_00303.1	vir_ires_00303.1	100.000	174	313	1.952E-94	174M
vir_ires_00158.1	vir_ires_00158.1	100.000	174	313	1.952E-94	174M
vir_ires_00154.1	vir_ires_00154.1	100.000	174	313	1.952E-94	174M
vir_ires_00361.1	vir_ires_00361.1	100.000	174	313	1.952E-94	174M
vir_ires_00361.1	vir_ires_00339.1	97.000	172	280	4.732E-82	30M1D98M1D42M
vir_ires_00484.1	vir_ires_00484.1	100.000	191	344	4.651E-104	191M
vir_ires_00505.1	vir_ires_00505.1	100.000	741	1329	0.000E+00	741M
vir_ires_00505.1	CVB3|Human	99.400	742	1309	0.000E+00	32M1D709M
vir_ires_00146.1	vir_ires_00146.1	100.000	174	313	1.952E-94	174M
vir_ires_00135.1	vir_ires_00135.1	100.000	174	313	1.952E-94	174M
vir_ires_00076.1	vir_ires_00076.1	100.000	174	313	1.952E-94	174M
vir_ires_00137.1	vir_ires_00137.1	100.000	174	313	1.952E-94	174M
vir_ires_00234.1	vir_ires_00234.1	100.000	174	313	1.952E-94	174M
vir_ires_00532.1	vir_ires_00532.1	100.000	182	328	5.779E-99	182M
CM000676.2:61695528-61695807	CM000676.2:61695528-61695807	100.000	280	503	2.014E-154	280M
hsa_ires_00012.1|Homo	hsa_ires_00012.1|Homo	100.000	174	313	1.952E-94	174M
hsa_ires_00044.1|Homo	hsa_ires_00044.1|Homo	100.000	174	313	1.952E-94	174M
hsa_ires_00076.1|Homo	hsa_ires_00076.1|Homo	100.000	174	313	1.952E-94	174M
hsa_ires_00108.1|Homo	hsa_ires_00108.1|Homo	100.000	174	313	1.952E-94	174M
hsa_ires_00140.1|Homo	hsa_ires_00140.1|Homo	100.000	174	313	1.952E-94	174M
hsa_ires_00172.1|Homo	hsa_ires_00172.1|Homo	100.000	174	313	1.952E-94	174M
hsa_ires_00204.1|Homo	hsa_ires_00204.1|Homo	100.000	174	313	1.952E-94	174M
hsa_ires_00236.1|Homo	hsa_ires_00236.1|Homo	100.000	174	313	1.952E-94	174M
hsa_ires_00268.1|Homo	hsa_ires_00268.1|Homo	100.000	174	313	1.952E-94	174M
hsa_ires_00300.1|Homo	hsa_ires_00300.1|Homo	100.000	174	313	1.952E-94	174M
hsa_ires_00332.1|Homo	hsa_ires_00332.1|Homo	100.000	174	313	1.952E-94	174M
hsa_ires_00364.1|Homo	hsa_ires_00364.1|Homo	100.000	174	313	1.952E-94	174M
hsa_ires_00396.1|Homo	hsa_ires_00396.1|Homo	100.000	174	313	1.952E-94	174M
hsa_ires_00428.1|Homo	hsa_ires_00428.1|Homo	100.000	174	313	1.952E-94	174M
hsa_ires_00460.1|Homo	hsa_ires_00460.1|Homo	100.000	174	313	1.952E-94	174M
hsa_ires_00492.1|Homo	hsa_ires_00492.1|Homo	100.000	174	313	1.952E-94	174M
hsa_ires_00524.1|Homo	hsa_ires_00524.1|Homo	100.000	174	313	1.952E-94	174M
hsa_ires_00556.1|Homo	hsa_ires_00556.1|Homo	100.000	174	313	1.952E-94	174M
hsa_ires_00588.1|Homo	hsa_ires_00588.1|Homo	100.000	71	129	4.286E-36	71M
hsa_ires_00620.1|Homo	hsa_ires_00620.1|Homo	100.000	1137	2039	0.000E+00	1137M
hsa_ires_00620.1|Homo	BCL2|Homo	99.900	1137	2034	0.000E+00	1137M
hsa_ires_00652.1|Homo	hsa_ires_00652.1|Homo	100.000	190	342	1.712E-103	190M
hsa_ires_00684.1|Homo	hsa_ires_00684.1|Homo	100.000	147	265	3.772E-79	147M
Kv1.4_1.2|Mus	Kv1.4_1.2|Mus	100.000	1197	2146	0.000E+00	1197M
mmu_ires_00024.1|Mus	mmu_ires_00024.1|Mus	100.000	183	329	1.570E-99	183M
mouse_hsa_ires_00368.1	mouse_hsa_ires_00439.1	100.000	84	152	1.833E-43	84M
mouse_hsa_ires_00368.1	mouse_hsa_ires_00368.1	100.000	84	152	1.833E-43	84M
KX884348.1:7089-7293	KX884348.1:7089-7293	100.000	205	369	5.542E-112	205M
PV_type3_Leon|Human	PV_type3_Leon|Human	100.000	742	1331	0.000E+00	742M
vir_ires_00231.1	vir_ires_00231.1	100.000	174	313	1.952E-94	174M
vir_ires_00161.1	vir_ires_00161.1	100.000	174	313	1.952E-94	174M
vir_ires_00425.1	vir_ires_00425.1	100.000	174	313	1.952E-94	174M
vir_ires_00425.1	vir_ires_00378.1	91.600	167	238	4.989E-67	167M
vir_ires_00071.1	vir_ires_00071.1	100.000	174	313	1.952E-94	174M
vir_ires_00016.1	vir_ires_00016.1	100.000	174	313	1.952E-94	174M
vir_ires_00508.1	vir_ires_00508.1	100.000	628	1127	0.000E+00	628M
vir_ires_00428.1	vir_ires_00428.1	100.000	174	313	1.952E-94	174M
vir_ires_00428.1	vir_ires_00026.1	98.200	168	289	2.343E-85	168M
vir_ires_00338.1	vir_ires_00338.1	100.000	174	313	1.952E-94	174M
vir_ires_00011.1	vir_ires_00011.1	100.000	174	313	1.952E-94	174M
vir_ires_00507.1	vir_ires_00507.1	100.000	691	1240	0.000E+00	691M
vir_ires_00507.1	GBV-A|Hepatitis	99.800	691	1235	0.000E+00	691M
vir_ires_00331.1	vir_ires_00331.1	100.000	174	313	1.952E-94	174M
vir_ires_00068.1	vir_ires_00068.1	100.000	174	313	1.952E-94	174M
vir_ires_00068.1	vir_ires_00186.1	94.200	174	267	3.687E-77	84M3I87M
vir_ires_00328.1	vir_ires_00328.1	100.000	174	313	1.952E-94	174M
vir_ires_00217.1	vir_ires_00217.1	100.000	174	313	1.952E-94	174M
vir_ires_00280.1	vir_ires_00280.1	100.000	174	313	1.952E-94	174M
vir_ires_00422.1	vir_ires_00422.1	100.000	174	313	1.952E-94	174M
vir_ires_00533.1	vir_ires_00533.1	100.000	310	557	2.147E-171	310M
vir_ires_00533.1	vir_ires_00523.1	96.100	310	500	4.086E-150	150M1D159M
IGF2_leader2|Homo	IGF2_leader2|Homo	100.000	121	218	1.998E-64	121M
IGF2_leader2|Homo	mouse_hsa_ires_00526.1	90.900	121	169	2.785E-46	121M
hsa_ires_00013.1|Homo	hsa_ires_00013.1|Homo	100.000	174	313	1.952E-94	174M
hsa_ires_00045.1|Homo	hsa_ires_00045.1|Homo	100.000	174	313	1.952E-94	174M
hsa_ires_00077.1|Homo	hsa_ires_00077.1|Homo	100.000	174	313	1.952E-94	174M
hsa_ires_00109.1|Homo	hsa_ires_00109.1|Homo	100.000	174	313	1.952E-94	174M
hsa_ires_00141.1|Homo	hsa_ires_00141.1|Homo	100.000	174	313	1.952E-94	174M
hsa_ires_00173.1|Homo	hsa_ires_00173.1|Homo	100.000	174	313	1.952E-94	174M
hsa_ires_00205.1|Homo	hsa_ires_00205.1|Homo	100.000	174	313	1.952E-94	174M
hsa_ires_00237.1|Homo	hsa_ires_00237.1|Homo	100.000	174	313	1.952E-94	174M
hsa_ires_00269.1|Homo	hsa_ires_00269.1|Homo	100.000	174	313	1.952E-94	174M
hsa_ires_00301.1|Homo	hsa_ires_00301.1|Homo	100.000	174	313	1.952E-94	174M
hsa_ires_00333.1|Homo	hsa_ires_00333.1|Homo	100.000	174	313	1.952E-94	174M
hsa_ires_00365.1|Homo	hsa_ires_00365.1|Homo	100.000	174	313	1.952E-94	174M
hsa_ires_00397.1|Homo	hsa_ires_00397.1|Homo	100.000	174	313	1.952E-94	174M
hsa_ires_00429.1|Homo	hsa_ires_00429.1|Homo	100.000	174	313	1.952E-94	174M
hsa_ires_00461.1|Homo	hsa_ires_00461.1|Homo	100.000	174	313	1.952E-94	174M
hsa_ires_00493.1|Homo	hsa_ires_00493.1|Homo	100.000	174	313	1.952E-94	174M
hsa_ires_00525.1|Homo	hsa_ires_00525.1|Homo	100.000	174	313	1.952E-94	174M
hsa_ires_00557.1|Homo	hsa_ires_00557.1|Homo	100.000	174	313	1.952E-94	174M
hsa_ires_00589.1|Homo	hsa_ires_00589.1|Homo	100.000	228	410	5.337E-125	228M
hsa_ires_00621.1|Homo	hsa_ires_00621.1|Homo	100.000	170	306	3.588E-92	170M
hsa_ires_00653.1|Homo	hsa_ires_00653.1|Homo	100.000	257	462	2.077E-141	257M
hsa_ires_00685.1|Homo	hsa_ires_00685.1|Homo	100.000	278	500	2.727E-153	278M
mmu_ires_00025.1|Mus	mmu_ires_00025.1|Mus	100.000	193	347	3.432E-105	193M
KX884282.1:5938-6130	KX884282.1:5938-6130	100.000	193	347	3.432E-105	193M
REV-A|Reticuloendotheliosis	REV-A|Reticuloendotheliosis	100.000	577	1035	2.124E-322	577M
vir_ires_00313.1	vir_ires_00313.1	100.000	174	313	1.952E-94	174M
vir_ires_00162.1	vir_ires_00162.1	100.000	174	313	1.952E-94	174M
vir_ires_00412.1	vir_ires_00412.1	100.000	174	313	1.952E-94	174M
vir_ires_00166.1	vir_ires_00166.1	100.000	174	313	1.952E-94	174M
vir_ires_00222.1	vir_ires_00222.1	100.000	174	313	1.952E-94	174M
vir_ires_00132.1	vir_ires_00132.1	100.000	174	313	1.952E-94	174M
vir_ires_00365.1	vir_ires_00365.1	100.000	174	313	1.952E-94	174M
vir_ires_00067.1	vir_ires_00067.1	100.000	174	313	1.952E-94	174M
vir_ires_00429.1	vir_ires_00429.1	100.000	174	313	1.952E-94	174M
vir_ires_00429.1	vir_ires_00047.1	94.600	167	260	6.606E-75	167M
vir_ires_00495.1	ALPV_IGRpred|Aphid	100.000	184	331	4.264E-100	184M
vir_ires_00495.1	vir_ires_00495.1	100.000	184	331	4.264E-100	184M
vir_ires_00168.1	vir_ires_00168.1	100.000	174	313	1.952E-94	174M
vir_ires_00224.1	vir_ires_00224.1	100.000	174	313	1.952E-94	174M
vir_ires_00271.1	vir_ires_00271.1	100.000	174	313	1.952E-94	174M
vir_ires_00268.1	vir_ires_00268.1	100.000	174	313	1.952E-94	174M
vir_ires_00391.1	vir_ires_00391.1	100.000	174	313	1.952E-94	174M
vir_ires_00534.1	vir_ires_00534.1	100.000	120	216	7.361E-64	120M
CM000685.2:18534867-18535067	CM000685.2:18534867-18535067	100.000	201	362	1.018E-109	201M
L-myc|Homo	L-myc|Homo	100.000	52	95	2.549E-25	52M
hsa_ires_00014.1|Homo	hsa_ires_00014.1|Homo	100.000	174	313	1.952E-94	174M
hsa_ires_00046.1|Homo	hsa_ires_00046.1|Homo	100.000	174	313	1.952E-94	174M
hsa_ires_00078.1|Homo	hsa_ires_00078.1|Homo	100.000	174	313	1.952E-94	174M
hsa_ires_00110.1|Homo	hsa_ires_00110.1|Homo	100.000	174	313	1.952E-94	174M
hsa_ires_00174.1|Homo	hsa_ires_00174.1|Homo	100.000	174	313	1.952E-94	174M
hsa_ires_00206.1|Homo	hsa_ires_00206.1|Homo	100.000	174	313	1.952E-94	174M
hsa_ires_00238.1|Homo	hsa_ires_00238.1|Homo	100.000	174	313	1.952E-94	174M
hsa_ires_00270.1|Homo	hsa_ires_00270.1|Homo	100.000	174	313	1.952E-94	174M
hsa_ires_00302.1|Homo	hsa_ires_00302.1|Homo	100.000	174	313	1.952E-94	174M
hsa_ires_00334.1|Homo	hsa_ires_00334.1|Homo	100.000	174	313	1.952E-94	174M
hsa_ires_00366.1|Homo	hsa_ires_00366.1|Homo	100.000	174	313	1.952E-94	174M
hsa_ires_00398.1|Homo	hsa_ires_00398.1|Homo	100.000	174	313	1.952E-94	174M
hsa_ires_00430.1|Homo	hsa_ires_00430.1|Homo	100.000	174	313	1.952E-94	174M
hsa_ires_00462.1|Homo	hsa_ires_00462.1|Homo	100.000	174	313	1.952E-94	174M
hsa_ires_00494.1|Homo	hsa_ires_00494.1|Homo	100.000	174	313	1.952E-94	174M
hsa_ires_00526.1|Homo	hsa_ires_00526.1|Homo	100.000	174	313	1.952E-94	174M
hsa_ires_00558.1|Homo	hsa_ires_00558.1|Homo	100.000	174	313	1.952E-94	174M
hsa_ires_00590.1|Homo	hsa_ires_00590.1|Homo	100.000	150	270	7.550E-81	150M
hsa_ires_00622.1|Homo	hsa_ires_00622.1|Homo	100.000	62	113	5.432E-31	62M
hsa_ires_00654.1|Homo	hsa_ires_00654.1|Homo	100.000	107	193	1.702E-56	107M
hsa_ires_00686.1|Homo	hsa_ires_00686.1|Homo	100.000	335	602	1.547E-185	335M
NDST2|Mus	mmu_ires_00004.1|Mus	100.000	750	1345	0.000E+00	750M
NDST2|Mus	NDST2|Mus	100.000	750	1345	0.000E+00	750M
mmu_ires_00026.1|Mus	mmu_ires_00026.1|Mus	100.000	1015	1820	0.000E+00	1015M
mouse_hsa_ires_00059.1	mouse_hsa_ires_00059.1	100.000	77	139	1.701E-39	77M
mouse_hsa_ires_00264.1	mouse_hsa_ires_00264.1	100.000	195	351	2.532E-106	195M
mouse_hsa_ires_00450.1	mouse_hsa_ires_00461.1	100.000	216	388	3.298E-118	216M
mouse_hsa_ires_00450.1	mouse_hsa_ires_00450.1	100.000	216	388	3.298E-118	216M
KX883971.1:5699-5893	KX883971.1:5699-5893	100.000	195	351	2.532E-106	195M
vir_ires_00332.1	vir_ires_00332.1	100.000	174	313	1.952E-94	174M
vir_ires_00024.1	vir_ires_00024.1	100.000	174	313	1.952E-94	174M
vir_ires_00453.1	vir_ires_00453.1	100.000	174	313	1.952E-94	174M
vir_ires_00246.1	vir_ires_00246.1	100.000	174	313	1.952E-94	174M
vir_ires_00014.1	vir_ires_00014.1	100.000	174	313	1.952E-94	174M
vir_ires_00237.1	vir_ires_00237.1	100.000	174	313	1.952E-94	174M
vir_ires_00243.1	vir_ires_00243.1	100.000	174	313	1.952E-94	174M
vir_ires_00369.1	vir_ires_00369.1	100.000	174	313	1.952E-94	174M
vir_ires_00281.1	vir_ires_00281.1	100.000	174	313	1.952E-94	174M
vir_ires_00281.1	vir_ires_00043.1	93.600	174	264	3.425E-76	174M
vir_ires_00464.1	vir_ires_00464.1	100.000	174	313	1.952E-94	174M
vir_ires_00034.1	vir_ires_00034.1	100.000	174	313	1.952E-94	174M
vir_ires_00314.1	vir_ires_00314.1	100.000	174	313	1.952E-94	174M
vir_ires_00019.1	vir_ires_00019.1	100.000	174	313	1.952E-94	174M
vir_ires_00019.1	vir_ires_00013.1	95.900	174	274	9.291E-80	86M1I44M1I13M4I25M
vir_ires_00367.1	vir_ires_00367.1	100.000	174	313	1.952E-94	174M
vir_ires_00342.1	vir_ires_00342.1	100.000	174	313	1.952E-94	174M
vir_ires_00535.1	vir_ires_00535.1	100.000	122	220	5.422E-65	122M
LamB1_-335_-1|Homo	LamB1_-335_-1|Homo	100.000	335	602	1.547E-185	335M
hsa_ires_00015.1|Homo	hsa_ires_00015.1|Homo	100.000	174	313	1.952E-94	174M
hsa_ires_00047.1|Homo	hsa_ires_00047.1|Homo	100.000	174	313	1.952E-94	174M
hsa_ires_00079.1|Homo	hsa_ires_00079.1|Homo	100.000	174	313	1.952E-94	174M
hsa_ires_00111.1|Homo	hsa_ires_00111.1|Homo	100.000	174	313	1.952E-94	174M
hsa_ires_00143.1|Homo	hsa_ires_00143.1|Homo	100.000	174	313	1.952E-94	174M
hsa_ires_00143.1|Homo	hsa_ires_00142.1|Homo	97.700	174	295	1.088E-87	174M
hsa_ires_00143.1|Homo	hsa_ires_00147.1|Homo	94.600	168	262	1.507E-75	168M
hsa_ires_00175.1|Homo	hsa_ires_00175.1|Homo	100.000	174	313	1.952E-94	174M
hsa_ires_00207.1|Homo	hsa_ires_00207.1|Homo	100.000	174	313	1.952E-94	174M
hsa_ires_00239.1|Homo	hsa_ires_00239.1|Homo	100.000	174	313	1.952E-94	174M
hsa_ires_00271.1|Homo	hsa_ires_00271.1|Homo	100.000	174	313	1.952E-94	174M
hsa_ires_00303.1|Homo	hsa_ires_00303.1|Homo	100.000	174	313	1.952E-94	174M
hsa_ires_00335.1|Homo	hsa_ires_00335.1|Homo	100.000	174	313	1.952E-94	174M
hsa_ires_00367.1|Homo	hsa_ires_00367.1|Homo	100.000	174	313	1.952E-94	174M
hsa_ires_00399.1|Homo	hsa_ires_00399.1|Homo	100.000	174	313	1.952E-94	174M
hsa_ires_00431.1|Homo	hsa_ires_00431.1|Homo	100.000	174	313	1.952E-94	174M
hsa_ires_00463.1|Homo	hsa_ires_00463.1|Homo	100.000	174	313	1.952E-94	174M
hsa_ires_00495.1|Homo	hsa_ires_00495.1|Homo	100.000	174	313	1.952E-94	174M
hsa_ires_00527.1|Homo	hsa_ires_00527.1|Homo	100.000	174	313	1.952E-94	174M
hsa_ires_00559.1|Homo	hsa_ires_00559.1|Homo	100.000	174	313	1.952E-94	174M
hsa_ires_00591.1|Homo	hsa_ires_00591.1|Homo	100.000	166	299	6.596E-90	166M
hsa_ires_00623.1|Homo	hsa_ires_00623.1|Homo	100.000	127	229	7.986E-68	127M
hsa_ires_00655.1|Homo	hsa_ires_00655.1|Homo	100.000	231	415	1.070E-126	231M
hsa_ires_00687.1|Homo	hsa_ires_00687.1|Homo	100.000	160	288	1.645E-86	160M
NDST3|Mus	mmu_ires_00005.1|Mus	100.000	247	444	9.457E-136	247M
NDST3|Mus	NDST3|Mus	100.000	247	444	9.457E-136	247M
mmu_ires_00027.1|Mus	mmu_ires_00027.1|Mus	100.000	204	367	2.040E-111	204M
mmu_ires_00027.1|Mus	hsa_ires_00672.1|Homo	95.500	204	327	2.122E-96	204M
mouse_p27kip1	mouse_hsa_ires_00592.1	100.000	180	324	7.834E-98	180M
mouse_p27kip1	mouse_p27kip1	100.000	180	324	7.834E-98	180M
mouse_hsa_ires_00341.1	mouse_hsa_ires_00341.1	100.000	270	485	9.161E-149	270M
KX884274.1:7022-7201	KX884274.1:7022-7201	100.000	180	324	7.834E-98	180M
vir_ires_00214.1	vir_ires_00214.1	100.000	174	313	1.952E-94	174M
vir_ires_00408.1	vir_ires_00408.1	100.000	174	313	1.952E-94	174M
vir_ires_00408.1	vir_ires_00379.1	94.800	174	269	3.936E-78	127M1D46M
vir_ires_00008.1	vir_ires_00008.1	100.000	174	313	1.952E-94	174M
vir_ires_00450.1	vir_ires_00450.1	100.000	174	313	1.952E-94	174M
vir_ires_00450.1	vir_ires_00020.1	98.800	167	292	2.354E-86	167M
vir_ires_00448.1	vir_ires_00448.1	100.000	174	313	1.952E-94	174M
vir_ires_00296.1	vir_ires_00296.1	100.000	174	313	1.952E-94	174M
vir_ires_00264.1	vir_ires_00264.1	100.000	174	313	1.952E-94	174M
vir_ires_00134.1	vir_ires_00134.1	100.000	174	313	1.952E-94	174M
vir_ires_00301.1	vir_ires_00301.1	100.000	174	313	1.952E-94	174M
vir_ires_00345.1	vir_ires_00345.1	100.000	174	313	1.952E-94	174M
vir_ires_00085.1	vir_ires_00085.1	100.000	174	313	1.952E-94	174M
vir_ires_00267.1	vir_ires_00267.1	100.000	174	313	1.952E-94	174M
vir_ires_00267.1	vir_ires_00033.1	90.700	173	240	1.197E-67	173M
vir_ires_00210.1	vir_ires_00210.1	100.000	174	313	1.952E-94	174M
vir_ires_00476.1	vir_ires_00476.1	100.000	129	233	5.883E-69	129M
vir_ires_00173.1	vir_ires_00173.1	100.000	174	313	1.952E-94	174M
vir_ires_00305.1	vir_ires_00305.1	100.000	174	313	1.952E-94	174M
vir_ires_00536.1	vir_ires_00536.1	100.000	119	215	2.712E-63	119M
CM000664.2:10445264-10445145	CM000664.2:10445264-10445145	100.000	120	216	7.361E-64	120M
CM000663.2:38708708-38708962	CM000663.2:38708708-38708962	100.000	255	458	2.812E-140	255M
LEF1|Homo	LEF1|Homo	100.000	1167	2092	0.000E+00	1167M
LEF1|Homo	hsa_ires_00607.1|Homo	99.000	1177	2034	0.000E+00	73M2D59M1D169M1D10M2D8M1D41M1D20M1D539M1D248M
hsa_ires_00016.1|Homo	hsa_ires_00016.1|Homo	100.000	174	313	1.952E-94	174M
hsa_ires_00048.1|Homo	hsa_ires_00048.1|Homo	100.000	174	313	1.952E-94	174M
hsa_ires_00080.1|Homo	hsa_ires_00080.1|Homo	100.000	174	313	1.952E-94	174M
hsa_ires_00112.1|Homo	hsa_ires_00112.1|Homo	100.000	174	313	1.952E-94	174M
hsa_ires_00144.1|Homo	hsa_ires_00144.1|Homo	100.000	174	313	1.952E-94	174M
hsa_ires_00176.1|Homo	hsa_ires_00176.1|Homo	100.000	174	313	1.952E-94	174M
hsa_ires_00208.1|Homo	hsa_ires_00208.1|Homo	100.000	174	313	1.952E-94	174M
hsa_ires_00240.1|Homo	hsa_ires_00240.1|Homo	100.000	174	313	1.952E-94	174M
hsa_ires_00272.1|Homo	hsa_ires_00272.1|Homo	100.000	174	313	1.952E-94	174M
hsa_ires_00304.1|Homo	hsa_ires_00304.1|Homo	100.000	174	313	1.952E-94	174M
hsa_ires_00336.1|Homo	hsa_ires_00336.1|Homo	100.000	174	313	1.952E-94	174M
hsa_ires_00368.1|Homo	hsa_ires_00368.1|Homo	100.000	174	313	1.952E-94	174M
hsa_ires_00400.1|Homo	hsa_ires_00400.1|Homo	100.000	174	313	1.952E-94	174M
hsa_ires_00432.1|Homo	hsa_ires_00432.1|Homo	100.000	174	313	1.952E-94	174M
hsa_ires_00464.1|Homo	hsa_ires_00464.1|Homo	100.000	174	313	1.952E-94	174M
hsa_ires_00496.1|Homo	hsa_ires_00496.1|Homo	100.000	174	313	1.952E-94	174M
hsa_ires_00528.1|Homo	hsa_ires_00528.1|Homo	100.000	174	313	1.952E-94	174M
hsa_ires_00560.1|Homo	hsa_ires_00560.1|Homo	100.000	174	313	1.952E-94	174M
hsa_ires_00592.1|Homo	hsa_ires_00592.1|Homo	100.000	472	847	5.050E-263	472M
hsa_ires_00624.1|Homo	hsa_ires_00624.1|Homo	100.000	211	380	2.228E-115	211M
hsa_ires_00656.1|Homo	hsa_ires_00656.1|Homo	100.000	167	301	1.791E-90	167M
hsa_ires_00688.1|Homo	hsa_ires_00688.1|Homo	100.000	194	349	9.322E-106	194M
NDST4L|Mus	NDST4L|Mus	100.000	672	1205	0.000E+00	672M
mmu_ires_00028.1|Mus	mmu_ires_00028.1|Mus	100.000	259	466	1.534E-142	259M
mouse_hsa_ires_00376.1	mouse_hsa_ires_00376.1	100.000	165	297	2.429E-89	165M
mouse_hsa_ires_00376.1	mouse_hSNM1	100.000	165	297	2.429E-89	165M
mouse_hsa_ires_00376.1	mouse_hsa_ires_00603.1	100.000	165	297	2.429E-89	165M
KX884315.1:5604-5785	KX884315.1:5604-5785	100.000	182	328	5.779E-99	182M
SINV1_IGRpred|Solenopsis	SINV1_IGRpred|Solenopsis	100.000	200	360	3.746E-109	200M
SINV1_IGRpred|Solenopsis	vir_ires_00499.1	100.000	200	360	3.746E-109	200M
vir_ires_00203.1	vir_ires_00203.1	100.000	174	313	1.952E-94	174M
vir_ires_00487.1	vir_ires_00487.1	100.000	235	423	5.835E-129	235M
vir_ires_00487.1	FeLV-Notch2|Felis	100.000	235	423	5.835E-129	235M
vir_ires_00005.1	vir_ires_00005.1	100.000	174	313	1.952E-94	174M
vir_ires_00491.1	vir_ires_00491.1	100.000	178	320	1.062E-96	178M
vir_ires_00197.1	vir_ires_00197.1	100.000	174	313	1.952E-94	174M
vir_ires_00497.1	vir_ires_00497.1	100.000	395	709	1.784E-219	395M
vir_ires_00072.1	vir_ires_00072.1	100.000	174	313	1.952E-94	174M
vir_ires_00080.1	vir_ires_00080.1	100.000	174	313	1.952E-94	174M
vir_ires_00418.1	vir_ires_00418.1	100.000	174	313	1.952E-94	174M
vir_ires_00050.1	vir_ires_00050.1	100.000	174	313	1.952E-94	174M
vir_ires_00131.1	vir_ires_00131.1	100.000	174	313	1.952E-94	174M
vir_ires_00322.1	vir_ires_00322.1	100.000	174	313	1.952E-94	174M
vir_ires_00285.1	vir_ires_00285.1	100.000	174	313	1.952E-94	174M
vir_ires_00270.1	vir_ires_00270.1	100.000	174	313	1.952E-94	174M
vir_ires_00537.1	vir_ires_00537.1	100.000	389	698	4.416E-216	389M
hsa_ires_00017.1|Homo	hsa_ires_00017.1|Homo	100.000	174	313	1.952E-94	174M
hsa_ires_00049.1|Homo	hsa_ires_00049.1|Homo	100.000	174	313	1.952E-94	174M
hsa_ires_00081.1|Homo	hsa_ires_00081.1|Homo	100.000	174	313	1.952E-94	174M
hsa_ires_00113.1|Homo	hsa_ires_00113.1|Homo	100.000	174	313	1.952E-94	174M
hsa_ires_00145.1|Homo	hsa_ires_00145.1|Homo	100.000	174	313	1.952E-94	174M
hsa_ires_00177.1|Homo	hsa_ires_00177.1|Homo	100.000	174	313	1.952E-94	174M
hsa_ires_00209.1|Homo	hsa_ires_00209.1|Homo	100.000	174	313	1.952E-94	174M
hsa_ires_00241.1|Homo	hsa_ires_00241.1|Homo	100.000	174	313	1.952E-94	174M
hsa_ires_00273.1|Homo	hsa_ires_00273.1|Homo	100.000	174	313	1.952E-94	174M
hsa_ires_00305.1|Homo	hsa_ires_00305.1|Homo	100.000	174	313	1.952E-94	174M
hsa_ires_00337.1|Homo	hsa_ires_00337.1|Homo	100.000	174	313	1.952E-94	174M
hsa_ires_00369.1|Homo	hsa_ires_00369.1|Homo	100.000	174	313	1.952E-94	174M
hsa_ires_00401.1|Homo	hsa_ires_00401.1|Homo	100.000	174	313	1.952E-94	174M
hsa_ires_00433.1|Homo	hsa_ires_00433.1|Homo	100.000	174	313	1.952E-94	174M
hsa_ires_00465.1|Homo	hsa_ires_00465.1|Homo	100.000	174	313	1.952E-94	174M
hsa_ires_00497.1|Homo	hsa_ires_00497.1|Homo	100.000	174	313	1.952E-94	174M
hsa_ires_00529.1|Homo	hsa_ires_00529.1|Homo	100.000	174	313	1.952E-94	174M
hsa_ires_00561.1|Homo	hsa_ires_00561.1|Homo	100.000	174	313	1.952E-94	174M
hsa_ires_00625.1|Homo	hsa_ires_00625.1|Homo	100.000	90	163	7.294E-47	90M
hsa_ires_00657.1|Homo	hsa_ires_00657.1|Homo	100.000	240	431	8.644E-132	240M
hsa_ires_00689.1|Homo	hsa_ires_00689.1|Homo	100.000	177	319	3.910E-96	177M
NDST4S|Mus	NDST4S|Mus	100.000	418	750	1.750E-232	418M
mouse_hsa_ires_00077.1	mouse_hsa_ires_00077.1	100.000	191	344	4.651E-104	191M
KX884293.1:7275-7471	KX884293.1:7275-7471	100.000	197	354	1.869E-107	197M
EoPV_5NTR|Ectropis	EoPV_5NTR|Ectropis	100.000	390	700	1.201E-216	390M
vir_ires_00093.1	vir_ires_00093.1	100.000	174	313	1.952E-94	174M
vir_ires_00358.1	vir_ires_00358.1	100.000	174	313	1.952E-94	174M
vir_ires_00266.1	vir_ires_00266.1	100.000	174	313	1.952E-94	174M
vir_ires_00176.1	vir_ires_00176.1	100.000	174	313	1.952E-94	174M
vir_ires_00009.1	vir_ires_00009.1	100.000	174	313	1.952E-94	174M
vir_ires_00370.1	vir_ires_00370.1	100.000	174	313	1.952E-94	174M
vir_ires_00377.1	vir_ires_00377.1	100.000	174	313	1.952E-94	174M
vir_ires_00326.1	vir_ires_00326.1	100.000	174	313	1.952E-94	174M
vir_ires_00424.1	vir_ires_00424.1	100.000	174	313	1.952E-94	174M
vir_ires_00443.1	vir_ires_00443.1	100.000	174	313	1.952E-94	174M
vir_ires_00443.1	vir_ires_00030.1	97.600	167	283	4.864E-83	167M
vir_ires_00443.1	vir_ires_00444.1	95.200	167	265	1.631E-76	167M
vir_ires_00054.1	vir_ires_00054.1	100.000	174	313	1.952E-94	174M
vir_ires_00119.1	vir_ires_00119.1	100.000	174	313	1.952E-94	174M
vir_ires_00485.1	vir_ires_00485.1	100.000	280	503	2.014E-154	280M
vir_ires_00486.1	vir_ires_00486.1	100.000	408	732	7.920E-227	408M
vir_ires_00017.1	vir_ires_00017.1	100.000	174	313	1.952E-94	174M
vir_ires_00538.1	vir_ires_00538.1	100.000	372	668	1.822E-206	372M
GL000255.2:3071369-3071588	GL000255.2:3071369-3071588	100.000	220	396	1.797E-120	220M
GL000255.2:3071369-3071588	GL000251.2:3292792-3293011	100.000	220	396	1.797E-120	220M
GL000255.2:3071369-3071588	GL000250.2:3148163-3148382	99.500	220	391	8.861E-119	220M
GL000255.2:3071369-3071588	CM000668.2:31815541-31815760	99.500	220	391	8.861E-119	220M
GL000255.2:3071369-3071588	GL000252.2:3063320-3063539	99.500	220	391	8.861E-119	220M
GL000255.2:3071369-3071588	hsa_ires_00604.1|Homo	99.500	216	384	4.412E-116	216M
GL000255.2:3071369-3071588	hsp70|Homo	99.400	193	343	6.931E-101	193M
MNT_75-267|Homo	MNT_75-267|Homo	100.000	193	347	3.432E-105	193M
MNT_75-267|Homo	MNT_75-267|Homo	100.000	193	347	3.432E-105	193M
MNT_75-267|Homo	CM001004.3:74721955-74722157	95.500	181	290	4.991E-84	181M
MNT_75-267|Homo	mouse_CM000679.2:2400912-2400710	95.500	181	290	4.991E-84	181M
MNT_75-267|Homo	mouse_hsa_ires_00608.1	95.500	181	290	4.991E-84	181M
MNT_75-267|Homo	mouse_MNT_75-267	95.500	181	290	4.991E-84	181M
hsa_ires_00018.1|Homo	hsa_ires_00018.1|Homo	100.000	174	313	1.952E-94	174M
hsa_ires_00050.1|Homo	hsa_ires_00050.1|Homo	100.000	174	313	1.952E-94	174M
hsa_ires_00082.1|Homo	hsa_ires_00082.1|Homo	100.000	174	313	1.952E-94	174M
hsa_ires_00114.1|Homo	hsa_ires_00114.1|Homo	100.000	174	313	1.952E-94	174M
hsa_ires_00178.1|Homo	hsa_ires_00178.1|Homo	100.000	174	313	1.952E-94	174M
hsa_ires_00210.1|Homo	hsa_ires_00210.1|Homo	100.000	174	313	1.952E-94	174M
hsa_ires_00242.1|Homo	hsa_ires_00242.1|Homo	100.000	174	313	1.952E-94	174M
hsa_ires_00274.1|Homo	hsa_ires_00274.1|Homo	100.000	174	313	1.952E-94	174M
hsa_ires_00306.1|Homo	hsa_ires_00306.1|Homo	100.000	174	313	1.952E-94	174M
hsa_ires_00338.1|Homo	hsa_ires_00338.1|Homo	100.000	174	313	1.952E-94	174M
hsa_ires_00370.1|Homo	hsa_ires_00370.1|Homo	100.000	174	313	1.952E-94	174M
hsa_ires_00402.1|Homo	hsa_ires_00402.1|Homo	100.000	174	313	1.952E-94	174M
hsa_ires_00434.1|Homo	hsa_ires_00434.1|Homo	100.000	174	313	1.952E-94	174M
hsa_ires_00466.1|Homo	hsa_ires_00466.1|Homo	100.000	174	313	1.952E-94	174M
hsa_ires_00498.1|Homo	hsa_ires_00498.1|Homo	100.000	174	313	1.952E-94	174M
hsa_ires_00530.1|Homo	hsa_ires_00530.1|Homo	100.000	174	313	1.952E-94	174M
hsa_ires_00562.1|Homo	hsa_ires_00562.1|Homo	100.000	174	313	1.952E-94	174M
hsa_ires_00594.1|Homo	hsa_ires_00594.1|Homo	100.000	348	625	6.852E-193	348M
hsa_ires_00626.1|Homo	hsa_ires_00626.1|Homo	100.000	75	136	2.315E-38	75M
hsa_ires_00658.1|Homo	hsa_ires_00658.1|Homo	100.000	81	147	9.195E-42	81M
hsa_ires_00690.1|Homo	hsa_ires_00690.1|Homo	100.000	174	313	1.952E-94	174M
mmu_ires_00030.1|Mus	mmu_ires_00030.1|Mus	100.000	93	168	1.455E-48	93M
mouse_hsa_ires_00065.1	mouse_hsa_ires_00065.1	100.000	121	218	1.998E-64	121M
mouse_CM000673.2:30012935-30012676	mouse_CM000673.2:30012935-30012676	100.000	117	211	3.683E-62	117M
DQ279927.1:55269-55485	DQ279927.1:55269-55485	100.000	217	390	8.960E-119	217M
ERAV_245-961|Equine	ERAV_245-961|Equine	100.000	712	1277	0.000E+00	712M
ERAV_245-961|Equine	vir_ires_00500.1	96.600	718	1164	0.000E+00	67M1I30M1D234M1D6M2D175M2D199M
TMEV|Theiler\'s	TMEV|Theiler\'s	100.000	1040	1865	0.000E+00	1040M
vir_ires_00260.1	vir_ires_00260.1	100.000	174	313	1.952E-94	174M
vir_ires_00420.1	vir_ires_00420.1	100.000	174	313	1.952E-94	174M
vir_ires_00167.1	vir_ires_00167.1	100.000	174	313	1.952E-94	174M
vir_ires_00037.1	vir_ires_00037.1	100.000	174	313	1.952E-94	174M
vir_ires_00496.1	vir_ires_00496.1	100.000	385	691	8.081E-214	385M
vir_ires_00496.1	M31182.1:1-385	100.000	385	691	8.081E-214	385M
vir_ires_00496.1	BVDV1_1-385|Bovine	100.000	385	691	8.081E-214	385M
vir_ires_00496.1	BVDV1_1-385|Bovine	100.000	385	691	8.081E-214	385M
vir_ires_00110.1	vir_ires_00110.1	100.000	174	313	1.952E-94	174M
vir_ires_00468.1	vir_ires_00468.1	100.000	174	313	1.952E-94	174M
vir_ires_00126.1	vir_ires_00126.1	100.000	174	313	1.952E-94	174M
vir_ires_00351.1	vir_ires_00351.1	100.000	174	313	1.952E-94	174M
vir_ires_00245.1	vir_ires_00245.1	100.000	174	313	1.952E-94	174M
vir_ires_00245.1	DCV_IGR|Drosophila	100.000	174	313	1.952E-94	174M
vir_ires_00207.1	vir_ires_00207.1	100.000	174	313	1.952E-94	174M
vir_ires_00363.1	vir_ires_00363.1	100.000	174	313	1.952E-94	174M
vir_ires_00290.1	vir_ires_00290.1	100.000	174	313	1.952E-94	174M
vir_ires_00539.1	vir_ires_00539.1	100.000	289	519	1.630E-159	289M
hsa_ires_00019.1|Homo	hsa_ires_00019.1|Homo	100.000	174	313	1.952E-94	174M
hsa_ires_00051.1|Homo	hsa_ires_00051.1|Homo	100.000	174	313	1.952E-94	174M
hsa_ires_00083.1|Homo	hsa_ires_00083.1|Homo	100.000	174	313	1.952E-94	174M
hsa_ires_00115.1|Homo	hsa_ires_00115.1|Homo	100.000	174	313	1.952E-94	174M
hsa_ires_00179.1|Homo	hsa_ires_00179.1|Homo	100.000	174	313	1.952E-94	174M
hsa_ires_00211.1|Homo	hsa_ires_00211.1|Homo	100.000	174	313	1.952E-94	174M
hsa_ires_00243.1|Homo	hsa_ires_00243.1|Homo	100.000	174	313	1.952E-94	174M
hsa_ires_00275.1|Homo	hsa_ires_00275.1|Homo	100.000	174	313	1.952E-94	174M
hsa_ires_00307.1|Homo	hsa_ires_00307.1|Homo	100.000	174	313	1.952E-94	174M
hsa_ires_00339.1|Homo	hsa_ires_00339.1|Homo	100.000	174	313	1.952E-94	174M
hsa_ires_00371.1|Homo	hsa_ires_00371.1|Homo	100.000	174	313	1.952E-94	174M
hsa_ires_00403.1|Homo	hsa_ires_00403.1|Homo	100.000	174	313	1.952E-94	174M
hsa_ires_00435.1|Homo	hsa_ires_00435.1|Homo	100.000	174	313	1.952E-94	174M
hsa_ires_00467.1|Homo	hsa_ires_00467.1|Homo	100.000	174	313	1.952E-94	174M
hsa_ires_00499.1|Homo	hsa_ires_00499.1|Homo	100.000	174	313	1.952E-94	174M
hsa_ires_00531.1|Homo	hsa_ires_00531.1|Homo	100.000	174	313	1.952E-94	174M
hsa_ires_00563.1|Homo	hsa_ires_00563.1|Homo	100.000	174	313	1.952E-94	174M
hsa_ires_00595.1|Homo	hsa_ires_00595.1|Homo	100.000	40	73	1.638E-18	40M
hsa_ires_00627.1|Homo	hsa_ires_00627.1|Homo	100.000	72	131	1.162E-36	72M
hsa_ires_00659.1|Homo	hsa_ires_00659.1|Homo	100.000	202	363	2.764E-110	202M
UtrA|Mus	UtrA|Mus	100.000	506	908	2.992E-282	506M
mouse_hsa_ires_00526.1	mouse_hsa_ires_00526.1	100.000	231	415	1.070E-126	231M
mouse_hsa_ires_00227.1	mouse_hsa_ires_00227.1	100.000	188	338	2.321E-102	188M
mouse_hsa_ires_00227.1	mouse_hsa_ires_00437.1	100.000	188	338	2.321E-102	188M
mouse_hsa_ires_00227.1	mouse_hsa_ires_00384.1	100.000	188	338	2.321E-102	188M
TMV_UI_IRESmp228|Tobacco	TMV_UI_IRESmp228|Tobacco	100.000	231	415	1.070E-126	231M
vir_ires_00055.1	vir_ires_00055.1	100.000	174	313	1.952E-94	174M
vir_ires_00446.1	vir_ires_00446.1	100.000	174	313	1.952E-94	174M
vir_ires_00155.1	vir_ires_00155.1	100.000	174	313	1.952E-94	174M
vir_ires_00184.1	vir_ires_00184.1	100.000	174	313	1.952E-94	174M
vir_ires_00298.1	vir_ires_00298.1	100.000	174	313	1.952E-94	174M
vir_ires_00213.1	vir_ires_00213.1	100.000	174	313	1.952E-94	174M
vir_ires_00244.1	vir_ires_00244.1	100.000	174	313	1.952E-94	174M
vir_ires_00423.1	vir_ires_00423.1	100.000	174	313	1.952E-94	174M
vir_ires_00252.1	vir_ires_00252.1	100.000	174	313	1.952E-94	174M
vir_ires_00373.1	vir_ires_00373.1	100.000	174	313	1.952E-94	174M
vir_ires_00059.1	vir_ires_00059.1	100.000	174	313	1.952E-94	174M
vir_ires_00323.1	vir_ires_00323.1	100.000	174	313	1.952E-94	174M
vir_ires_00540.1	vir_ires_00540.1	100.000	293	526	8.898E-162	293M
CM000671.2:33264696-33264327	CM000671.2:33264696-33264327	100.000	370	664	2.464E-205	370M
AML1/RUNX1|Homo	AML1/RUNX1|Homo	100.000	1561	2798	0.000E+00	1561M
AML1/RUNX1|Homo	hsa_ires_00593.1|Homo	97.300	1419	2403	0.000E+00	0M38D1381M
hsa_ires_00020.1|Homo	hsa_ires_00020.1|Homo	100.000	174	313	1.952E-94	174M
hsa_ires_00052.1|Homo	hsa_ires_00052.1|Homo	100.000	174	313	1.952E-94	174M
hsa_ires_00084.1|Homo	hsa_ires_00084.1|Homo	100.000	174	313	1.952E-94	174M
hsa_ires_00116.1|Homo	hsa_ires_00116.1|Homo	100.000	174	313	1.952E-94	174M
hsa_ires_00148.1|Homo	hsa_ires_00148.1|Homo	100.000	174	313	1.952E-94	174M
hsa_ires_00180.1|Homo	hsa_ires_00180.1|Homo	100.000	174	313	1.952E-94	174M
hsa_ires_00212.1|Homo	hsa_ires_00212.1|Homo	100.000	174	313	1.952E-94	174M
hsa_ires_00244.1|Homo	hsa_ires_00244.1|Homo	100.000	174	313	1.952E-94	174M
hsa_ires_00276.1|Homo	hsa_ires_00276.1|Homo	100.000	174	313	1.952E-94	174M
hsa_ires_00308.1|Homo	hsa_ires_00308.1|Homo	100.000	174	313	1.952E-94	174M
hsa_ires_00340.1|Homo	hsa_ires_00340.1|Homo	100.000	174	313	1.952E-94	174M
hsa_ires_00372.1|Homo	hsa_ires_00372.1|Homo	100.000	174	313	1.952E-94	174M
hsa_ires_00404.1|Homo	hsa_ires_00404.1|Homo	100.000	174	313	1.952E-94	174M
hsa_ires_00436.1|Homo	hsa_ires_00436.1|Homo	100.000	174	313	1.952E-94	174M
hsa_ires_00468.1|Homo	hsa_ires_00468.1|Homo	100.000	174	313	1.952E-94	174M
hsa_ires_00500.1|Homo	hsa_ires_00500.1|Homo	100.000	174	313	1.952E-94	174M
hsa_ires_00532.1|Homo	hsa_ires_00532.1|Homo	100.000	117	211	3.683E-62	117M
hsa_ires_00564.1|Homo	hsa_ires_00564.1|Homo	100.000	174	313	1.952E-94	174M
hsa_ires_00628.1|Homo	hsa_ires_00628.1|Homo	100.000	78	141	4.613E-40	78M
hsa_ires_00660.1|Homo	hsa_ires_00660.1|Homo	100.000	169	304	1.321E-91	169M
CM001006.3:58956225-58956532	CM001006.3:58956225-58956532	100.000	308	553	2.906E-170	308M
CM001006.3:58956225-58956532	mouse_hsa_ires_00640.1	100.000	308	553	2.906E-170	308M
CM001006.3:58956225-58956532	mouse_CM000671.2:84670396-84670748	100.000	308	553	2.906E-170	308M
CM001006.3:58956225-58956532	mmu_ires_00029.1|Mus	100.000	308	553	2.906E-170	308M
VEGF-A_-133_-1|Mus	VEGF-A_-133_-1|Mus	100.000	133	240	3.194E-71	133M
mouse_hsa_ires_00588.1	mouse_hsa_ires_00588.1	100.000	264	474	2.274E-145	264M
mouse_hsa_ires_00588.1	CM000995.3:34662106-34662369	100.000	264	474	2.274E-145	264M
mouse_hsa_ires_00588.1	mouse_hsa_ires_00597.1	100.000	264	474	2.274E-145	264M
mouse_hsa_ires_00588.1	mouse_CM000671.2:125241341-125241094	100.000	264	474	2.274E-145	264M
mouse_hsa_ires_00588.1	mouse_hsa_ires_00315.1	100.000	264	474	2.274E-145	264M
mouse_hsa_ires_00588.1	mouse_BiP_-222_-3	100.000	264	474	2.274E-145	264M
mouse_hsa_ires_00047.1	mouse_hsa_ires_00047.1	100.000	104	188	8.520E-55	104M
mouse_hsa_ires_00227.1	mouse_hsa_ires_00384.1	100.000	116	209	1.357E-61	116M
mouse_hsa_ires_00227.1	mouse_hsa_ires_00227.1	100.000	116	209	1.357E-61	116M
mouse_hsa_ires_00049.1	mouse_hsa_ires_00049.1	100.000	121	218	1.998E-64	121M
KX883663.1:6128-6306	KX883663.1:6128-6306	100.000	179	322	2.885E-97	179M
vir_ires_00269.1	vir_ires_00269.1	100.000	174	313	1.952E-94	174M
vir_ires_00169.1	vir_ires_00169.1	100.000	174	313	1.952E-94	174M
vir_ires_00191.1	vir_ires_00191.1	100.000	174	313	1.952E-94	174M
vir_ires_00325.1	vir_ires_00325.1	100.000	174	313	1.952E-94	174M
vir_ires_00366.1	vir_ires_00366.1	100.000	174	313	1.952E-94	174M
vir_ires_00006.1	vir_ires_00006.1	100.000	174	313	1.952E-94	174M
vir_ires_00104.1	vir_ires_00104.1	100.000	174	313	1.952E-94	174M
vir_ires_00051.1	vir_ires_00051.1	100.000	174	313	1.952E-94	174M
vir_ires_00095.1	vir_ires_00095.1	100.000	174	313	1.952E-94	174M
vir_ires_00171.1	vir_ires_00171.1	100.000	174	313	1.952E-94	174M
vir_ires_00317.1	vir_ires_00317.1	100.000	174	313	1.952E-94	174M
vir_ires_00196.1	vir_ires_00196.1	100.000	174	313	1.952E-94	174M
vir_ires_00541.1	vir_ires_00541.1	100.000	215	387	1.214E-117	215M
CM000671.2:84670396-84670748	CM000671.2:84670396-84670748	100.000	353	634	1.018E-195	353M
Apaf-1|Homo	Apaf-1|Homo	100.000	231	415	1.070E-126	231M
Apaf-1|Homo	hsa_ires_00580.1|Homo	100.000	231	415	1.070E-126	231M
hsa_ires_00021.1|Homo	hsa_ires_00021.1|Homo	100.000	174	313	1.952E-94	174M
hsa_ires_00053.1|Homo	hsa_ires_00053.1|Homo	100.000	174	313	1.952E-94	174M
hsa_ires_00085.1|Homo	hsa_ires_00085.1|Homo	100.000	174	313	1.952E-94	174M
hsa_ires_00117.1|Homo	hsa_ires_00117.1|Homo	100.000	174	313	1.952E-94	174M
hsa_ires_00149.1|Homo	hsa_ires_00149.1|Homo	100.000	174	313	1.952E-94	174M
hsa_ires_00181.1|Homo	hsa_ires_00181.1|Homo	100.000	174	313	1.952E-94	174M
hsa_ires_00213.1|Homo	hsa_ires_00213.1|Homo	100.000	174	313	1.952E-94	174M
hsa_ires_00245.1|Homo	hsa_ires_00245.1|Homo	100.000	174	313	1.952E-94	174M
hsa_ires_00277.1|Homo	hsa_ires_00277.1|Homo	100.000	174	313	1.952E-94	174M
hsa_ires_00309.1|Homo	hsa_ires_00309.1|Homo	100.000	174	313	1.952E-94	174M
hsa_ires_00341.1|Homo	hsa_ires_00341.1|Homo	100.000	174	313	1.952E-94	174M
hsa_ires_00373.1|Homo	hsa_ires_00373.1|Homo	100.000	174	313	1.952E-94	174M
hsa_ires_00405.1|Homo	hsa_ires_00405.1|Homo	100.000	174	313	1.952E-94	174M
hsa_ires_00437.1|Homo	hsa_ires_00437.1|Homo	100.000	174	313	1.952E-94	174M
hsa_ires_00469.1|Homo	hsa_ires_00469.1|Homo	100.000	174	313	1.952E-94	174M
hsa_ires_00501.1|Homo	hsa_ires_00501.1|Homo	100.000	174	313	1.952E-94	174M
hsa_ires_00533.1|Homo	hsa_ires_00533.1|Homo	100.000	174	313	1.952E-94	174M
hsa_ires_00565.1|Homo	hsa_ires_00565.1|Homo	100.000	174	313	1.952E-94	174M
hsa_ires_00597.1|Homo	hsa_ires_00597.1|Homo	100.000	94	170	3.948E-49	94M
hsa_ires_00629.1|Homo	hsa_ires_00629.1|Homo	100.000	75	136	2.315E-38	75M
hsa_ires_00661.1|Homo	hsa_ires_00661.1|Homo	100.000	99	179	5.798E-52	99M
mmu_ires_00000.1|Mus	mmu_ires_00000.1|Mus	100.000	166	299	6.596E-90	166M
mouse_hsa_ires_00352.1	mouse_hsa_ires_00352.1	100.000	196	353	6.879E-107	196M
mouse_hsa_ires_00653.1	mouse_hsa_ires_00653.1	100.000	155	279	1.114E-83	155M
mouse_hsa_ires_00653.1	mouse_hsa_ires_00303.1	100.000	155	279	1.114E-83	155M
mouse_hsa_ires_00653.1	mouse_hsa_ires_00188.1	100.000	155	279	1.114E-83	155M
mouse_hsa_ires_00653.1	mouse_hsa_ires_00614.1	100.000	155	279	1.114E-83	155M
mouse_hsa_ires_00653.1	mouse_hsa_ires_00605.1	100.000	155	279	1.114E-83	155M
mouse_hsa_ires_00686.1	mouse_hsa_ires_00686.1	100.000	156	281	3.026E-84	156M
KX883934.1:6306-6467	KX883934.1:6306-6467	100.000	162	292	1.213E-87	162M
TRV_5NTR|Triatoma	TRV_5NTR|Triatoma	100.000	694	1245	0.000E+00	694M
TRV_5NTR|Triatoma	TRV_5NTR|Triatoma	100.000	694	1245	0.000E+00	694M
vir_ires_00417.1	vir_ires_00417.1	100.000	174	313	1.952E-94	174M
vir_ires_00062.1	vir_ires_00062.1	100.000	174	313	1.952E-94	174M
vir_ires_00277.1	vir_ires_00277.1	100.000	174	313	1.952E-94	174M
vir_ires_00394.1	vir_ires_00394.1	100.000	174	313	1.952E-94	174M
vir_ires_00219.1	vir_ires_00219.1	100.000	174	313	1.952E-94	174M
vir_ires_00347.1	vir_ires_00347.1	100.000	174	313	1.952E-94	174M
vir_ires_00128.1	vir_ires_00128.1	100.000	174	313	1.952E-94	174M
vir_ires_00247.1	vir_ires_00247.1	100.000	174	313	1.952E-94	174M
vir_ires_00086.1	vir_ires_00086.1	100.000	174	313	1.952E-94	174M
vir_ires_00462.1	vir_ires_00462.1	100.000	174	313	1.952E-94	174M
vir_ires_00462.1	vir_ires_00029.1	97.600	168	285	1.063E-83	168M
vir_ires_00390.1	vir_ires_00390.1	100.000	174	313	1.952E-94	174M
vir_ires_00081.1	vir_ires_00081.1	100.000	174	313	1.952E-94	174M
vir_ires_00109.1	vir_ires_00109.1	100.000	174	313	1.952E-94	174M
vir_ires_00023.1	vir_ires_00023.1	100.000	174	313	1.952E-94	174M
vir_ires_00040.1	vir_ires_00040.1	100.000	174	313	1.952E-94	174M
vir_ires_00542.1	vir_ires_00542.1	100.000	264	474	2.274E-145	264M
CM000673.2:30012935-30012676	CM000673.2:30012935-30012676	100.000	260	467	4.168E-143	260M
AQP4|Homo	AQP4|Homo	100.000	284	510	1.099E-156	284M
n-MYC|Homo	n-MYC|Homo	100.000	320	575	4.729E-177	320M
hsa_ires_00022.1|Homo	hsa_ires_00022.1|Homo	100.000	174	313	1.952E-94	174M
hsa_ires_00054.1|Homo	hsa_ires_00054.1|Homo	100.000	174	313	1.952E-94	174M
hsa_ires_00086.1|Homo	hsa_ires_00086.1|Homo	100.000	174	313	1.952E-94	174M
hsa_ires_00118.1|Homo	hsa_ires_00118.1|Homo	100.000	174	313	1.952E-94	174M
hsa_ires_00150.1|Homo	hsa_ires_00150.1|Homo	100.000	174	313	1.952E-94	174M
hsa_ires_00182.1|Homo	hsa_ires_00182.1|Homo	100.000	174	313	1.952E-94	174M
hsa_ires_00214.1|Homo	hsa_ires_00214.1|Homo	100.000	174	313	1.952E-94	174M
hsa_ires_00246.1|Homo	hsa_ires_00246.1|Homo	100.000	174	313	1.952E-94	174M
hsa_ires_00278.1|Homo	hsa_ires_00278.1|Homo	100.000	174	313	1.952E-94	174M
hsa_ires_00310.1|Homo	hsa_ires_00310.1|Homo	100.000	174	313	1.952E-94	174M
hsa_ires_00342.1|Homo	hsa_ires_00342.1|Homo	100.000	174	313	1.952E-94	174M
hsa_ires_00374.1|Homo	hsa_ires_00374.1|Homo	100.000	174	313	1.952E-94	174M
hsa_ires_00406.1|Homo	hsa_ires_00406.1|Homo	100.000	174	313	1.952E-94	174M
hsa_ires_00438.1|Homo	hsa_ires_00438.1|Homo	100.000	174	313	1.952E-94	174M
hsa_ires_00470.1|Homo	hsa_ires_00470.1|Homo	100.000	174	313	1.952E-94	174M
hsa_ires_00502.1|Homo	hsa_ires_00502.1|Homo	100.000	174	313	1.952E-94	174M
hsa_ires_00534.1|Homo	hsa_ires_00534.1|Homo	100.000	174	313	1.952E-94	174M
hsa_ires_00566.1|Homo	hsa_ires_00566.1|Homo	100.000	174	313	1.952E-94	174M
hsa_ires_00598.1|Homo	hsa_ires_00598.1|Homo	100.000	367	659	1.226E-203	367M
hsa_ires_00598.1|Homo	c-myc|Homo	100.000	367	659	1.226E-203	367M
hsa_ires_00598.1|Homo	CM000670.2:127736244-127736545	100.000	302	543	4.222E-161	302M
hsa_ires_00630.1|Homo	hsa_ires_00630.1|Homo	100.000	96	174	2.905E-50	96M
hsa_ires_00662.1|Homo	hsa_ires_00662.1|Homo	100.000	188	338	2.321E-102	188M
CM000997.3:40948223-40947846	CM000997.3:40948223-40947846	100.000	378	679	7.358E-210	378M
mouse_hsa_ires_00653.1	mouse_hsa_ires_00653.1	100.000	179	322	2.885E-97	179M
mouse_hsa_ires_00653.1	mouse_hsa_ires_00303.1	100.000	179	322	2.885E-97	179M
mouse_hsa_ires_00653.1	mouse_hsa_ires_00614.1	100.000	179	322	2.885E-97	179M
mouse_hsa_ires_00653.1	mouse_hsa_ires_00605.1	100.000	179	322	2.885E-97	179M
mouse_hsa_ires_00666.1	mouse_hsa_ires_00666.1	100.000	292	525	3.274E-161	292M
mouse_hsa_ires_00666.1	mouse_hsa_ires_00669.1	100.000	292	525	3.274E-161	292M
mouse_hsa_ires_00666.1	mouse_hsa_ires_00667.1	100.000	292	525	3.274E-161	292M
mouse_hsa_ires_00666.1	mouse_hsa_ires_00665.1	100.000	292	525	3.274E-161	292M
mouse_hsa_ires_00666.1	mouse_hsa_ires_00668.1	100.000	292	525	3.274E-161	292M
KX883972.1:5630-5823	KX883972.1:5630-5823	100.000	194	349	9.322E-106	194M
FMDV_type_C|Foot-and-mouth	FMDV_type_C|Foot-and-mouth	100.000	461	827	8.397E-257	461M
vir_ires_00147.1	vir_ires_00147.1	100.000	174	313	1.952E-94	174M
vir_ires_00127.1	vir_ires_00127.1	100.000	174	313	1.952E-94	174M
vir_ires_00399.1	vir_ires_00399.1	100.000	174	313	1.952E-94	174M
vir_ires_00094.1	vir_ires_00094.1	100.000	174	313	1.952E-94	174M
vir_ires_00502.1	vir_ires_00502.1	100.000	642	1152	0.000E+00	642M
vir_ires_00421.1	vir_ires_00421.1	100.000	174	313	1.952E-94	174M
vir_ires_00432.1	vir_ires_00432.1	100.000	174	313	1.952E-94	174M
vir_ires_00432.1	vir_ires_00027.1	98.100	166	285	4.965E-84	166M
vir_ires_00359.1	vir_ires_00359.1	100.000	174	313	1.952E-94	174M
vir_ires_00163.1	vir_ires_00163.1	100.000	174	313	1.952E-94	174M
vir_ires_00283.1	vir_ires_00283.1	100.000	174	313	1.952E-94	174M
vir_ires_00096.1	vir_ires_00096.1	100.000	174	313	1.952E-94	174M
vir_ires_00447.1	vir_ires_00447.1	100.000	174	313	1.952E-94	174M
vir_ires_00159.1	vir_ires_00159.1	100.000	174	313	1.952E-94	174M
vir_ires_00511.1	vir_ires_00511.1	100.000	144	259	1.885E-77	144M
vir_ires_00543.1	vir_ires_00543.1	100.000	96	174	2.905E-50	96M
AT1R_var1|Homo	AT1R_var1|Homo	100.000	356	639	2.045E-197	356M
AT1R_var1|Homo	AT1R_var4|Homo	99.600	312	556	1.087E-166	312M
NRF_-653_-17|Homo	NRF_-653_-17|Homo	100.000	637	1143	0.000E+00	637M
NRF_-653_-17|Homo	hsa_ires_00611.1|Homo	99.800	637	1138	0.000E+00	637M
hsa_ires_00023.1|Homo	hsa_ires_00023.1|Homo	100.000	174	313	1.952E-94	174M
hsa_ires_00055.1|Homo	hsa_ires_00055.1|Homo	100.000	174	313	1.952E-94	174M
hsa_ires_00087.1|Homo	hsa_ires_00087.1|Homo	100.000	174	313	1.952E-94	174M
hsa_ires_00119.1|Homo	hsa_ires_00119.1|Homo	100.000	174	313	1.952E-94	174M
hsa_ires_00151.1|Homo	hsa_ires_00151.1|Homo	100.000	174	313	1.952E-94	174M
hsa_ires_00183.1|Homo	hsa_ires_00183.1|Homo	100.000	174	313	1.952E-94	174M
hsa_ires_00215.1|Homo	hsa_ires_00215.1|Homo	100.000	174	313	1.952E-94	174M
hsa_ires_00247.1|Homo	hsa_ires_00247.1|Homo	100.000	174	313	1.952E-94	174M
hsa_ires_00279.1|Homo	hsa_ires_00279.1|Homo	100.000	174	313	1.952E-94	174M
hsa_ires_00311.1|Homo	hsa_ires_00311.1|Homo	100.000	174	313	1.952E-94	174M
hsa_ires_00343.1|Homo	hsa_ires_00343.1|Homo	100.000	174	313	1.952E-94	174M
hsa_ires_00375.1|Homo	hsa_ires_00375.1|Homo	100.000	174	313	1.952E-94	174M
hsa_ires_00407.1|Homo	hsa_ires_00407.1|Homo	100.000	174	313	1.952E-94	174M
hsa_ires_00439.1|Homo	hsa_ires_00439.1|Homo	100.000	174	313	1.952E-94	174M
hsa_ires_00471.1|Homo	hsa_ires_00471.1|Homo	100.000	174	313	1.952E-94	174M
hsa_ires_00503.1|Homo	hsa_ires_00503.1|Homo	100.000	174	313	1.952E-94	174M
hsa_ires_00535.1|Homo	hsa_ires_00535.1|Homo	100.000	174	313	1.952E-94	174M
hsa_ires_00567.1|Homo	hsa_ires_00567.1|Homo	100.000	174	313	1.952E-94	174M
hsa_ires_00599.1|Homo	hsa_ires_00599.1|Homo	100.000	315	566	3.186E-174	315M
hsa_ires_00631.1|Homo	hsa_ires_00631.1|Homo	100.000	54	98	1.871E-26	54M
hsa_ires_00663.1|Homo	hsa_ires_00663.1|Homo	100.000	100	181	1.573E-52	100M
mmu_ires_00002.1|Mus	mmu_ires_00002.1|Mus	100.000	200	360	3.746E-109	200M
mouse_hsa_ires_00561.1	mouse_hsa_ires_00561.1	100.000	101	182	4.267E-53	101M
mouse_hsa_ires_00125.1	mouse_hsa_ires_00125.1	100.000	106	191	6.272E-56	106M
KX883381.1:6466-6659	KX883381.1:6466-6659	100.000	194	349	9.322E-106	194M
vir_ires_00297.1	vir_ires_00297.1	100.000	174	313	1.952E-94	174M
vir_ires_00291.1	vir_ires_00291.1	100.000	174	313	1.952E-94	174M
vir_ires_00346.1	vir_ires_00346.1	100.000	174	313	1.952E-94	174M
vir_ires_00114.1	vir_ires_00114.1	100.000	174	313	1.952E-94	174M
vir_ires_00179.1	vir_ires_00179.1	100.000	174	313	1.952E-94	174M
vir_ires_00221.1	vir_ires_00221.1	100.000	174	313	1.952E-94	174M
vir_ires_00077.1	vir_ires_00077.1	100.000	174	313	1.952E-94	174M
vir_ires_00223.1	vir_ires_00223.1	100.000	174	313	1.952E-94	174M
vir_ires_00360.1	vir_ires_00360.1	100.000	174	313	1.952E-94	174M
vir_ires_00360.1	vir_ires_00469.1	98.800	169	295	1.088E-87	169M
vir_ires_00233.1	vir_ires_00233.1	100.000	174	313	1.952E-94	174M
vir_ires_00227.1	vir_ires_00227.1	100.000	174	313	1.952E-94	174M
vir_ires_00316.1	vir_ires_00316.1	100.000	174	313	1.952E-94	174M
vir_ires_00349.1	vir_ires_00349.1	100.000	174	313	1.952E-94	174M
vir_ires_00117.1	vir_ires_00117.1	100.000	174	313	1.952E-94	174M
vir_ires_00512.1	vir_ires_00512.1	100.000	232	417	2.909E-127	232M
vir_ires_00544.1	vir_ires_00544.1	100.000	107	193	1.702E-56	107M
AT1R_var2|Homo	AT1R_var2|Homo	100.000	272	489	6.766E-150	272M
p27kip1|Homo	p27kip1|Homo	100.000	152	274	5.566E-82	152M
hsa_ires_00024.1|Homo	hsa_ires_00024.1|Homo	100.000	174	313	1.952E-94	174M
hsa_ires_00056.1|Homo	hsa_ires_00056.1|Homo	100.000	174	313	1.952E-94	174M
hsa_ires_00088.1|Homo	hsa_ires_00088.1|Homo	100.000	174	313	1.952E-94	174M
hsa_ires_00120.1|Homo	hsa_ires_00120.1|Homo	100.000	174	313	1.952E-94	174M
hsa_ires_00152.1|Homo	hsa_ires_00152.1|Homo	100.000	174	313	1.952E-94	174M
hsa_ires_00184.1|Homo	hsa_ires_00184.1|Homo	100.000	174	313	1.952E-94	174M
hsa_ires_00216.1|Homo	hsa_ires_00216.1|Homo	100.000	174	313	1.952E-94	174M
hsa_ires_00248.1|Homo	hsa_ires_00248.1|Homo	100.000	174	313	1.952E-94	174M
hsa_ires_00280.1|Homo	hsa_ires_00280.1|Homo	100.000	174	313	1.952E-94	174M
hsa_ires_00312.1|Homo	hsa_ires_00312.1|Homo	100.000	174	313	1.952E-94	174M
hsa_ires_00344.1|Homo	hsa_ires_00344.1|Homo	100.000	174	313	1.952E-94	174M
hsa_ires_00376.1|Homo	hsa_ires_00376.1|Homo	100.000	174	313	1.952E-94	174M
hsa_ires_00408.1|Homo	hsa_ires_00408.1|Homo	100.000	174	313	1.952E-94	174M
hsa_ires_00440.1|Homo	hsa_ires_00440.1|Homo	100.000	174	313	1.952E-94	174M
hsa_ires_00472.1|Homo	hsa_ires_00472.1|Homo	100.000	174	313	1.952E-94	174M
hsa_ires_00504.1|Homo	hsa_ires_00504.1|Homo	100.000	174	313	1.952E-94	174M
hsa_ires_00536.1|Homo	hsa_ires_00536.1|Homo	100.000	174	313	1.952E-94	174M
hsa_ires_00568.1|Homo	hsa_ires_00568.1|Homo	100.000	174	313	1.952E-94	174M
