Representative	Member	RFAM	Organism	Location	Length
KX883971.1:5699-5893 Hubei diptera virus 1 IRES_Cripavirus Hubei diptera virus 1 strain SCM51289 hypothetical protein 1 and hypothetical protein 2 genes, complete cds.	KX883971.1:5699-5893 Hubei diptera virus 1 IRES_Cripavirus Hubei diptera virus 1 strain SCM51289 hypothetical protein 1 and hypothetical protein 2 genes, complete cds.		 Hubei diptera virus 1		195
vir_ires_00251.1	vir_ires_00251.1		Aichi virus 1 (AiV-1)		174
vir_ires_00486.1	vir_ires_00486.1		Aichi virus 1 (AiV-1)		408
vir_ires_00091.1	vir_ires_00091.1		Alphapapillomavirus 4		174
vir_ires_00098.1	vir_ires_00098.1		Alphapapillomavirus 7		174
vir_ires_00099.1	vir_ires_00099.1		Alphapapillomavirus 7		174
vir_ires_00278.1	vir_ires_00278.1		Banna virus strain JKT-6423		174
vir_ires_00279.1	vir_ires_00279.1		Banna virus strain JKT-6423		174
vir_ires_00414.1	vir_ires_00414.1		Bundibugyo ebolavirus		174
KX884554.1:5201-5348 Changjiang picorna-like virus 11 IRES_Cripavirus Changjiang picorna-like virus 11 strain CJLX30672 hypothetical protein 1 and hypothetical protein 2 genes, complete cds.	KX884554.1:5201-5348 Changjiang picorna-like virus 11 IRES_Cripavirus Changjiang picorna-like virus 11 strain CJLX30672 hypothetical protein 1 and hypothetical protein 2 genes, complete cds.	RF00458	Changjiang picorna-like virus 11		148
vir_ires_00551.1	vir_ires_00551.1		Cryphonectria hypovirus 1		495
vir_ires_00552.1	vir_ires_00552.1		Cryphonectria hypovirus 2-NB58		487
vir_ires_00553.1	vir_ires_00553.1		Cryphonectria hypovirus 3		369
vir_ires_00503.1	vir_ires_00503.1		Enterovirus A71 (EV-A71)		655
DQ279927.1:55269-55485 Epstein-Barr virus (strain AG876) IRES_EBNA Human herpesvirus 4 strain AG876, complete genome.	DQ279927.1:55269-55485 Epstein-Barr virus (strain AG876) IRES_EBNA Human herpesvirus 4 strain AG876, complete genome.	RF00448	Epstein-Barr virus (strain AG876)		217
AF308157.1:595-1057 Foot-and-mouth disease virus - type O  IRES_Picorna_2 Foot-and-mouth disease virus, complete genome.	AF308157.1:595-1057 Foot-and-mouth disease virus - type O  IRES_Picorna_2 Foot-and-mouth disease virus, complete genome.	RF00210	Foot-and-mouth disease virus - type O 		463
vir_ires_00508.1	vir_ires_00508.1		GB virus C (GBV-HGV)		628
vir_ires_00471.1	vir_ires_00471.1		Giardia lamblia virus (GLV)		518
vir_ires_00540.1	vir_ires_00540.1		Helminthosporium victoriae 145S virus		293
vir_ires_00539.1	vir_ires_00539.1		Helminthosporium victoriae virus 190S		289
vir_ires_00248.1	vir_ires_00248.1		Hendra henipavirus (HeV)		174
vir_ires_00249.1	vir_ires_00249.1		Hendra henipavirus (HeV)		174
vir_ires_00250.1	vir_ires_00250.1		Hendra henipavirus (HeV)		174
vir_ires_00530.1	vir_ires_00530.1		Hepacivirus N		297
vir_ires_00482.1	M14707.1:166-737 Hepatovirus A UNKNOWN-M14707 IRES_HepA Hepatitis A virus (wild-type) RNA, complete genome.	RF00228	Hepatitis A virus (wild-type)		572
AF009606.1:2-354 Hepatitis C virus H77 Isolate Unknown-AF009606 IRES_HCV Hepatitis C virus subtype 1a polyprotein gene, complete cds.	AF009606.1:2-354 Hepatitis C virus H77 Isolate Unknown-AF009606 IRES_HCV Hepatitis C virus subtype 1a polyprotein gene, complete cds.	RF00061	Hepatitis C virus		353
vir_ires_00475.1	vir_ires_00475.1		Hepatitis C virus (HCV)		232
GBV-B|Hepatitis GB virus B	GBV-B|Hepatitis GB virus B		Hepatitis GB virus B		416
vir_ires_00034.1	vir_ires_00034.1		Hepatitis GB virus B (HGBV-B)		174
GBV-C|Hepatitis GB virus C	GBV-C|Hepatitis GB virus C		Hepatitis GB virus C		630
vir_ires_00270.1	vir_ires_00270.1		Himetobi P virus (HiPV)		174
vir_ires_00535.1	vir_ires_00535.1		HIV-1 vector pNL4-3		122
hsa_ires_00598.1|Homo sapiens (human)|chr8:127,736,244-127,736,610+	hsa_ires_00598.1|Homo sapiens (human)|chr8:127,736,244-127,736,610+	RF00216	Homo sapiens (human)	chr8:127,736,244-127,736,610+	367
CM000685.2:38479154-38479285 Homo sapiens IRES_Bag1 Homo sapiens chromosome X, GRCh38 reference primary assembly.	CM000685.2:38479154-38479285 Homo sapiens IRES_Bag1 Homo sapiens chromosome X, GRCh38 reference primary assembly.	RF00222	Homo sapiens (human)		132
CM000666.2:164188235-164188416 Homo sapiens IRES_Bip Homo sapiens chromosome 4, GRCh38 reference primary assembly.	CM000666.2:164188235-164188416 Homo sapiens IRES_Bip Homo sapiens chromosome 4, GRCh38 reference primary assembly.	RF00223	Homo sapiens (human)		182
hsa_ires_00644.1|Homo sapiens (human)|chr4:122,826,845-122,827,009+	hsa_ires_00644.1|Homo sapiens (human)|chr4:122,826,845-122,827,009+	RF00224	Homo sapiens (human)	chr4:122,826,845-122,827,009+	165
hsa_ires_00586.1|Homo sapiens (human)|chr2:15,941,965-15,942,064+	hsa_ires_00586.1|Homo sapiens (human)|chr2:15,941,965-15,942,064+	RF00226	Homo sapiens (human)	chr2:15,941,965-15,942,064+	100
hsa_ires_00606.1|Homo sapiens (human)|chr1:39,901,435-39,902,015-	hsa_ires_00606.1|Homo sapiens (human)|chr1:39,901,435-39,902,015-	RF00261	Homo sapiens (human)	chr1:39,901,435-39,902,015-	217
CM000667.2:142697800-142697634 Homo sapiens IRES_FGF1 Homo sapiens chromosome 5, GRCh38 reference primary assembly.	CM000667.2:142697800-142697634 Homo sapiens IRES_FGF1 Homo sapiens chromosome 5, GRCh38 reference primary assembly.	RF00387	Homo sapiens (human)		167
MNT_75-267|Homo sapiens	CM000679.2:2400912-2400710 Homo sapiens IRES_mnt Homo sapiens chromosome 17, GRCh38 reference primary assembly.	RF00457	Homo sapiens (human)		203
CM001000.3:142214878-142214758 Mus musculus IRES_IGF2 CM001000.3 Mus musculus chromosome 7, GRCm39 reference primary assembly C57BL/6J	CM000673.2:2141059-2140939 Homo sapiens IRES_IGF2 Homo sapiens chromosome 11, GRCh38 reference primary assembly.	RF00483	Homo sapiens (human)		121
mouse_CM000685.2:71223206-71223356 | chrX:100427320-100427468(+) | RF00484 | IRES_Cx32 | internal ribosome entry site (IRES)	CM000685.2:71223206-71223356 Homo sapiens IRES_Cx32 Homo sapiens chromosome X, GRCh38 reference primary assembly.	RF00484	Homo sapiens (human)		151
CM000667.2:109052656-109052458 Homo sapiens IRES_Cx43 Homo sapiens chromosome 5, GRCh38 reference primary assembly.	CM000667.2:109052656-109052458 Homo sapiens IRES_Cx43 Homo sapiens chromosome 5, GRCh38 reference primary assembly.	RF00487	Homo sapiens (human)		199
GL000255.2:3071369-3071588 Homo sapiens IRES_Hsp70 Homo sapiens chromosome 6 genomic contig, GRCh38 reference assembly alternate locus group ALT_REF_LOCI_6.	hsp70|Homo sapiens	RF00495	Homo sapiens (human)		193
hsa_ires_00639.1|Homo sapiens (human)|chr2:177,264,532-177,264,659-	CM000664.2:177264659-177264532 Homo sapiens NRF2_IRES Homo sapiens chromosome 2, GRCh38 reference primary assembly.	RF02531	Homo sapiens (human)		128
CM000664.2:10445264-10445145 Homo sapiens ODC_IRES Homo sapiens chromosome 2, GRCh38 reference primary assembly.	CM000664.2:10445264-10445145 Homo sapiens ODC_IRES Homo sapiens chromosome 2, GRCh38 reference primary assembly.	RF02535	Homo sapiens (human)		120
Apaf-1|Homo sapiens	Apaf-1|Homo sapiens		Homo sapiens (human)		231
AQP4|Homo sapiens	AQP4|Homo sapiens		Homo sapiens (human)		284
AT1R_var1|Homo sapiens	AT1R_var1|Homo sapiens		Homo sapiens (human)		356
AT1R_var2|Homo sapiens	AT1R_var2|Homo sapiens		Homo sapiens (human)		272
AT1R_var3|Homo sapiens	AT1R_var3|Homo sapiens		Homo sapiens (human)		330
BiP_-222_-3|Homo sapiens	CM000671.2:125241341-125241094 Homo sapiens IRES_Bip Homo sapiens chromosome 9, GRCh38 reference primary assembly.		Homo sapiens (human)		248
CCND1|Homo sapiens	CCND1|Homo sapiens		Homo sapiens (human)		209
CM000664.2:15940568-15940760 Homo sapiens IRES_n-myc Homo sapiens chromosome 2, GRCh38 reference primary assembly.	CM000664.2:15940568-15940760 Homo sapiens IRES_n-myc Homo sapiens chromosome 2, GRCh38 reference primary assembly.		Homo sapiens (human)		193
CM000664.2:15941768-15942091 Homo sapiens IRES_n-myc Homo sapiens chromosome 2, GRCh38 reference primary assembly.	CM000664.2:15941768-15942091 Homo sapiens IRES_n-myc Homo sapiens chromosome 2, GRCh38 reference primary assembly.		Homo sapiens (human)		324
CM000666.2:122826680-122827177 Homo sapiens IRES_FGF2 Homo sapiens chromosome 4, GRCh38 reference primary assembly.	CM000666.2:122826680-122827177 Homo sapiens IRES_FGF2 Homo sapiens chromosome 4, GRCh38 reference primary assembly.		Homo sapiens (human)		498
CM000671.2:33264696-33264327 Homo sapiens IRES_Bag1 Homo sapiens chromosome 9, GRCh38 reference primary assembly.	CM000671.2:33264696-33264327 Homo sapiens IRES_Bag1 Homo sapiens chromosome 9, GRCh38 reference primary assembly.		Homo sapiens (human)		370
CM000671.2:84670396-84670748 Homo sapiens IRES_TrkB Homo sapiens chromosome 9, GRCh38 reference primary assembly.	CM000671.2:84670396-84670748 Homo sapiens IRES_TrkB Homo sapiens chromosome 9, GRCh38 reference primary assembly.		Homo sapiens (human)		353
CM000673.2:30012935-30012676 Homo sapiens IRES_Kv1_4 Homo sapiens chromosome 11, GRCh38 reference primary assembly.	CM000673.2:30012935-30012676 Homo sapiens IRES_Kv1_4 Homo sapiens chromosome 11, GRCh38 reference primary assembly.		Homo sapiens (human)		260
CM000676.2:61695528-61695807 Homo sapiens IRES_HIF1 Homo sapiens chromosome 14, GRCh38 reference primary assembly.	CM000676.2:61695528-61695807 Homo sapiens IRES_HIF1 Homo sapiens chromosome 14, GRCh38 reference primary assembly.		Homo sapiens (human)		280
CM000684.2:39244768-39244141 Homo sapiens IRES_c-sis Homo sapiens chromosome 22, GRCh38 reference primary assembly.	CM000684.2:39244768-39244141 Homo sapiens IRES_c-sis Homo sapiens chromosome 22, GRCh38 reference primary assembly.		Homo sapiens (human)		628
DAP5|Homo sapiens	DAP5|Homo sapiens		Homo sapiens (human)		305
eIF4G|Homo sapiens	eIF4G|Homo sapiens		Homo sapiens (human)		357
eIF4GI-ext|Homo sapiens	eIF4GI-ext|Homo sapiens		Homo sapiens (human)		196
eIF4GII|Homo sapiens	eIF4GII|Homo sapiens		Homo sapiens (human)		256
eIF4GII-long|Homo sapiens	eIF4GII-long|Homo sapiens		Homo sapiens (human)		327
ELG1|Homo sapiens	ELG1|Homo sapiens		Homo sapiens (human)		460
ELG1|Homo sapiens	ELG1|Homo sapiens		Homo sapiens (human)		460
FGF1A|Homo sapiens	FGF1A|Homo sapiens		Homo sapiens (human)		434
GL000250.2:3160362-3160579 Homo sapiens IRES_Hsp70 Homo sapiens chromosome 6 genomic contig, GRCh38 reference assembly alternate locus group ALT_REF_LOCI_1.	CM000668.2:31827737-31827954 Homo sapiens IRES_Hsp70 Homo sapiens chromosome 6, GRCh38 reference primary assembly.		Homo sapiens (human)		218
GL000255.2:3071369-3071588 Homo sapiens IRES_Hsp70 Homo sapiens chromosome 6 genomic contig, GRCh38 reference assembly alternate locus group ALT_REF_LOCI_6.	GL000250.2:3148163-3148382 Homo sapiens IRES_Hsp70 Homo sapiens chromosome 6 genomic contig, GRCh38 reference assembly alternate locus group ALT_REF_LOCI_1.		Homo sapiens (human)		220
hsa_ires_00000.1|Homo sapiens (human)|chr2:45,602,066-45,611,294-	hsa_ires_00000.1|Homo sapiens (human)|chr2:45,602,066-45,611,294-		Homo sapiens (human)	chr2:45,602,066-45,611,294-	174
hsa_ires_00001.1|Homo sapiens (human)|chr1:70,411,242-70,411,415+	hsa_ires_00001.1|Homo sapiens (human)|chr1:70,411,242-70,411,415+		Homo sapiens (human)	chr1:70,411,242-70,411,415+	174
hsa_ires_00002.1|Homo sapiens (human)|chr4:169,620,906-169,635,928+	hsa_ires_00002.1|Homo sapiens (human)|chr4:169,620,906-169,635,928+		Homo sapiens (human)	chr4:169,620,906-169,635,928+	174
hsa_ires_00003.1|Homo sapiens (human)|chr14:55,008,692-55,010,454-	hsa_ires_00003.1|Homo sapiens (human)|chr14:55,008,692-55,010,454-		Homo sapiens (human)	chr14:55,008,692-55,010,454-	174
hsa_ires_00004.1|Homo sapiens (human)|chr2:210,556,599-210,556,772+	hsa_ires_00004.1|Homo sapiens (human)|chr2:210,556,599-210,556,772+		Homo sapiens (human)	chr2:210,556,599-210,556,772+	174
hsa_ires_00005.1|Homo sapiens (human)|chr5:74,763,743-74,767,087-	hsa_ires_00005.1|Homo sapiens (human)|chr5:74,763,743-74,767,087-		Homo sapiens (human)	chr5:74,763,743-74,767,087-	174
hsa_ires_00006.1|Homo sapiens (human)|chr6:89,829,900-89,853,221+	hsa_ires_00006.1|Homo sapiens (human)|chr6:89,829,900-89,853,221+		Homo sapiens (human)	chr6:89,829,900-89,853,221+	174
hsa_ires_00007.1|Homo sapiens (human)|chr7:32,489,263-32,490,411-	hsa_ires_00007.1|Homo sapiens (human)|chr7:32,489,263-32,490,411-		Homo sapiens (human)	chr7:32,489,263-32,490,411-	174
hsa_ires_00008.1|Homo sapiens (human)|chr19:48,575,741-48,575,914+	hsa_ires_00008.1|Homo sapiens (human)|chr19:48,575,741-48,575,914+		Homo sapiens (human)	chr19:48,575,741-48,575,914+	174
hsa_ires_00009.1|Homo sapiens (human)|chr6:53,070,973-53,073,483+	hsa_ires_00009.1|Homo sapiens (human)|chr6:53,070,973-53,073,483+		Homo sapiens (human)	chr6:53,070,973-53,073,483+	174
hsa_ires_00010.1|Homo sapiens (human)|chr12:57,487,953-57,488,126+	hsa_ires_00010.1|Homo sapiens (human)|chr12:57,487,953-57,488,126+		Homo sapiens (human)	chr12:57,487,953-57,488,126+	174
hsa_ires_00011.1|Homo sapiens (human)|chr7:134,658,556-134,661,507+	hsa_ires_00011.1|Homo sapiens (human)|chr7:134,658,556-134,661,507+		Homo sapiens (human)	chr7:134,658,556-134,661,507+	174
hsa_ires_00012.1|Homo sapiens (human)|chr22:23,691,857-23,692,030+	hsa_ires_00012.1|Homo sapiens (human)|chr22:23,691,857-23,692,030+		Homo sapiens (human)	chr22:23,691,857-23,692,030+	174
hsa_ires_00013.1|Homo sapiens (human)|chrX:73,563,148-73,563,321+	hsa_ires_00013.1|Homo sapiens (human)|chrX:73,563,148-73,563,321+		Homo sapiens (human)	chrX:73,563,148-73,563,321+	174
hsa_ires_00014.1|Homo sapiens (human)|chr10:67,647,514-67,696,168-	hsa_ires_00014.1|Homo sapiens (human)|chr10:67,647,514-67,696,168-		Homo sapiens (human)	chr10:67,647,514-67,696,168-	174
hsa_ires_00015.1|Homo sapiens (human)|chr2:73,829,015-73,830,856+	hsa_ires_00015.1|Homo sapiens (human)|chr2:73,829,015-73,830,856+		Homo sapiens (human)	chr2:73,829,015-73,830,856+	174
hsa_ires_00016.1|Homo sapiens (human)|chr16:1,309,153-1,314,074+	hsa_ires_00016.1|Homo sapiens (human)|chr16:1,309,153-1,314,074+		Homo sapiens (human)	chr16:1,309,153-1,314,074+	174
hsa_ires_00017.1|Homo sapiens (human)|chr11:46,701,094-46,701,524+	hsa_ires_00017.1|Homo sapiens (human)|chr11:46,701,094-46,701,524+		Homo sapiens (human)	chr11:46,701,094-46,701,524+	174
hsa_ires_00018.1|Homo sapiens (human)|chr2:210,476,387-210,476,767-	hsa_ires_00018.1|Homo sapiens (human)|chr2:210,476,387-210,476,767-		Homo sapiens (human)	chr2:210,476,387-210,476,767-	174
hsa_ires_00019.1|Homo sapiens (human)|chr2:233,917,398-233,930,684+	hsa_ires_00019.1|Homo sapiens (human)|chr2:233,917,398-233,930,684+		Homo sapiens (human)	chr2:233,917,398-233,930,684+	174
hsa_ires_00020.1|Homo sapiens (human)|chr1:151,326,180-151,326,353-	hsa_ires_00020.1|Homo sapiens (human)|chr1:151,326,180-151,326,353-		Homo sapiens (human)	chr1:151,326,180-151,326,353-	174
hsa_ires_00021.1|Homo sapiens (human)|chrX:101,616,621-101,617,912-	hsa_ires_00021.1|Homo sapiens (human)|chrX:101,616,621-101,617,912-		Homo sapiens (human)	chrX:101,616,621-101,617,912-	174
hsa_ires_00022.1|Homo sapiens (human)|chr19:579,538-580,433+	hsa_ires_00022.1|Homo sapiens (human)|chr19:579,538-580,433+		Homo sapiens (human)	chr19:579,538-580,433+	174
hsa_ires_00023.1|Homo sapiens (human)|chr14:22,999,024-23,000,999-	hsa_ires_00023.1|Homo sapiens (human)|chr14:22,999,024-23,000,999-		Homo sapiens (human)	chr14:22,999,024-23,000,999-	174
hsa_ires_00024.1|Homo sapiens (human)|chr6:96,563,194-96,603,613+	hsa_ires_00024.1|Homo sapiens (human)|chr6:96,563,194-96,603,613+		Homo sapiens (human)	chr6:96,563,194-96,603,613+	174
hsa_ires_00025.1|Homo sapiens (human)|chr7:22,727,147-22,727,482+	hsa_ires_00025.1|Homo sapiens (human)|chr7:22,727,147-22,727,482+		Homo sapiens (human)	chr7:22,727,147-22,727,482+	174
hsa_ires_00026.1|Homo sapiens (human)|chr2:158,101,890-158,102,063+	hsa_ires_00026.1|Homo sapiens (human)|chr2:158,101,890-158,102,063+		Homo sapiens (human)	chr2:158,101,890-158,102,063+	174
hsa_ires_00027.1|Homo sapiens (human)|chr12:47,879,114-47,899,927-	hsa_ires_00027.1|Homo sapiens (human)|chr12:47,879,114-47,899,927-		Homo sapiens (human)	chr12:47,879,114-47,899,927-	174
hsa_ires_00028.1|Homo sapiens (human)|chr1:151,254,721-151,262,246+	hsa_ires_00028.1|Homo sapiens (human)|chr1:151,254,721-151,262,246+		Homo sapiens (human)	chr1:151,254,721-151,262,246+	174
hsa_ires_00029.1|Homo sapiens (human)|chr19:35,499,993-35,501,911-	hsa_ires_00029.1|Homo sapiens (human)|chr19:35,499,993-35,501,911-		Homo sapiens (human)	chr19:35,499,993-35,501,911-	174
hsa_ires_00030.1|Homo sapiens (human)|chr12:121,011,141-121,016,497-	hsa_ires_00030.1|Homo sapiens (human)|chr12:121,011,141-121,016,497-		Homo sapiens (human)	chr12:121,011,141-121,016,497-	174
hsa_ires_00031.1|Homo sapiens (human)|chr12:27,969,495-27,969,832-	hsa_ires_00031.1|Homo sapiens (human)|chr12:27,969,495-27,969,832-		Homo sapiens (human)	chr12:27,969,495-27,969,832-	174
hsa_ires_00032.1|Homo sapiens (human)|chr2:99,142,294-99,147,467+	hsa_ires_00032.1|Homo sapiens (human)|chr2:99,142,294-99,147,467+		Homo sapiens (human)	chr2:99,142,294-99,147,467+	174
hsa_ires_00033.1|Homo sapiens (human)|chr8:100,948,890-100,950,568-	hsa_ires_00033.1|Homo sapiens (human)|chr8:100,948,890-100,950,568-		Homo sapiens (human)	chr8:100,948,890-100,950,568-	174
hsa_ires_00034.1|Homo sapiens (human)|chr17:7,688,475-7,688,648+	hsa_ires_00034.1|Homo sapiens (human)|chr17:7,688,475-7,688,648+		Homo sapiens (human)	chr17:7,688,475-7,688,648+	174
hsa_ires_00035.1|Homo sapiens (human)|chr14:92,083,197-92,093,275-	hsa_ires_00035.1|Homo sapiens (human)|chr14:92,083,197-92,093,275-		Homo sapiens (human)	chr14:92,083,197-92,093,275-	174
hsa_ires_00036.1|Homo sapiens (human)|chr2:230,910,963-230,925,207-	hsa_ires_00036.1|Homo sapiens (human)|chr2:230,910,963-230,925,207-		Homo sapiens (human)	chr2:230,910,963-230,925,207-	174
hsa_ires_00037.1|Homo sapiens (human)|chr4:176,269,049-176,269,222-	hsa_ires_00037.1|Homo sapiens (human)|chr4:176,269,049-176,269,222-		Homo sapiens (human)	chr4:176,269,049-176,269,222-	174
hsa_ires_00038.1|Homo sapiens (human)|chr11:62,665,706-62,665,879+	hsa_ires_00038.1|Homo sapiens (human)|chr11:62,665,706-62,665,879+		Homo sapiens (human)	chr11:62,665,706-62,665,879+	174
hsa_ires_00039.1|Homo sapiens (human)|chr19:38,871,842-38,876,372-	hsa_ires_00039.1|Homo sapiens (human)|chr19:38,871,842-38,876,372-		Homo sapiens (human)	chr19:38,871,842-38,876,372-	174
hsa_ires_00040.1|Homo sapiens (human)|chr6:4,133,615-4,135,597-	hsa_ires_00040.1|Homo sapiens (human)|chr6:4,133,615-4,135,597-		Homo sapiens (human)	chr6:4,133,615-4,135,597-	174
hsa_ires_00041.1|Homo sapiens (human)|chr17:41,586,722-41,586,895-	hsa_ires_00041.1|Homo sapiens (human)|chr17:41,586,722-41,586,895-		Homo sapiens (human)	chr17:41,586,722-41,586,895-	174
hsa_ires_00042.1|Homo sapiens (human)|chr6:53,655,240-53,665,708-	hsa_ires_00042.1|Homo sapiens (human)|chr6:53,655,240-53,665,708-		Homo sapiens (human)	chr6:53,655,240-53,665,708-	174
hsa_ires_00043.1|Homo sapiens (human)|chr12:56,333,095-56,333,546-	hsa_ires_00043.1|Homo sapiens (human)|chr12:56,333,095-56,333,546-		Homo sapiens (human)	chr12:56,333,095-56,333,546-	174
hsa_ires_00044.1|Homo sapiens (human)|chr19:34,300,300-34,300,473+	hsa_ires_00044.1|Homo sapiens (human)|chr19:34,300,300-34,300,473+		Homo sapiens (human)	chr19:34,300,300-34,300,473+	174
hsa_ires_00045.1|Homo sapiens (human)|chr6:33,321,890-33,323,016-	hsa_ires_00045.1|Homo sapiens (human)|chr6:33,321,890-33,323,016-		Homo sapiens (human)	chr6:33,321,890-33,323,016-	174
hsa_ires_00046.1|Homo sapiens (human)|chr1:88,887,330-88,891,618-	hsa_ires_00046.1|Homo sapiens (human)|chr1:88,887,330-88,891,618-		Homo sapiens (human)	chr1:88,887,330-88,891,618-	174
hsa_ires_00047.1|Homo sapiens (human)|chr1:44,739,818-44,739,991+	hsa_ires_00047.1|Homo sapiens (human)|chr1:44,739,818-44,739,991+		Homo sapiens (human)	chr1:44,739,818-44,739,991+	174
hsa_ires_00048.1|Homo sapiens (human)|chrX:129,906,121-129,907,424+	hsa_ires_00048.1|Homo sapiens (human)|chrX:129,906,121-129,907,424+		Homo sapiens (human)	chrX:129,906,121-129,907,424+	174
hsa_ires_00049.1|Homo sapiens (human)|chr1:204,073,539-204,112,915+	hsa_ires_00049.1|Homo sapiens (human)|chr1:204,073,539-204,112,915+		Homo sapiens (human)	chr1:204,073,539-204,112,915+	174
hsa_ires_00050.1|Homo sapiens (human)|chr19:8,316,611-8,321,396-	hsa_ires_00050.1|Homo sapiens (human)|chr19:8,316,611-8,321,396-		Homo sapiens (human)	chr19:8,316,611-8,321,396-	174
hsa_ires_00051.1|Homo sapiens (human)|chr1:154,272,563-154,272,736+	hsa_ires_00051.1|Homo sapiens (human)|chr1:154,272,563-154,272,736+		Homo sapiens (human)	chr1:154,272,563-154,272,736+	174
hsa_ires_00052.1|Homo sapiens (human)|chr6:139,288,891-139,292,071-	hsa_ires_00052.1|Homo sapiens (human)|chr6:139,288,891-139,292,071-		Homo sapiens (human)	chr6:139,288,891-139,292,071-	174
hsa_ires_00053.1|Homo sapiens (human)|chr9:133,129,228-133,129,401-	hsa_ires_00053.1|Homo sapiens (human)|chr9:133,129,228-133,129,401-		Homo sapiens (human)	chr9:133,129,228-133,129,401-	174
hsa_ires_00054.1|Homo sapiens (human)|chr5:1,201,595-1,201,768+	hsa_ires_00054.1|Homo sapiens (human)|chr5:1,201,595-1,201,768+		Homo sapiens (human)	chr5:1,201,595-1,201,768+	174
hsa_ires_00055.1|Homo sapiens (human)|chr18:58,149,362-58,149,535+	hsa_ires_00055.1|Homo sapiens (human)|chr18:58,149,362-58,149,535+		Homo sapiens (human)	chr18:58,149,362-58,149,535+	174
hsa_ires_00056.1|Homo sapiens (human)|chr1:162,381,730-162,381,903+	hsa_ires_00056.1|Homo sapiens (human)|chr1:162,381,730-162,381,903+		Homo sapiens (human)	chr1:162,381,730-162,381,903+	174
hsa_ires_00057.1|Homo sapiens (human)|chr1:22,052,627-22,078,486+	hsa_ires_00057.1|Homo sapiens (human)|chr1:22,052,627-22,078,486+		Homo sapiens (human)	chr1:22,052,627-22,078,486+	174
hsa_ires_00058.1|Homo sapiens (human)|chr7:99,325,873-99,333,366+	hsa_ires_00058.1|Homo sapiens (human)|chr7:99,325,873-99,333,366+		Homo sapiens (human)	chr7:99,325,873-99,333,366+	174
hsa_ires_00059.1|Homo sapiens (human)|chr12:51,008,605-51,009,270-	hsa_ires_00059.1|Homo sapiens (human)|chr12:51,008,605-51,009,270-		Homo sapiens (human)	chr12:51,008,605-51,009,270-	174
hsa_ires_00060.1|Homo sapiens (human)|chr12:75,508,399-75,511,638-	hsa_ires_00060.1|Homo sapiens (human)|chr12:75,508,399-75,511,638-		Homo sapiens (human)	chr12:75,508,399-75,511,638-	174
hsa_ires_00061.1|Homo sapiens (human)|chr6:44,158,811-44,169,328+	hsa_ires_00061.1|Homo sapiens (human)|chr6:44,158,811-44,169,328+		Homo sapiens (human)	chr6:44,158,811-44,169,328+	174
hsa_ires_00062.1|Homo sapiens (human)|chr9:88,134,812-88,134,985-	hsa_ires_00062.1|Homo sapiens (human)|chr9:88,134,812-88,134,985-		Homo sapiens (human)	chr9:88,134,812-88,134,985-	174
hsa_ires_00063.1|Homo sapiens (human)|chr19:35,907,549-35,908,309-	hsa_ires_00063.1|Homo sapiens (human)|chr19:35,907,549-35,908,309-		Homo sapiens (human)	chr19:35,907,549-35,908,309-	174
hsa_ires_00064.1|Homo sapiens (human)|chr12:48,122,647-48,122,820+	hsa_ires_00064.1|Homo sapiens (human)|chr12:48,122,647-48,122,820+		Homo sapiens (human)	chr12:48,122,647-48,122,820+	174
hsa_ires_00065.1|Homo sapiens (human)|chr16:30,064,353-30,067,254+	hsa_ires_00065.1|Homo sapiens (human)|chr16:30,064,353-30,067,254+		Homo sapiens (human)	chr16:30,064,353-30,067,254+	174
hsa_ires_00066.1|Homo sapiens (human)|chr2:233,388,154-233,388,327+	hsa_ires_00066.1|Homo sapiens (human)|chr2:233,388,154-233,388,327+		Homo sapiens (human)	chr2:233,388,154-233,388,327+	174
hsa_ires_00067.1|Homo sapiens (human)|chr11:2,929,247-2,929,420-	hsa_ires_00067.1|Homo sapiens (human)|chr11:2,929,247-2,929,420-		Homo sapiens (human)	chr11:2,929,247-2,929,420-	174
hsa_ires_00068.1|Homo sapiens (human)|chr7:20,785,763-20,786,822-	hsa_ires_00068.1|Homo sapiens (human)|chr7:20,785,763-20,786,822-		Homo sapiens (human)	chr7:20,785,763-20,786,822-	174
hsa_ires_00069.1|Homo sapiens (human)|chr6:31,655,894-31,656,067+	hsa_ires_00069.1|Homo sapiens (human)|chr6:31,655,894-31,656,067+		Homo sapiens (human)	chr6:31,655,894-31,656,067+	174
hsa_ires_00070.1|Homo sapiens (human)|chr3:138,187,553-138,188,527+	hsa_ires_00070.1|Homo sapiens (human)|chr3:138,187,553-138,188,527+		Homo sapiens (human)	chr3:138,187,553-138,188,527+	174
hsa_ires_00071.1|Homo sapiens (human)|chr1:205,994,136-205,994,309-	hsa_ires_00071.1|Homo sapiens (human)|chr1:205,994,136-205,994,309-		Homo sapiens (human)	chr1:205,994,136-205,994,309-	174
hsa_ires_00072.1|Homo sapiens (human)|chr1:113,953,877-113,954,743+	hsa_ires_00072.1|Homo sapiens (human)|chr1:113,953,877-113,954,743+		Homo sapiens (human)	chr1:113,953,877-113,954,743+	174
hsa_ires_00073.1|Homo sapiens (human)|chr1:155,172,827-155,173,328-	hsa_ires_00073.1|Homo sapiens (human)|chr1:155,172,827-155,173,328-		Homo sapiens (human)	chr1:155,172,827-155,173,328-	174
hsa_ires_00074.1|Homo sapiens (human)|chr5:139,389,743-139,389,916-	hsa_ires_00074.1|Homo sapiens (human)|chr5:139,389,743-139,389,916-		Homo sapiens (human)	chr5:139,389,743-139,389,916-	174
hsa_ires_00075.1|Homo sapiens (human)|chr5:134,758,771-134,758,944+	hsa_ires_00075.1|Homo sapiens (human)|chr5:134,758,771-134,758,944+		Homo sapiens (human)	chr5:134,758,771-134,758,944+	174
hsa_ires_00076.1|Homo sapiens (human)|chr3:159,273,647-159,273,820+	hsa_ires_00076.1|Homo sapiens (human)|chr3:159,273,647-159,273,820+		Homo sapiens (human)	chr3:159,273,647-159,273,820+	174
hsa_ires_00077.1|Homo sapiens (human)|chr4:38,775,549-38,782,990-	hsa_ires_00077.1|Homo sapiens (human)|chr4:38,775,549-38,782,990-		Homo sapiens (human)	chr4:38,775,549-38,782,990-	174
hsa_ires_00078.1|Homo sapiens (human)|chr16:89,919,085-89,919,258+	hsa_ires_00078.1|Homo sapiens (human)|chr16:89,919,085-89,919,258+		Homo sapiens (human)	chr16:89,919,085-89,919,258+	174
hsa_ires_00079.1|Homo sapiens (human)|chr14:101,561,351-101,561,524+	hsa_ires_00079.1|Homo sapiens (human)|chr14:101,561,351-101,561,524+		Homo sapiens (human)	chr14:101,561,351-101,561,524+	174
hsa_ires_00080.1|Homo sapiens (human)|chrX:154,305,164-154,305,337+	hsa_ires_00080.1|Homo sapiens (human)|chrX:154,305,164-154,305,337+		Homo sapiens (human)	chrX:154,305,164-154,305,337+	174
hsa_ires_00081.1|Homo sapiens (human)|chr8:144,890,045-144,901,461-	hsa_ires_00081.1|Homo sapiens (human)|chr8:144,890,045-144,901,461-		Homo sapiens (human)	chr8:144,890,045-144,901,461-	174
hsa_ires_00082.1|Homo sapiens (human)|chr15:72,219,098-72,231,276-	hsa_ires_00082.1|Homo sapiens (human)|chr15:72,219,098-72,231,276-		Homo sapiens (human)	chr15:72,219,098-72,231,276-	174
hsa_ires_00083.1|Homo sapiens (human)|chr7:101,629,119-101,629,292-	hsa_ires_00083.1|Homo sapiens (human)|chr7:101,629,119-101,629,292-		Homo sapiens (human)	chr7:101,629,119-101,629,292-	174
hsa_ires_00084.1|Homo sapiens (human)|chr12:57,048,324-57,050,040-	hsa_ires_00084.1|Homo sapiens (human)|chr12:57,048,324-57,050,040-		Homo sapiens (human)	chr12:57,048,324-57,050,040-	174
hsa_ires_00085.1|Homo sapiens (human)|chr15:82,571,498-82,571,671-	hsa_ires_00085.1|Homo sapiens (human)|chr15:82,571,498-82,571,671-		Homo sapiens (human)	chr15:82,571,498-82,571,671-	174
hsa_ires_00086.1|Homo sapiens (human)|chr10:35,167,552-35,167,725+	hsa_ires_00086.1|Homo sapiens (human)|chr10:35,167,552-35,167,725+		Homo sapiens (human)	chr10:35,167,552-35,167,725+	174
hsa_ires_00087.1|Homo sapiens (human)|chr17:7,675,216-7,675,389-	hsa_ires_00087.1|Homo sapiens (human)|chr17:7,675,216-7,675,389-		Homo sapiens (human)	chr17:7,675,216-7,675,389-	174
hsa_ires_00088.1|Homo sapiens (human)|chr19:18,269,479-18,274,467-	hsa_ires_00088.1|Homo sapiens (human)|chr19:18,269,479-18,274,467-		Homo sapiens (human)	chr19:18,269,479-18,274,467-	174
hsa_ires_00089.1|Homo sapiens (human)|chr1:77,978,920-77,979,093-	hsa_ires_00089.1|Homo sapiens (human)|chr1:77,978,920-77,979,093-		Homo sapiens (human)	chr1:77,978,920-77,979,093-	174
hsa_ires_00090.1|Homo sapiens (human)|chr11:118,893,506-118,893,679+	hsa_ires_00090.1|Homo sapiens (human)|chr11:118,893,506-118,893,679+		Homo sapiens (human)	chr11:118,893,506-118,893,679+	174
hsa_ires_00091.1|Homo sapiens (human)|chr17:78,126,800-78,132,407-	hsa_ires_00091.1|Homo sapiens (human)|chr17:78,126,800-78,132,407-		Homo sapiens (human)	chr17:78,126,800-78,132,407-	174
hsa_ires_00092.1|Homo sapiens (human)|chr1:25,820,916-25,823,104+	hsa_ires_00092.1|Homo sapiens (human)|chr1:25,820,916-25,823,104+		Homo sapiens (human)	chr1:25,820,916-25,823,104+	174
hsa_ires_00093.1|Homo sapiens (human)|chr16:24,846,289-24,858,643+	hsa_ires_00093.1|Homo sapiens (human)|chr16:24,846,289-24,858,643+		Homo sapiens (human)	chr16:24,846,289-24,858,643+	174
hsa_ires_00094.1|Homo sapiens (human)|chr17:44,187,682-44,189,046+	hsa_ires_00094.1|Homo sapiens (human)|chr17:44,187,682-44,189,046+		Homo sapiens (human)	chr17:44,187,682-44,189,046+	174
hsa_ires_00095.1|Homo sapiens (human)|chr1:45,551,116-45,561,794+	hsa_ires_00095.1|Homo sapiens (human)|chr1:45,551,116-45,561,794+		Homo sapiens (human)	chr1:45,551,116-45,561,794+	174
hsa_ires_00096.1|Homo sapiens (human)|chr19:55,368,513-55,370,420-	hsa_ires_00096.1|Homo sapiens (human)|chr19:55,368,513-55,370,420-		Homo sapiens (human)	chr19:55,368,513-55,370,420-	174
hsa_ires_00097.1|Homo sapiens (human)|chr4:94,207,946-94,208,394+	hsa_ires_00097.1|Homo sapiens (human)|chr4:94,207,946-94,208,394+		Homo sapiens (human)	chr4:94,207,946-94,208,394+	174
hsa_ires_00098.1|Homo sapiens (human)|chr1:109,114,010-109,114,183+	hsa_ires_00098.1|Homo sapiens (human)|chr1:109,114,010-109,114,183+		Homo sapiens (human)	chr1:109,114,010-109,114,183+	174
hsa_ires_00099.1|Homo sapiens (human)|chr1:25,903,805-25,906,877-	hsa_ires_00099.1|Homo sapiens (human)|chr1:25,903,805-25,906,877-		Homo sapiens (human)	chr1:25,903,805-25,906,877-	174
hsa_ires_00100.1|Homo sapiens (human)|chr12:110,124,709-110,127,380+	hsa_ires_00100.1|Homo sapiens (human)|chr12:110,124,709-110,127,380+		Homo sapiens (human)	chr12:110,124,709-110,127,380+	174
hsa_ires_00101.1|Homo sapiens (human)|chr14:77,457,318-77,457,491-	hsa_ires_00101.1|Homo sapiens (human)|chr14:77,457,318-77,457,491-		Homo sapiens (human)	chr14:77,457,318-77,457,491-	174
hsa_ires_00102.1|Homo sapiens (human)|chr5:42,565,701-42,565,874+	hsa_ires_00102.1|Homo sapiens (human)|chr5:42,565,701-42,565,874+		Homo sapiens (human)	chr5:42,565,701-42,565,874+	174
hsa_ires_00103.1|Homo sapiens (human)|chr12:23,896,015-23,951,032-	hsa_ires_00103.1|Homo sapiens (human)|chr12:23,896,015-23,951,032-		Homo sapiens (human)	chr12:23,896,015-23,951,032-	174
hsa_ires_00104.1|Homo sapiens (human)|chr22:21,549,447-21,549,620+	hsa_ires_00104.1|Homo sapiens (human)|chr22:21,549,447-21,549,620+		Homo sapiens (human)	chr22:21,549,447-21,549,620+	174
hsa_ires_00105.1|Homo sapiens (human)|chr4:121,164,126-121,164,299-	hsa_ires_00105.1|Homo sapiens (human)|chr4:121,164,126-121,164,299-		Homo sapiens (human)	chr4:121,164,126-121,164,299-	174
hsa_ires_00106.1|Homo sapiens (human)|chr19:13,116,400-13,116,573-	hsa_ires_00106.1|Homo sapiens (human)|chr19:13,116,400-13,116,573-		Homo sapiens (human)	chr19:13,116,400-13,116,573-	174
hsa_ires_00107.1|Homo sapiens (human)|chr3:44,712,724-44,720,261+	hsa_ires_00107.1|Homo sapiens (human)|chr3:44,712,724-44,720,261+		Homo sapiens (human)	chr3:44,712,724-44,720,261+	174
hsa_ires_00108.1|Homo sapiens (human)|chr11:108,197,386-108,222,638-	hsa_ires_00108.1|Homo sapiens (human)|chr11:108,197,386-108,222,638-		Homo sapiens (human)	chr11:108,197,386-108,222,638-	174
hsa_ires_00109.1|Homo sapiens (human)|chr11:119,087,987-119,088,662+	hsa_ires_00109.1|Homo sapiens (human)|chr11:119,087,987-119,088,662+		Homo sapiens (human)	chr11:119,087,987-119,088,662+	174
hsa_ires_00110.1|Homo sapiens (human)|chr12:56,645,895-56,646,068-	hsa_ires_00110.1|Homo sapiens (human)|chr12:56,645,895-56,646,068-		Homo sapiens (human)	chr12:56,645,895-56,646,068-	174
hsa_ires_00111.1|Homo sapiens (human)|chr16:29,662,950-29,663,737+	hsa_ires_00111.1|Homo sapiens (human)|chr16:29,662,950-29,663,737+		Homo sapiens (human)	chr16:29,662,950-29,663,737+	174
hsa_ires_00112.1|Homo sapiens (human)|chr1:28,887,091-28,987,484+	hsa_ires_00112.1|Homo sapiens (human)|chr1:28,887,091-28,987,484+		Homo sapiens (human)	chr1:28,887,091-28,987,484+	174
hsa_ires_00113.1|Homo sapiens (human)|chr10:79,946,529-79,949,105-	hsa_ires_00113.1|Homo sapiens (human)|chr10:79,946,529-79,949,105-		Homo sapiens (human)	chr10:79,946,529-79,949,105-	174
hsa_ires_00114.1|Homo sapiens (human)|chr21:43,095,724-43,104,334-	hsa_ires_00114.1|Homo sapiens (human)|chr21:43,095,724-43,104,334-		Homo sapiens (human)	chr21:43,095,724-43,104,334-	174
hsa_ires_00115.1|Homo sapiens (human)|chr2:219,158,335-219,160,865-	hsa_ires_00115.1|Homo sapiens (human)|chr2:219,158,335-219,160,865-		Homo sapiens (human)	chr2:219,158,335-219,160,865-	174
hsa_ires_00116.1|Homo sapiens (human)|chr3:183,099,404-183,099,577-	hsa_ires_00116.1|Homo sapiens (human)|chr3:183,099,404-183,099,577-		Homo sapiens (human)	chr3:183,099,404-183,099,577-	174
hsa_ires_00117.1|Homo sapiens (human)|chr19:40,442,081-40,442,494-	hsa_ires_00117.1|Homo sapiens (human)|chr19:40,442,081-40,442,494-		Homo sapiens (human)	chr19:40,442,081-40,442,494-	174
hsa_ires_00118.1|Homo sapiens (human)|chr6:30,112,742-30,113,090-	hsa_ires_00118.1|Homo sapiens (human)|chr6:30,112,742-30,113,090-		Homo sapiens (human)	chr6:30,112,742-30,113,090-	174
hsa_ires_00119.1|Homo sapiens (human)|chr20:33,168,154-33,169,248+	hsa_ires_00119.1|Homo sapiens (human)|chr20:33,168,154-33,169,248+		Homo sapiens (human)	chr20:33,168,154-33,169,248+	174
hsa_ires_00120.1|Homo sapiens (human)|chr12:89,497,317-89,525,267-	hsa_ires_00120.1|Homo sapiens (human)|chr12:89,497,317-89,525,267-		Homo sapiens (human)	chr12:89,497,317-89,525,267-	174
hsa_ires_00121.1|Homo sapiens (human)|chr7:94,004,205-94,004,378-	hsa_ires_00121.1|Homo sapiens (human)|chr7:94,004,205-94,004,378-		Homo sapiens (human)	chr7:94,004,205-94,004,378-	174
hsa_ires_00122.1|Homo sapiens (human)|chr3:46,863,310-46,863,483-	hsa_ires_00122.1|Homo sapiens (human)|chr3:46,863,310-46,863,483-		Homo sapiens (human)	chr3:46,863,310-46,863,483-	174
hsa_ires_00123.1|Homo sapiens (human)|chr8:92,017,341-92,017,514-	hsa_ires_00123.1|Homo sapiens (human)|chr8:92,017,341-92,017,514-		Homo sapiens (human)	chr8:92,017,341-92,017,514-	174
hsa_ires_00124.1|Homo sapiens (human)|chr17:41,624,457-41,624,630-	hsa_ires_00124.1|Homo sapiens (human)|chr17:41,624,457-41,624,630-		Homo sapiens (human)	chr17:41,624,457-41,624,630-	174
hsa_ires_00125.1|Homo sapiens (human)|chr16:69,626,446-69,647,056+	hsa_ires_00125.1|Homo sapiens (human)|chr16:69,626,446-69,647,056+		Homo sapiens (human)	chr16:69,626,446-69,647,056+	174
hsa_ires_00126.1|Homo sapiens (human)|chrX:102,248,438-102,307,078+	hsa_ires_00126.1|Homo sapiens (human)|chrX:102,248,438-102,307,078+		Homo sapiens (human)	chrX:102,248,438-102,307,078+	174
hsa_ires_00127.1|Homo sapiens (human)|chr2:79,025,711-79,026,093+	hsa_ires_00127.1|Homo sapiens (human)|chr2:79,025,711-79,026,093+		Homo sapiens (human)	chr2:79,025,711-79,026,093+	174
hsa_ires_00128.1|Homo sapiens (human)|chr12:55,331,701-55,331,874+	hsa_ires_00128.1|Homo sapiens (human)|chr12:55,331,701-55,331,874+		Homo sapiens (human)	chr12:55,331,701-55,331,874+	174
hsa_ires_00129.1|Homo sapiens (human)|chr19:53,014,091-53,014,264+	hsa_ires_00129.1|Homo sapiens (human)|chr19:53,014,091-53,014,264+		Homo sapiens (human)	chr19:53,014,091-53,014,264+	174
hsa_ires_00130.1|Homo sapiens (human)|chr12:55,365,111-55,365,284+	hsa_ires_00130.1|Homo sapiens (human)|chr12:55,365,111-55,365,284+		Homo sapiens (human)	chr12:55,365,111-55,365,284+	174
hsa_ires_00131.1|Homo sapiens (human)|chr1:158,479,878-158,480,051+	hsa_ires_00131.1|Homo sapiens (human)|chr1:158,479,878-158,480,051+		Homo sapiens (human)	chr1:158,479,878-158,480,051+	174
hsa_ires_00132.1|Homo sapiens (human)|chr19:9,103,133-9,103,306-	hsa_ires_00132.1|Homo sapiens (human)|chr19:9,103,133-9,103,306-		Homo sapiens (human)	chr19:9,103,133-9,103,306-	174
hsa_ires_00133.1|Homo sapiens (human)|chr8:56,211,756-56,216,454+	hsa_ires_00133.1|Homo sapiens (human)|chr8:56,211,756-56,216,454+		Homo sapiens (human)	chr8:56,211,756-56,216,454+	174
hsa_ires_00134.1|Homo sapiens (human)|chr1:248,593,595-248,593,768-	hsa_ires_00134.1|Homo sapiens (human)|chr1:248,593,595-248,593,768-		Homo sapiens (human)	chr1:248,593,595-248,593,768-	174
hsa_ires_00135.1|Homo sapiens (human)|chr7:129,368,321-129,368,494+	hsa_ires_00135.1|Homo sapiens (human)|chr7:129,368,321-129,368,494+		Homo sapiens (human)	chr7:129,368,321-129,368,494+	174
hsa_ires_00136.1|Homo sapiens (human)|chr11:57,789,076-57,791,478+	hsa_ires_00136.1|Homo sapiens (human)|chr11:57,789,076-57,791,478+		Homo sapiens (human)	chr11:57,789,076-57,791,478+	174
hsa_ires_00137.1|Homo sapiens (human)|chr3:98,132,698-98,132,871+	hsa_ires_00137.1|Homo sapiens (human)|chr3:98,132,698-98,132,871+		Homo sapiens (human)	chr3:98,132,698-98,132,871+	174
hsa_ires_00138.1|Homo sapiens (human)|chr19:51,341,874-51,342,124-	hsa_ires_00138.1|Homo sapiens (human)|chr19:51,341,874-51,342,124-		Homo sapiens (human)	chr19:51,341,874-51,342,124-	174
hsa_ires_00139.1|Homo sapiens (human)|chr1:158,766,509-158,766,682-	hsa_ires_00139.1|Homo sapiens (human)|chr1:158,766,509-158,766,682-		Homo sapiens (human)	chr1:158,766,509-158,766,682-	174
hsa_ires_00140.1|Homo sapiens (human)|chr1:247,841,723-247,841,896-	hsa_ires_00140.1|Homo sapiens (human)|chr1:247,841,723-247,841,896-		Homo sapiens (human)	chr1:247,841,723-247,841,896-	174
hsa_ires_00141.1|Homo sapiens (human)|chr7:143,222,079-143,222,252+	hsa_ires_00141.1|Homo sapiens (human)|chr7:143,222,079-143,222,252+		Homo sapiens (human)	chr7:143,222,079-143,222,252+	174
hsa_ires_00143.1|Homo sapiens (human)|chr1:248,145,148-248,145,321+	hsa_ires_00143.1|Homo sapiens (human)|chr1:248,145,148-248,145,321+		Homo sapiens (human)	chr1:248,145,148-248,145,321+	174
hsa_ires_00143.1|Homo sapiens (human)|chr1:248,145,148-248,145,321+	hsa_ires_00143.1|Homo sapiens (human)|chr1:248,145,148-248,145,321+		Homo sapiens (human)	chr1:248,145,148-248,145,321+	174
hsa_ires_00144.1|Homo sapiens (human)|chr3:98,469,577-98,469,750+	hsa_ires_00144.1|Homo sapiens (human)|chr3:98,469,577-98,469,750+		Homo sapiens (human)	chr3:98,469,577-98,469,750+	174
hsa_ires_00145.1|Homo sapiens (human)|chr3:198,152,366-198,153,224+	hsa_ires_00145.1|Homo sapiens (human)|chr3:198,152,366-198,153,224+		Homo sapiens (human)	chr3:198,152,366-198,153,224+	174
hsa_ires_00148.1|Homo sapiens (human)|chr12:54,384,515-54,384,688-	hsa_ires_00148.1|Homo sapiens (human)|chr12:54,384,515-54,384,688-		Homo sapiens (human)	chr12:54,384,515-54,384,688-	174
hsa_ires_00149.1|Homo sapiens (human)|chr11:55,554,307-55,554,480+	hsa_ires_00149.1|Homo sapiens (human)|chr11:55,554,307-55,554,480+		Homo sapiens (human)	chr11:55,554,307-55,554,480+	174
hsa_ires_00150.1|Homo sapiens (human)|chr21:42,201,615-42,225,694+	hsa_ires_00150.1|Homo sapiens (human)|chr21:42,201,615-42,225,694+		Homo sapiens (human)	chr21:42,201,615-42,225,694+	174
hsa_ires_00151.1|Homo sapiens (human)|chr1:153,544,690-153,545,806-	hsa_ires_00151.1|Homo sapiens (human)|chr1:153,544,690-153,545,806-		Homo sapiens (human)	chr1:153,544,690-153,545,806-	174
hsa_ires_00152.1|Homo sapiens (human)|chr14:39,175,183-39,175,356+	hsa_ires_00152.1|Homo sapiens (human)|chr14:39,175,183-39,175,356+		Homo sapiens (human)	chr14:39,175,183-39,175,356+	174
hsa_ires_00153.1|Homo sapiens (human)|chr5:178,153,787-178,153,960-	hsa_ires_00153.1|Homo sapiens (human)|chr5:178,153,787-178,153,960-		Homo sapiens (human)	chr5:178,153,787-178,153,960-	174
hsa_ires_00154.1|Homo sapiens (human)|chr2:113,127,561-113,127,734+	hsa_ires_00154.1|Homo sapiens (human)|chr2:113,127,561-113,127,734+		Homo sapiens (human)	chr2:113,127,561-113,127,734+	174
hsa_ires_00155.1|Homo sapiens (human)|chr3:71,198,382-71,493,432-	hsa_ires_00155.1|Homo sapiens (human)|chr3:71,198,382-71,493,432-		Homo sapiens (human)	chr3:71,198,382-71,493,432-	174
hsa_ires_00156.1|Homo sapiens (human)|chr1:7,850,893-7,853,044-	hsa_ires_00156.1|Homo sapiens (human)|chr1:7,850,893-7,853,044-		Homo sapiens (human)	chr1:7,850,893-7,853,044-	174
hsa_ires_00157.1|Homo sapiens (human)|chrX:47,144,680-47,144,853-	hsa_ires_00157.1|Homo sapiens (human)|chrX:47,144,680-47,144,853-		Homo sapiens (human)	chrX:47,144,680-47,144,853-	174
hsa_ires_00158.1|Homo sapiens (human)|chr5:141,476,002-141,494,835+	hsa_ires_00158.1|Homo sapiens (human)|chr5:141,476,002-141,494,835+		Homo sapiens (human)	chr5:141,476,002-141,494,835+	174
hsa_ires_00159.1|Homo sapiens (human)|chr10:104,275,129-104,275,302+	hsa_ires_00159.1|Homo sapiens (human)|chr10:104,275,129-104,275,302+		Homo sapiens (human)	chr10:104,275,129-104,275,302+	174
hsa_ires_00160.1|Homo sapiens (human)|chr12:6,200,326-6,200,499+	hsa_ires_00160.1|Homo sapiens (human)|chr12:6,200,326-6,200,499+		Homo sapiens (human)	chr12:6,200,326-6,200,499+	174
hsa_ires_00161.1|Homo sapiens (human)|chr7:105,268,844-105,269,017-	hsa_ires_00161.1|Homo sapiens (human)|chr7:105,268,844-105,269,017-		Homo sapiens (human)	chr7:105,268,844-105,269,017-	174
hsa_ires_00162.1|Homo sapiens (human)|chr12:56,636,186-56,636,359-	hsa_ires_00162.1|Homo sapiens (human)|chr12:56,636,186-56,636,359-		Homo sapiens (human)	chr12:56,636,186-56,636,359-	174
hsa_ires_00163.1|Homo sapiens (human)|chr4:56,656,001-56,656,461-	hsa_ires_00163.1|Homo sapiens (human)|chr4:56,656,001-56,656,461-		Homo sapiens (human)	chr4:56,656,001-56,656,461-	174
hsa_ires_00164.1|Homo sapiens (human)|chr1:91,501,193-91,501,716+	hsa_ires_00164.1|Homo sapiens (human)|chr1:91,501,193-91,501,716+		Homo sapiens (human)	chr1:91,501,193-91,501,716+	174
hsa_ires_00165.1|Homo sapiens (human)|chr11:18,396,374-18,396,547+	hsa_ires_00165.1|Homo sapiens (human)|chr11:18,396,374-18,396,547+		Homo sapiens (human)	chr11:18,396,374-18,396,547+	174
hsa_ires_00166.1|Homo sapiens (human)|chr8:84,183,460-84,529,321+	hsa_ires_00166.1|Homo sapiens (human)|chr8:84,183,460-84,529,321+		Homo sapiens (human)	chr8:84,183,460-84,529,321+	174
hsa_ires_00167.1|Homo sapiens (human)|chr17:43,545,572-43,545,937-	hsa_ires_00167.1|Homo sapiens (human)|chr17:43,545,572-43,545,937-		Homo sapiens (human)	chr17:43,545,572-43,545,937-	174
hsa_ires_00168.1|Homo sapiens (human)|chr11:59,107,254-59,109,625+	hsa_ires_00168.1|Homo sapiens (human)|chr11:59,107,254-59,109,625+		Homo sapiens (human)	chr11:59,107,254-59,109,625+	174
hsa_ires_00169.1|Homo sapiens (human)|chr22:17,743,936-17,774,665-	hsa_ires_00169.1|Homo sapiens (human)|chr22:17,743,936-17,774,665-		Homo sapiens (human)	chr22:17,743,936-17,774,665-	174
hsa_ires_00170.1|Homo sapiens (human)|chr12:52,493,189-52,493,362-	hsa_ires_00170.1|Homo sapiens (human)|chr12:52,493,189-52,493,362-		Homo sapiens (human)	chr12:52,493,189-52,493,362-	174
hsa_ires_00171.1|Homo sapiens (human)|chr2:27,583,685-27,598,208+	hsa_ires_00171.1|Homo sapiens (human)|chr2:27,583,685-27,598,208+		Homo sapiens (human)	chr2:27,583,685-27,598,208+	174
hsa_ires_00172.1|Homo sapiens (human)|chr11:102,114,183-102,114,356+	hsa_ires_00172.1|Homo sapiens (human)|chr11:102,114,183-102,114,356+		Homo sapiens (human)	chr11:102,114,183-102,114,356+	174
hsa_ires_00173.1|Homo sapiens (human)|chr17:59,155,637-59,169,752+	hsa_ires_00173.1|Homo sapiens (human)|chr17:59,155,637-59,169,752+		Homo sapiens (human)	chr17:59,155,637-59,169,752+	174
hsa_ires_00174.1|Homo sapiens (human)|chr10:60,572,528-60,572,701-	hsa_ires_00174.1|Homo sapiens (human)|chr10:60,572,528-60,572,701-		Homo sapiens (human)	chr10:60,572,528-60,572,701-	174
hsa_ires_00175.1|Homo sapiens (human)|chr16:80,540,957-80,543,326+	hsa_ires_00175.1|Homo sapiens (human)|chr16:80,540,957-80,543,326+		Homo sapiens (human)	chr16:80,540,957-80,543,326+	174
hsa_ires_00176.1|Homo sapiens (human)|chr6:155,090,323-155,129,223+	hsa_ires_00176.1|Homo sapiens (human)|chr6:155,090,323-155,129,223+		Homo sapiens (human)	chr6:155,090,323-155,129,223+	174
hsa_ires_00177.1|Homo sapiens (human)|chr14:94,383,238-94,390,522-	hsa_ires_00177.1|Homo sapiens (human)|chr14:94,383,238-94,390,522-		Homo sapiens (human)	chr14:94,383,238-94,390,522-	174
hsa_ires_00178.1|Homo sapiens (human)|chr14:39,267,416-39,279,471+	hsa_ires_00178.1|Homo sapiens (human)|chr14:39,267,416-39,279,471+		Homo sapiens (human)	chr14:39,267,416-39,279,471+	174
hsa_ires_00179.1|Homo sapiens (human)|chr22:38,110,496-38,110,669-	hsa_ires_00179.1|Homo sapiens (human)|chr22:38,110,496-38,110,669-		Homo sapiens (human)	chr22:38,110,496-38,110,669-	174
hsa_ires_00180.1|Homo sapiens (human)|chr14:73,896,532-73,898,241+	hsa_ires_00180.1|Homo sapiens (human)|chr14:73,896,532-73,898,241+		Homo sapiens (human)	chr14:73,896,532-73,898,241+	174
hsa_ires_00181.1|Homo sapiens (human)|chr17:49,622,811-49,677,988-	hsa_ires_00181.1|Homo sapiens (human)|chr17:49,622,811-49,677,988-		Homo sapiens (human)	chr17:49,622,811-49,677,988-	174
hsa_ires_00182.1|Homo sapiens (human)|chr12:9,971,423-9,971,596+	hsa_ires_00182.1|Homo sapiens (human)|chr12:9,971,423-9,971,596+		Homo sapiens (human)	chr12:9,971,423-9,971,596+	174
hsa_ires_00183.1|Homo sapiens (human)|chr11:72,080,768-72,088,352+	hsa_ires_00183.1|Homo sapiens (human)|chr11:72,080,768-72,088,352+		Homo sapiens (human)	chr11:72,080,768-72,088,352+	174
hsa_ires_00184.1|Homo sapiens (human)|chr6:26,056,298-26,056,471-	hsa_ires_00184.1|Homo sapiens (human)|chr6:26,056,298-26,056,471-		Homo sapiens (human)	chr6:26,056,298-26,056,471-	174
hsa_ires_00185.1|Homo sapiens (human)|chrX:111,681,345-111,682,225+	hsa_ires_00185.1|Homo sapiens (human)|chrX:111,681,345-111,682,225+		Homo sapiens (human)	chrX:111,681,345-111,682,225+	174
hsa_ires_00186.1|Homo sapiens (human)|chr2:218,660,094-218,660,987+	hsa_ires_00186.1|Homo sapiens (human)|chr2:218,660,094-218,660,987+		Homo sapiens (human)	chr2:218,660,094-218,660,987+	174
hsa_ires_00187.1|Homo sapiens (human)|chr1:45,623,886-45,624,059-	hsa_ires_00187.1|Homo sapiens (human)|chr1:45,623,886-45,624,059-		Homo sapiens (human)	chr1:45,623,886-45,624,059-	174
hsa_ires_00188.1|Homo sapiens (human)|chr20:57,524,206-57,524,379-	hsa_ires_00188.1|Homo sapiens (human)|chr20:57,524,206-57,524,379-		Homo sapiens (human)	chr20:57,524,206-57,524,379-	174
hsa_ires_00189.1|Homo sapiens (human)|chr7:100,219,737-100,219,910+	hsa_ires_00189.1|Homo sapiens (human)|chr7:100,219,737-100,219,910+		Homo sapiens (human)	chr7:100,219,737-100,219,910+	174
hsa_ires_00190.1|Homo sapiens (human)|chr12:31,659,302-31,661,953+	hsa_ires_00190.1|Homo sapiens (human)|chr12:31,659,302-31,661,953+		Homo sapiens (human)	chr12:31,659,302-31,661,953+	174
hsa_ires_00191.1|Homo sapiens (human)|chr16:67,943,204-67,944,112-	hsa_ires_00191.1|Homo sapiens (human)|chr16:67,943,204-67,944,112-		Homo sapiens (human)	chr16:67,943,204-67,944,112-	174
hsa_ires_00192.1|Homo sapiens (human)|chr21:32,794,422-32,810,608-	hsa_ires_00192.1|Homo sapiens (human)|chr21:32,794,422-32,810,608-		Homo sapiens (human)	chr21:32,794,422-32,810,608-	174
hsa_ires_00193.1|Homo sapiens (human)|chr19:41,687,114-41,688,167-	hsa_ires_00193.1|Homo sapiens (human)|chr19:41,687,114-41,688,167-		Homo sapiens (human)	chr19:41,687,114-41,688,167-	174
hsa_ires_00194.1|Homo sapiens (human)|chr8:118,111,047-118,111,220-	hsa_ires_00194.1|Homo sapiens (human)|chr8:118,111,047-118,111,220-		Homo sapiens (human)	chr8:118,111,047-118,111,220-	174
hsa_ires_00195.1|Homo sapiens (human)|chr4:24,584,388-24,584,561-	hsa_ires_00195.1|Homo sapiens (human)|chr4:24,584,388-24,584,561-		Homo sapiens (human)	chr4:24,584,388-24,584,561-	174
hsa_ires_00196.1|Homo sapiens (human)|chr11:828,434-828,607+	hsa_ires_00196.1|Homo sapiens (human)|chr11:828,434-828,607+		Homo sapiens (human)	chr11:828,434-828,607+	174
hsa_ires_00197.1|Homo sapiens (human)|chr12:57,464,690-57,464,863+	hsa_ires_00197.1|Homo sapiens (human)|chr12:57,464,690-57,464,863+		Homo sapiens (human)	chr12:57,464,690-57,464,863+	174
hsa_ires_00198.1|Homo sapiens (human)|chr15:78,540,405-78,542,189+	hsa_ires_00198.1|Homo sapiens (human)|chr15:78,540,405-78,542,189+		Homo sapiens (human)	chr15:78,540,405-78,542,189+	174
hsa_ires_00199.1|Homo sapiens (human)|chr10:73,808,389-73,808,562-	hsa_ires_00199.1|Homo sapiens (human)|chr10:73,808,389-73,808,562-		Homo sapiens (human)	chr10:73,808,389-73,808,562-	174
hsa_ires_00200.1|Homo sapiens (human)|chr22:39,901,171-39,947,106+	hsa_ires_00200.1|Homo sapiens (human)|chr22:39,901,171-39,947,106+		Homo sapiens (human)	chr22:39,901,171-39,947,106+	174
hsa_ires_00201.1|Homo sapiens (human)|chr11:73,648,877-73,649,050+	hsa_ires_00201.1|Homo sapiens (human)|chr11:73,648,877-73,649,050+		Homo sapiens (human)	chr11:73,648,877-73,649,050+	174
hsa_ires_00202.1|Homo sapiens (human)|chr17:3,777,620-3,801,243-	hsa_ires_00202.1|Homo sapiens (human)|chr17:3,777,620-3,801,243-		Homo sapiens (human)	chr17:3,777,620-3,801,243-	174
hsa_ires_00203.1|Homo sapiens (human)|chr18:56,638,441-56,638,614-	hsa_ires_00203.1|Homo sapiens (human)|chr18:56,638,441-56,638,614-		Homo sapiens (human)	chr18:56,638,441-56,638,614-	174
hsa_ires_00204.1|Homo sapiens (human)|chr12:98,593,805-98,593,978+	hsa_ires_00204.1|Homo sapiens (human)|chr12:98,593,805-98,593,978+		Homo sapiens (human)	chr12:98,593,805-98,593,978+	174
hsa_ires_00205.1|Homo sapiens (human)|chr6:100,463,469-100,463,642-	hsa_ires_00205.1|Homo sapiens (human)|chr6:100,463,469-100,463,642-		Homo sapiens (human)	chr6:100,463,469-100,463,642-	174
hsa_ires_00206.1|Homo sapiens (human)|chr1:21,002,743-21,050,973-	hsa_ires_00206.1|Homo sapiens (human)|chr1:21,002,743-21,050,973-		Homo sapiens (human)	chr1:21,002,743-21,050,973-	174
hsa_ires_00207.1|Homo sapiens (human)|chr2:74,374,353-74,374,526-	hsa_ires_00207.1|Homo sapiens (human)|chr2:74,374,353-74,374,526-		Homo sapiens (human)	chr2:74,374,353-74,374,526-	174
hsa_ires_00208.1|Homo sapiens (human)|chr6:36,540,203-36,547,358-	hsa_ires_00208.1|Homo sapiens (human)|chr6:36,540,203-36,547,358-		Homo sapiens (human)	chr6:36,540,203-36,547,358-	174
hsa_ires_00209.1|Homo sapiens (human)|chr11:64,285,104-64,286,524+	hsa_ires_00209.1|Homo sapiens (human)|chr11:64,285,104-64,286,524+		Homo sapiens (human)	chr11:64,285,104-64,286,524+	174
hsa_ires_00210.1|Homo sapiens (human)|chr11:10,807,296-10,808,792-	hsa_ires_00210.1|Homo sapiens (human)|chr11:10,807,296-10,808,792-		Homo sapiens (human)	chr11:10,807,296-10,808,792-	174
hsa_ires_00211.1|Homo sapiens (human)|chr10:100,329,941-100,330,114-	hsa_ires_00211.1|Homo sapiens (human)|chr10:100,329,941-100,330,114-		Homo sapiens (human)	chr10:100,329,941-100,330,114-	174
hsa_ires_00212.1|Homo sapiens (human)|chr4:102,826,509-102,827,780-	hsa_ires_00212.1|Homo sapiens (human)|chr4:102,826,509-102,827,780-		Homo sapiens (human)	chr4:102,826,509-102,827,780-	174
hsa_ires_00213.1|Homo sapiens (human)|chr8:123,416,725-123,416,898+	hsa_ires_00213.1|Homo sapiens (human)|chr8:123,416,725-123,416,898+		Homo sapiens (human)	chr8:123,416,725-123,416,898+	174
hsa_ires_00214.1|Homo sapiens (human)|chr1:201,648,495-201,648,668+	hsa_ires_00214.1|Homo sapiens (human)|chr1:201,648,495-201,648,668+		Homo sapiens (human)	chr1:201,648,495-201,648,668+	174
hsa_ires_00215.1|Homo sapiens (human)|chr3:98,770,944-98,772,903+	hsa_ires_00215.1|Homo sapiens (human)|chr3:98,770,944-98,772,903+		Homo sapiens (human)	chr3:98,770,944-98,772,903+	174
hsa_ires_00216.1|Homo sapiens (human)|chr1:153,307,202-153,310,718-	hsa_ires_00216.1|Homo sapiens (human)|chr1:153,307,202-153,310,718-		Homo sapiens (human)	chr1:153,307,202-153,310,718-	174
hsa_ires_00217.1|Homo sapiens (human)|chrX:152,991,599-152,991,952-	hsa_ires_00217.1|Homo sapiens (human)|chrX:152,991,599-152,991,952-		Homo sapiens (human)	chrX:152,991,599-152,991,952-	174
hsa_ires_00218.1|Homo sapiens (human)|chr3:94,003,664-94,003,837+	hsa_ires_00218.1|Homo sapiens (human)|chr3:94,003,664-94,003,837+		Homo sapiens (human)	chr3:94,003,664-94,003,837+	174
hsa_ires_00219.1|Homo sapiens (human)|chr20:16,730,026-16,731,702+	hsa_ires_00219.1|Homo sapiens (human)|chr20:16,730,026-16,731,702+		Homo sapiens (human)	chr20:16,730,026-16,731,702+	174
hsa_ires_00220.1|Homo sapiens (human)|chr4:110,198,336-110,198,509-	hsa_ires_00220.1|Homo sapiens (human)|chr4:110,198,336-110,198,509-		Homo sapiens (human)	chr4:110,198,336-110,198,509-	174
hsa_ires_00221.1|Homo sapiens (human)|chr6:135,492,238-135,497,222-	hsa_ires_00221.1|Homo sapiens (human)|chr6:135,492,238-135,497,222-		Homo sapiens (human)	chr6:135,492,238-135,497,222-	174
hsa_ires_00222.1|Homo sapiens (human)|chr18:63,643,490-63,644,268-	hsa_ires_00222.1|Homo sapiens (human)|chr18:63,643,490-63,644,268-		Homo sapiens (human)	chr18:63,643,490-63,644,268-	174
hsa_ires_00223.1|Homo sapiens (human)|chr1:150,268,811-150,268,984-	hsa_ires_00223.1|Homo sapiens (human)|chr1:150,268,811-150,268,984-		Homo sapiens (human)	chr1:150,268,811-150,268,984-	174
hsa_ires_00224.1|Homo sapiens (human)|chr16:67,227,113-67,227,897+	hsa_ires_00224.1|Homo sapiens (human)|chr16:67,227,113-67,227,897+		Homo sapiens (human)	chr16:67,227,113-67,227,897+	174
hsa_ires_00225.1|Homo sapiens (human)|chr3:9,902,828-9,903,001+	hsa_ires_00225.1|Homo sapiens (human)|chr3:9,902,828-9,903,001+		Homo sapiens (human)	chr3:9,902,828-9,903,001+	174
hsa_ires_00226.1|Homo sapiens (human)|chrY:1,442,237-1,453,710;chrX:1,442,237-1,453,710-;-	hsa_ires_00226.1|Homo sapiens (human)|chrY:1,442,237-1,453,710;chrX:1,442,237-1,453,710-;-		Homo sapiens (human)	chrY:1,442,237-1,453,710;chrX:1,442,237-1,453,710-;-	174
hsa_ires_00227.1|Homo sapiens (human)|chr1:156,153,620-156,154,578+	hsa_ires_00227.1|Homo sapiens (human)|chr1:156,153,620-156,154,578+		Homo sapiens (human)	chr1:156,153,620-156,154,578+	174
hsa_ires_00228.1|Homo sapiens (human)|chr16:761,073-762,743+	hsa_ires_00228.1|Homo sapiens (human)|chr16:761,073-762,743+		Homo sapiens (human)	chr16:761,073-762,743+	174
hsa_ires_00229.1|Homo sapiens (human)|chr13:24,503,709-24,512,810-	hsa_ires_00229.1|Homo sapiens (human)|chr13:24,503,709-24,512,810-		Homo sapiens (human)	chr13:24,503,709-24,512,810-	174
hsa_ires_00230.1|Homo sapiens (human)|chr3:107,523,089-107,710,460+	hsa_ires_00230.1|Homo sapiens (human)|chr3:107,523,089-107,710,460+		Homo sapiens (human)	chr3:107,523,089-107,710,460+	174
hsa_ires_00231.1|Homo sapiens (human)|chr3:49,470,269-49,510,534+	hsa_ires_00231.1|Homo sapiens (human)|chr3:49,470,269-49,510,534+		Homo sapiens (human)	chr3:49,470,269-49,510,534+	174
hsa_ires_00232.1|Homo sapiens (human)|chr19:40,348,649-40,366,483+	hsa_ires_00232.1|Homo sapiens (human)|chr19:40,348,649-40,366,483+		Homo sapiens (human)	chr19:40,348,649-40,366,483+	174
hsa_ires_00233.1|Homo sapiens (human)|chrX:131,058,413-131,081,665+	hsa_ires_00233.1|Homo sapiens (human)|chrX:131,058,413-131,081,665+		Homo sapiens (human)	chrX:131,058,413-131,081,665+	174
hsa_ires_00234.1|Homo sapiens (human)|chr12:57,547,064-57,547,237-	hsa_ires_00234.1|Homo sapiens (human)|chr12:57,547,064-57,547,237-		Homo sapiens (human)	chr12:57,547,064-57,547,237-	174
hsa_ires_00235.1|Homo sapiens (human)|chr15:50,908,853-50,915,450+	hsa_ires_00235.1|Homo sapiens (human)|chr15:50,908,853-50,915,450+		Homo sapiens (human)	chr15:50,908,853-50,915,450+	174
hsa_ires_00236.1|Homo sapiens (human)|chr6:29,627,792-29,627,965-	hsa_ires_00236.1|Homo sapiens (human)|chr6:29,627,792-29,627,965-		Homo sapiens (human)	chr6:29,627,792-29,627,965-	174
hsa_ires_00237.1|Homo sapiens (human)|chr8:48,008,435-48,043,169+	hsa_ires_00237.1|Homo sapiens (human)|chr8:48,008,435-48,043,169+		Homo sapiens (human)	chr8:48,008,435-48,043,169+	174
hsa_ires_00238.1|Homo sapiens (human)|chr11:17,077,177-17,077,673-	hsa_ires_00238.1|Homo sapiens (human)|chr11:17,077,177-17,077,673-		Homo sapiens (human)	chr11:17,077,177-17,077,673-	174
hsa_ires_00239.1|Homo sapiens (human)|chr1:41,186,134-41,242,115-	hsa_ires_00239.1|Homo sapiens (human)|chr1:41,186,134-41,242,115-		Homo sapiens (human)	chr1:41,186,134-41,242,115-	174
hsa_ires_00240.1|Homo sapiens (human)|chr19:50,981,772-50,983,881-	hsa_ires_00240.1|Homo sapiens (human)|chr19:50,981,772-50,983,881-		Homo sapiens (human)	chr19:50,981,772-50,983,881-	174
hsa_ires_00241.1|Homo sapiens (human)|chrX:30,232,906-30,235,924+	hsa_ires_00241.1|Homo sapiens (human)|chrX:30,232,906-30,235,924+		Homo sapiens (human)	chrX:30,232,906-30,235,924+	174
hsa_ires_00242.1|Homo sapiens (human)|chr19:38,931,121-38,931,294+	hsa_ires_00242.1|Homo sapiens (human)|chr19:38,931,121-38,931,294+		Homo sapiens (human)	chr19:38,931,121-38,931,294+	174
hsa_ires_00243.1|Homo sapiens (human)|chr10:63,133,297-63,133,470+	hsa_ires_00243.1|Homo sapiens (human)|chr10:63,133,297-63,133,470+		Homo sapiens (human)	chr10:63,133,297-63,133,470+	174
hsa_ires_00244.1|Homo sapiens (human)|chr8:133,284,312-133,297,289-	hsa_ires_00244.1|Homo sapiens (human)|chr8:133,284,312-133,297,289-		Homo sapiens (human)	chr8:133,284,312-133,297,289-	174
hsa_ires_00245.1|Homo sapiens (human)|chr15:50,686,534-50,686,707-	hsa_ires_00245.1|Homo sapiens (human)|chr15:50,686,534-50,686,707-		Homo sapiens (human)	chr15:50,686,534-50,686,707-	174
hsa_ires_00246.1|Homo sapiens (human)|chr21:30,425,739-30,425,912-	hsa_ires_00246.1|Homo sapiens (human)|chr21:30,425,739-30,425,912-		Homo sapiens (human)	chr21:30,425,739-30,425,912-	174
hsa_ires_00247.1|Homo sapiens (human)|chr10:16,782,035-16,817,438-	hsa_ires_00247.1|Homo sapiens (human)|chr10:16,782,035-16,817,438-		Homo sapiens (human)	chr10:16,782,035-16,817,438-	174
hsa_ires_00248.1|Homo sapiens (human)|chr19:15,125,007-15,125,766-	hsa_ires_00248.1|Homo sapiens (human)|chr19:15,125,007-15,125,766-		Homo sapiens (human)	chr19:15,125,007-15,125,766-	174
hsa_ires_00249.1|Homo sapiens (human)|chr11:61,333,265-61,334,728+	hsa_ires_00249.1|Homo sapiens (human)|chr11:61,333,265-61,334,728+		Homo sapiens (human)	chr11:61,333,265-61,334,728+	174
hsa_ires_00250.1|Homo sapiens (human)|chr11:67,353,400-67,353,573-	hsa_ires_00250.1|Homo sapiens (human)|chr11:67,353,400-67,353,573-		Homo sapiens (human)	chr11:67,353,400-67,353,573-	174
hsa_ires_00251.1|Homo sapiens (human)|chr20:5,109,431-5,112,795-	hsa_ires_00251.1|Homo sapiens (human)|chr20:5,109,431-5,112,795-		Homo sapiens (human)	chr20:5,109,431-5,112,795-	174
hsa_ires_00252.1|Homo sapiens (human)|chr1:165,419,943-165,424,852-	hsa_ires_00252.1|Homo sapiens (human)|chr1:165,419,943-165,424,852-		Homo sapiens (human)	chr1:165,419,943-165,424,852-	174
hsa_ires_00253.1|Homo sapiens (human)|chr16:31,135,499-31,135,672-	hsa_ires_00253.1|Homo sapiens (human)|chr16:31,135,499-31,135,672-		Homo sapiens (human)	chr16:31,135,499-31,135,672-	174
hsa_ires_00254.1|Homo sapiens (human)|chr16:67,180,611-67,183,379-	hsa_ires_00254.1|Homo sapiens (human)|chr16:67,180,611-67,183,379-		Homo sapiens (human)	chr16:67,180,611-67,183,379-	174
hsa_ires_00255.1|Homo sapiens (human)|chr11:95,865,647-95,887,632-	hsa_ires_00255.1|Homo sapiens (human)|chr11:95,865,647-95,887,632-		Homo sapiens (human)	chr11:95,865,647-95,887,632-	174
hsa_ires_00256.1|Homo sapiens (human)|chr2:223,051,971-223,052,144+	hsa_ires_00256.1|Homo sapiens (human)|chr2:223,051,971-223,052,144+		Homo sapiens (human)	chr2:223,051,971-223,052,144+	174
hsa_ires_00257.1|Homo sapiens (human)|chr19:35,712,964-35,714,626+	hsa_ires_00257.1|Homo sapiens (human)|chr19:35,712,964-35,714,626+		Homo sapiens (human)	chr19:35,712,964-35,714,626+	174
hsa_ires_00258.1|Homo sapiens (human)|chr17:63,550,504-63,550,677+	hsa_ires_00258.1|Homo sapiens (human)|chr17:63,550,504-63,550,677+		Homo sapiens (human)	chr17:63,550,504-63,550,677+	174
hsa_ires_00259.1|Homo sapiens (human)|chr3:161,086,755-161,104,367-	hsa_ires_00259.1|Homo sapiens (human)|chr3:161,086,755-161,104,367-		Homo sapiens (human)	chr3:161,086,755-161,104,367-	174
hsa_ires_00260.1|Homo sapiens (human)|chr8:143,688,044-143,690,108+	hsa_ires_00260.1|Homo sapiens (human)|chr8:143,688,044-143,690,108+		Homo sapiens (human)	chr8:143,688,044-143,690,108+	174
hsa_ires_00261.1|Homo sapiens (human)|chr22:22,556,833-22,557,006-	hsa_ires_00261.1|Homo sapiens (human)|chr22:22,556,833-22,557,006-		Homo sapiens (human)	chr22:22,556,833-22,557,006-	174
hsa_ires_00262.1|Homo sapiens (human)|chrX:41,689,083-41,695,633+	hsa_ires_00262.1|Homo sapiens (human)|chrX:41,689,083-41,695,633+		Homo sapiens (human)	chrX:41,689,083-41,695,633+	174
hsa_ires_00263.1|Homo sapiens (human)|chr16:3,065,352-3,065,811+	hsa_ires_00263.1|Homo sapiens (human)|chr16:3,065,352-3,065,811+		Homo sapiens (human)	chr16:3,065,352-3,065,811+	174
hsa_ires_00264.1|Homo sapiens (human)|chr6:33,417,669-33,417,984-	hsa_ires_00264.1|Homo sapiens (human)|chr6:33,417,669-33,417,984-		Homo sapiens (human)	chr6:33,417,669-33,417,984-	174
hsa_ires_00265.1|Homo sapiens (human)|chr17:82,449,255-82,450,785-	hsa_ires_00265.1|Homo sapiens (human)|chr17:82,449,255-82,450,785-		Homo sapiens (human)	chr17:82,449,255-82,450,785-	174
hsa_ires_00266.1|Homo sapiens (human)|chr17:9,905,181-9,905,354-	hsa_ires_00266.1|Homo sapiens (human)|chr17:9,905,181-9,905,354-		Homo sapiens (human)	chr17:9,905,181-9,905,354-	174
hsa_ires_00267.1|Homo sapiens (human)|chr3:122,559,621-122,564,195-	hsa_ires_00267.1|Homo sapiens (human)|chr3:122,559,621-122,564,195-		Homo sapiens (human)	chr3:122,559,621-122,564,195-	174
hsa_ires_00268.1|Homo sapiens (human)|chr6:27,810,064-27,810,237+	hsa_ires_00268.1|Homo sapiens (human)|chr6:27,810,064-27,810,237+		Homo sapiens (human)	chr6:27,810,064-27,810,237+	174
hsa_ires_00269.1|Homo sapiens (human)|chr17:81,035,147-81,053,679+	hsa_ires_00269.1|Homo sapiens (human)|chr17:81,035,147-81,053,679+		Homo sapiens (human)	chr17:81,035,147-81,053,679+	174
hsa_ires_00270.1|Homo sapiens (human)|chr19:55,385,932-55,386,620+	hsa_ires_00270.1|Homo sapiens (human)|chr19:55,385,932-55,386,620+		Homo sapiens (human)	chr19:55,385,932-55,386,620+	174
hsa_ires_00271.1|Homo sapiens (human)|chr6:30,908,233-30,909,036+	hsa_ires_00271.1|Homo sapiens (human)|chr6:30,908,233-30,909,036+		Homo sapiens (human)	chr6:30,908,233-30,909,036+	174
hsa_ires_00272.1|Homo sapiens (human)|chr12:104,287,082-104,311,325+	hsa_ires_00272.1|Homo sapiens (human)|chr12:104,287,082-104,311,325+		Homo sapiens (human)	chr12:104,287,082-104,311,325+	174
hsa_ires_00273.1|Homo sapiens (human)|chr7:139,787,365-139,875,602+	hsa_ires_00273.1|Homo sapiens (human)|chr7:139,787,365-139,875,602+		Homo sapiens (human)	chr7:139,787,365-139,875,602+	174
hsa_ires_00274.1|Homo sapiens (human)|chr3:124,730,366-124,730,539+	hsa_ires_00274.1|Homo sapiens (human)|chr3:124,730,366-124,730,539+		Homo sapiens (human)	chr3:124,730,366-124,730,539+	174
hsa_ires_00275.1|Homo sapiens (human)|chr2:202,911,477-202,911,650-	hsa_ires_00275.1|Homo sapiens (human)|chr2:202,911,477-202,911,650-		Homo sapiens (human)	chr2:202,911,477-202,911,650-	174
hsa_ires_00276.1|Homo sapiens (human)|chr4:80,335,720-80,362,767+	hsa_ires_00276.1|Homo sapiens (human)|chr4:80,335,720-80,362,767+		Homo sapiens (human)	chr4:80,335,720-80,362,767+	174
hsa_ires_00277.1|Homo sapiens (human)|chr3:52,149,977-52,154,361-	hsa_ires_00277.1|Homo sapiens (human)|chr3:52,149,977-52,154,361-		Homo sapiens (human)	chr3:52,149,977-52,154,361-	174
hsa_ires_00278.1|Homo sapiens (human)|chr1:209,650,945-209,651,118-	hsa_ires_00278.1|Homo sapiens (human)|chr1:209,650,945-209,651,118-		Homo sapiens (human)	chr1:209,650,945-209,651,118-	174
hsa_ires_00279.1|Homo sapiens (human)|chr4:127,782,377-127,782,550+	hsa_ires_00279.1|Homo sapiens (human)|chr4:127,782,377-127,782,550+		Homo sapiens (human)	chr4:127,782,377-127,782,550+	174
hsa_ires_00280.1|Homo sapiens (human)|chr7:148,847,299-148,883,363-	hsa_ires_00280.1|Homo sapiens (human)|chr7:148,847,299-148,883,363-		Homo sapiens (human)	chr7:148,847,299-148,883,363-	174
hsa_ires_00281.1|Homo sapiens (human)|chr14:24,314,862-24,315,651+	hsa_ires_00281.1|Homo sapiens (human)|chr14:24,314,862-24,315,651+		Homo sapiens (human)	chr14:24,314,862-24,315,651+	174
hsa_ires_00282.1|Homo sapiens (human)|chr6:149,890,902-149,895,886-	hsa_ires_00282.1|Homo sapiens (human)|chr6:149,890,902-149,895,886-		Homo sapiens (human)	chr6:149,890,902-149,895,886-	174
hsa_ires_00283.1|Homo sapiens (human)|chr7:99,676,208-99,679,998-	hsa_ires_00283.1|Homo sapiens (human)|chr7:99,676,208-99,679,998-		Homo sapiens (human)	chr7:99,676,208-99,679,998-	174
hsa_ires_00284.1|Homo sapiens (human)|chr19:110,679-110,852+	hsa_ires_00284.1|Homo sapiens (human)|chr19:110,679-110,852+		Homo sapiens (human)	chr19:110,679-110,852+	174
hsa_ires_00285.1|Homo sapiens (human)|chr3:46,577,796-46,577,969+	hsa_ires_00285.1|Homo sapiens (human)|chr3:46,577,796-46,577,969+		Homo sapiens (human)	chr3:46,577,796-46,577,969+	174
hsa_ires_00286.1|Homo sapiens (human)|chr1:155,324,244-155,324,417+	hsa_ires_00286.1|Homo sapiens (human)|chr1:155,324,244-155,324,417+		Homo sapiens (human)	chr1:155,324,244-155,324,417+	174
hsa_ires_00287.1|Homo sapiens (human)|chr4:39,458,414-39,458,587-	hsa_ires_00287.1|Homo sapiens (human)|chr4:39,458,414-39,458,587-		Homo sapiens (human)	chr4:39,458,414-39,458,587-	174
hsa_ires_00288.1|Homo sapiens (human)|chr2:27,380,118-27,380,291-	hsa_ires_00288.1|Homo sapiens (human)|chr2:27,380,118-27,380,291-		Homo sapiens (human)	chr2:27,380,118-27,380,291-	174
hsa_ires_00289.1|Homo sapiens (human)|chr1:145,608,081-145,616,266+	hsa_ires_00289.1|Homo sapiens (human)|chr1:145,608,081-145,616,266+		Homo sapiens (human)	chr1:145,608,081-145,616,266+	174
hsa_ires_00290.1|Homo sapiens (human)|chr17:48,830,988-48,848,146+	hsa_ires_00290.1|Homo sapiens (human)|chr17:48,830,988-48,848,146+		Homo sapiens (human)	chr17:48,830,988-48,848,146+	174
hsa_ires_00291.1|Homo sapiens (human)|chr6:32,150,868-32,151,943-	hsa_ires_00291.1|Homo sapiens (human)|chr6:32,150,868-32,151,943-		Homo sapiens (human)	chr6:32,150,868-32,151,943-	174
hsa_ires_00292.1|Homo sapiens (human)|chr2:61,905,668-61,905,841+	hsa_ires_00292.1|Homo sapiens (human)|chr2:61,905,668-61,905,841+		Homo sapiens (human)	chr2:61,905,668-61,905,841+	174
hsa_ires_00293.1|Homo sapiens (human)|chr19:35,902,480-35,903,367+	hsa_ires_00293.1|Homo sapiens (human)|chr19:35,902,480-35,903,367+		Homo sapiens (human)	chr19:35,902,480-35,903,367+	174
hsa_ires_00294.1|Homo sapiens (human)|chr16:56,608,566-56,609,047+	hsa_ires_00294.1|Homo sapiens (human)|chr16:56,608,566-56,609,047+		Homo sapiens (human)	chr16:56,608,566-56,609,047+	174
hsa_ires_00295.1|Homo sapiens (human)|chr21:37,420,201-37,420,374+	hsa_ires_00295.1|Homo sapiens (human)|chr21:37,420,201-37,420,374+		Homo sapiens (human)	chr21:37,420,201-37,420,374+	174
hsa_ires_00296.1|Homo sapiens (human)|chr11:5,596,843-5,605,342+	hsa_ires_00296.1|Homo sapiens (human)|chr11:5,596,843-5,605,342+		Homo sapiens (human)	chr11:5,596,843-5,605,342+	174
hsa_ires_00297.1|Homo sapiens (human)|chrX:149,884,024-149,884,272+	hsa_ires_00297.1|Homo sapiens (human)|chrX:149,884,024-149,884,272+		Homo sapiens (human)	chrX:149,884,024-149,884,272+	174
hsa_ires_00298.1|Homo sapiens (human)|chrX:109,536,833-109,537,006+	hsa_ires_00298.1|Homo sapiens (human)|chrX:109,536,833-109,537,006+		Homo sapiens (human)	chrX:109,536,833-109,537,006+	174
hsa_ires_00299.1|Homo sapiens (human)|chr3:49,748,041-49,785,715-	hsa_ires_00299.1|Homo sapiens (human)|chr3:49,748,041-49,785,715-		Homo sapiens (human)	chr3:49,748,041-49,785,715-	174
hsa_ires_00300.1|Homo sapiens (human)|chr9:111,759,289-111,759,462-	hsa_ires_00300.1|Homo sapiens (human)|chr9:111,759,289-111,759,462-		Homo sapiens (human)	chr9:111,759,289-111,759,462-	174
hsa_ires_00301.1|Homo sapiens (human)|chr2:96,305,396-96,305,569-	hsa_ires_00301.1|Homo sapiens (human)|chr2:96,305,396-96,305,569-		Homo sapiens (human)	chr2:96,305,396-96,305,569-	174
hsa_ires_00302.1|Homo sapiens (human)|chr10:69,282,550-69,288,743+	hsa_ires_00302.1|Homo sapiens (human)|chr10:69,282,550-69,288,743+		Homo sapiens (human)	chr10:69,282,550-69,288,743+	174
hsa_ires_00303.1|Homo sapiens (human)|chr20:56,388,198-56,392,226-	hsa_ires_00303.1|Homo sapiens (human)|chr20:56,388,198-56,392,226-		Homo sapiens (human)	chr20:56,388,198-56,392,226-	174
hsa_ires_00304.1|Homo sapiens (human)|chr14:21,234,194-21,269,409-	hsa_ires_00304.1|Homo sapiens (human)|chr14:21,234,194-21,269,409-		Homo sapiens (human)	chr14:21,234,194-21,269,409-	174
hsa_ires_00305.1|Homo sapiens (human)|chr14:23,953,756-23,955,047+	hsa_ires_00305.1|Homo sapiens (human)|chr14:23,953,756-23,955,047+		Homo sapiens (human)	chr14:23,953,756-23,955,047+	174
hsa_ires_00306.1|Homo sapiens (human)|chr3:48,433,857-48,434,870-	hsa_ires_00306.1|Homo sapiens (human)|chr3:48,433,857-48,434,870-		Homo sapiens (human)	chr3:48,433,857-48,434,870-	174
hsa_ires_00307.1|Homo sapiens (human)|chr4:83,536,449-83,536,622+	hsa_ires_00307.1|Homo sapiens (human)|chr4:83,536,449-83,536,622+		Homo sapiens (human)	chr4:83,536,449-83,536,622+	174
hsa_ires_00308.1|Homo sapiens (human)|chr12:54,257,643-54,280,131-	hsa_ires_00308.1|Homo sapiens (human)|chr12:54,257,643-54,280,131-		Homo sapiens (human)	chr12:54,257,643-54,280,131-	174
hsa_ires_00309.1|Homo sapiens (human)|chr1:113,904,718-113,904,891-	hsa_ires_00309.1|Homo sapiens (human)|chr1:113,904,718-113,904,891-		Homo sapiens (human)	chr1:113,904,718-113,904,891-	174
hsa_ires_00310.1|Homo sapiens (human)|chrX:48,786,574-48,791,192+	hsa_ires_00310.1|Homo sapiens (human)|chrX:48,786,574-48,791,192+		Homo sapiens (human)	chrX:48,786,574-48,791,192+	174
hsa_ires_00311.1|Homo sapiens (human)|chr8:93,755,025-93,758,547+	hsa_ires_00311.1|Homo sapiens (human)|chr8:93,755,025-93,758,547+		Homo sapiens (human)	chr8:93,755,025-93,758,547+	174
hsa_ires_00312.1|Homo sapiens (human)|chr9:26,947,312-26,961,970+	hsa_ires_00312.1|Homo sapiens (human)|chr9:26,947,312-26,961,970+		Homo sapiens (human)	chr9:26,947,312-26,961,970+	174
hsa_ires_00313.1|Homo sapiens (human)|chr1:155,689,101-155,709,779+	hsa_ires_00313.1|Homo sapiens (human)|chr1:155,689,101-155,709,779+		Homo sapiens (human)	chr1:155,689,101-155,709,779+	174
hsa_ires_00314.1|Homo sapiens (human)|chr4:139,295,799-139,302,427-	hsa_ires_00314.1|Homo sapiens (human)|chr4:139,295,799-139,302,427-		Homo sapiens (human)	chr4:139,295,799-139,302,427-	174
hsa_ires_00315.1|Homo sapiens (human)|chr9:122,093,419-122,093,592-	hsa_ires_00315.1|Homo sapiens (human)|chr9:122,093,419-122,093,592-		Homo sapiens (human)	chr9:122,093,419-122,093,592-	174
hsa_ires_00316.1|Homo sapiens (human)|chrX:14,529,884-14,530,057+	hsa_ires_00316.1|Homo sapiens (human)|chrX:14,529,884-14,530,057+		Homo sapiens (human)	chrX:14,529,884-14,530,057+	174
hsa_ires_00317.1|Homo sapiens (human)|chr5:143,400,585-143,400,758-	hsa_ires_00317.1|Homo sapiens (human)|chr5:143,400,585-143,400,758-		Homo sapiens (human)	chr5:143,400,585-143,400,758-	174
hsa_ires_00318.1|Homo sapiens (human)|chrX:115,593,507-115,610,290+	hsa_ires_00318.1|Homo sapiens (human)|chrX:115,593,507-115,610,290+		Homo sapiens (human)	chrX:115,593,507-115,610,290+	174
hsa_ires_00319.1|Homo sapiens (human)|chr16:70,314,949-70,317,526+	hsa_ires_00319.1|Homo sapiens (human)|chr16:70,314,949-70,317,526+		Homo sapiens (human)	chr16:70,314,949-70,317,526+	174
hsa_ires_00320.1|Homo sapiens (human)|chr1:206,921,855-206,922,028-	hsa_ires_00320.1|Homo sapiens (human)|chr1:206,921,855-206,922,028-		Homo sapiens (human)	chr1:206,921,855-206,922,028-	174
hsa_ires_00321.1|Homo sapiens (human)|chr15:64,381,330-64,381,503-	hsa_ires_00321.1|Homo sapiens (human)|chr15:64,381,330-64,381,503-		Homo sapiens (human)	chr15:64,381,330-64,381,503-	174
hsa_ires_00322.1|Homo sapiens (human)|chr1:75,786,194-75,787,589+	hsa_ires_00322.1|Homo sapiens (human)|chr1:75,786,194-75,787,589+		Homo sapiens (human)	chr1:75,786,194-75,787,589+	174
hsa_ires_00323.1|Homo sapiens (human)|chr17:41,350,639-41,350,812-	hsa_ires_00323.1|Homo sapiens (human)|chr17:41,350,639-41,350,812-		Homo sapiens (human)	chr17:41,350,639-41,350,812-	174
hsa_ires_00324.1|Homo sapiens (human)|chr1:205,935,761-205,943,460-	hsa_ires_00324.1|Homo sapiens (human)|chr1:205,935,761-205,943,460-		Homo sapiens (human)	chr1:205,935,761-205,943,460-	174
hsa_ires_00325.1|Homo sapiens (human)|chr1:153,626,473-153,627,251-	hsa_ires_00325.1|Homo sapiens (human)|chr1:153,626,473-153,627,251-		Homo sapiens (human)	chr1:153,626,473-153,627,251-	174
hsa_ires_00326.1|Homo sapiens (human)|chr10:13,108,181-13,109,122+	hsa_ires_00326.1|Homo sapiens (human)|chr10:13,108,181-13,109,122+		Homo sapiens (human)	chr10:13,108,181-13,109,122+	174
hsa_ires_00327.1|Homo sapiens (human)|chr13:98,521,853-98,522,026-	hsa_ires_00327.1|Homo sapiens (human)|chr13:98,521,853-98,522,026-		Homo sapiens (human)	chr13:98,521,853-98,522,026-	174
hsa_ires_00328.1|Homo sapiens (human)|chr12:110,496,105-110,502,111-	hsa_ires_00328.1|Homo sapiens (human)|chr12:110,496,105-110,502,111-		Homo sapiens (human)	chr12:110,496,105-110,502,111-	174
hsa_ires_00329.1|Homo sapiens (human)|chr9:101,371,405-101,384,969-	hsa_ires_00329.1|Homo sapiens (human)|chr9:101,371,405-101,384,969-		Homo sapiens (human)	chr9:101,371,405-101,384,969-	174
hsa_ires_00330.1|Homo sapiens (human)|chr17:44,847,979-44,848,152+	hsa_ires_00330.1|Homo sapiens (human)|chr17:44,847,979-44,848,152+		Homo sapiens (human)	chr17:44,847,979-44,848,152+	174
hsa_ires_00331.1|Homo sapiens (human)|chr12:111,686,079-111,692,709+	hsa_ires_00331.1|Homo sapiens (human)|chr12:111,686,079-111,692,709+		Homo sapiens (human)	chr12:111,686,079-111,692,709+	174
hsa_ires_00332.1|Homo sapiens (human)|chr14:75,176,473-75,176,646-	hsa_ires_00332.1|Homo sapiens (human)|chr14:75,176,473-75,176,646-		Homo sapiens (human)	chr14:75,176,473-75,176,646-	174
hsa_ires_00333.1|Homo sapiens (human)|chr16:67,963,512-67,966,878-	hsa_ires_00333.1|Homo sapiens (human)|chr16:67,963,512-67,966,878-		Homo sapiens (human)	chr16:67,963,512-67,966,878-	174
hsa_ires_00334.1|Homo sapiens (human)|chr5:151,771,915-151,786,623+	hsa_ires_00334.1|Homo sapiens (human)|chr5:151,771,915-151,786,623+		Homo sapiens (human)	chr5:151,771,915-151,786,623+	174
hsa_ires_00335.1|Homo sapiens (human)|chrX:108,091,669-108,126,082+	hsa_ires_00335.1|Homo sapiens (human)|chrX:108,091,669-108,126,082+		Homo sapiens (human)	chrX:108,091,669-108,126,082+	174
hsa_ires_00336.1|Homo sapiens (human)|chr6:44,247,035-44,248,629+	hsa_ires_00336.1|Homo sapiens (human)|chr6:44,247,035-44,248,629+		Homo sapiens (human)	chr6:44,247,035-44,248,629+	174
hsa_ires_00337.1|Homo sapiens (human)|chr11:99,325,381-99,556,214+	hsa_ires_00337.1|Homo sapiens (human)|chr11:99,325,381-99,556,214+		Homo sapiens (human)	chr11:99,325,381-99,556,214+	174
hsa_ires_00338.1|Homo sapiens (human)|chr2:219,245,470-219,246,016+	hsa_ires_00338.1|Homo sapiens (human)|chr2:219,245,470-219,246,016+		Homo sapiens (human)	chr2:219,245,470-219,246,016+	174
hsa_ires_00339.1|Homo sapiens (human)|chr1:161,176,061-161,177,486-	hsa_ires_00339.1|Homo sapiens (human)|chr1:161,176,061-161,177,486-		Homo sapiens (human)	chr1:161,176,061-161,177,486-	174
hsa_ires_00340.1|Homo sapiens (human)|chr15:34,102,358-34,102,531+	hsa_ires_00340.1|Homo sapiens (human)|chr15:34,102,358-34,102,531+		Homo sapiens (human)	chr15:34,102,358-34,102,531+	174
hsa_ires_00341.1|Homo sapiens (human)|chr2:15,558,622-15,561,348-	hsa_ires_00341.1|Homo sapiens (human)|chr2:15,558,622-15,561,348-		Homo sapiens (human)	chr2:15,558,622-15,561,348-	174
hsa_ires_00342.1|Homo sapiens (human)|chr3:42,794,202-42,804,535-	hsa_ires_00342.1|Homo sapiens (human)|chr3:42,794,202-42,804,535-		Homo sapiens (human)	chr3:42,794,202-42,804,535-	174
hsa_ires_00343.1|Homo sapiens (human)|chr7:131,110,127-131,142,912+	hsa_ires_00343.1|Homo sapiens (human)|chr7:131,110,127-131,142,912+		Homo sapiens (human)	chr7:131,110,127-131,142,912+	174
hsa_ires_00344.1|Homo sapiens (human)|chr2:10,369,154-10,419,757+	hsa_ires_00344.1|Homo sapiens (human)|chr2:10,369,154-10,419,757+		Homo sapiens (human)	chr2:10,369,154-10,419,757+	174
hsa_ires_00345.1|Homo sapiens (human)|chr11:40,116,293-40,241,597-	hsa_ires_00345.1|Homo sapiens (human)|chr11:40,116,293-40,241,597-		Homo sapiens (human)	chr11:40,116,293-40,241,597-	174
hsa_ires_00346.1|Homo sapiens (human)|chr20:9,069,111-9,307,814+	hsa_ires_00346.1|Homo sapiens (human)|chr20:9,069,111-9,307,814+		Homo sapiens (human)	chr20:9,069,111-9,307,814+	174
hsa_ires_00347.1|Homo sapiens (human)|chr3:64,023,836-64,024,009-	hsa_ires_00347.1|Homo sapiens (human)|chr3:64,023,836-64,024,009-		Homo sapiens (human)	chr3:64,023,836-64,024,009-	174
hsa_ires_00348.1|Homo sapiens (human)|chr12:54,632,358-54,634,879-	hsa_ires_00348.1|Homo sapiens (human)|chr12:54,632,358-54,634,879-		Homo sapiens (human)	chr12:54,632,358-54,634,879-	174
hsa_ires_00349.1|Homo sapiens (human)|chr11:33,161,318-33,161,491-	hsa_ires_00349.1|Homo sapiens (human)|chr11:33,161,318-33,161,491-		Homo sapiens (human)	chr11:33,161,318-33,161,491-	174
hsa_ires_00350.1|Homo sapiens (human)|chr6:106,512,168-106,512,341+	hsa_ires_00350.1|Homo sapiens (human)|chr6:106,512,168-106,512,341+		Homo sapiens (human)	chr6:106,512,168-106,512,341+	174
hsa_ires_00351.1|Homo sapiens (human)|chr21:33,539,316-33,542,792-	hsa_ires_00351.1|Homo sapiens (human)|chr21:33,539,316-33,542,792-		Homo sapiens (human)	chr21:33,539,316-33,542,792-	174
hsa_ires_00352.1|Homo sapiens (human)|chr8:27,471,059-27,478,861-	hsa_ires_00352.1|Homo sapiens (human)|chr8:27,471,059-27,478,861-		Homo sapiens (human)	chr8:27,471,059-27,478,861-	174
hsa_ires_00353.1|Homo sapiens (human)|chr6:132,503,531-132,513,122-	hsa_ires_00353.1|Homo sapiens (human)|chr6:132,503,531-132,513,122-		Homo sapiens (human)	chr6:132,503,531-132,513,122-	174
hsa_ires_00354.1|Homo sapiens (human)|chr1:183,590,330-183,590,503-	hsa_ires_00354.1|Homo sapiens (human)|chr1:183,590,330-183,590,503-		Homo sapiens (human)	chr1:183,590,330-183,590,503-	174
hsa_ires_00355.1|Homo sapiens (human)|chr12:50,924,865-50,925,038+	hsa_ires_00355.1|Homo sapiens (human)|chr12:50,924,865-50,925,038+		Homo sapiens (human)	chr12:50,924,865-50,925,038+	174
hsa_ires_00356.1|Homo sapiens (human)|chr3:42,149,362-42,149,535+	hsa_ires_00356.1|Homo sapiens (human)|chr3:42,149,362-42,149,535+		Homo sapiens (human)	chr3:42,149,362-42,149,535+	174
hsa_ires_00357.1|Homo sapiens (human)|chr10:75,104,077-75,109,161-	hsa_ires_00357.1|Homo sapiens (human)|chr10:75,104,077-75,109,161-		Homo sapiens (human)	chr10:75,104,077-75,109,161-	174
hsa_ires_00358.1|Homo sapiens (human)|chr12:81,078,030-81,078,203+	hsa_ires_00358.1|Homo sapiens (human)|chr12:81,078,030-81,078,203+		Homo sapiens (human)	chr12:81,078,030-81,078,203+	174
hsa_ires_00359.1|Homo sapiens (human)|chr1:154,970,062-154,974,283-	hsa_ires_00359.1|Homo sapiens (human)|chr1:154,970,062-154,974,283-		Homo sapiens (human)	chr1:154,970,062-154,974,283-	174
hsa_ires_00360.1|Homo sapiens (human)|chr2:181,457,481-181,457,654+	hsa_ires_00360.1|Homo sapiens (human)|chr2:181,457,481-181,457,654+		Homo sapiens (human)	chr2:181,457,481-181,457,654+	174
hsa_ires_00361.1|Homo sapiens (human)|chr1:179,592,442-179,592,615+	hsa_ires_00361.1|Homo sapiens (human)|chr1:179,592,442-179,592,615+		Homo sapiens (human)	chr1:179,592,442-179,592,615+	174
hsa_ires_00362.1|Homo sapiens (human)|chr8:17,697,378-17,697,551-	hsa_ires_00362.1|Homo sapiens (human)|chr8:17,697,378-17,697,551-		Homo sapiens (human)	chr8:17,697,378-17,697,551-	174
hsa_ires_00363.1|Homo sapiens (human)|chr17:83,048,686-83,051,810-	hsa_ires_00363.1|Homo sapiens (human)|chr17:83,048,686-83,051,810-		Homo sapiens (human)	chr17:83,048,686-83,051,810-	174
hsa_ires_00364.1|Homo sapiens (human)|chr1:61,082,618-61,082,791+	hsa_ires_00364.1|Homo sapiens (human)|chr1:61,082,618-61,082,791+		Homo sapiens (human)	chr1:61,082,618-61,082,791+	174
hsa_ires_00365.1|Homo sapiens (human)|chr8:407,051-431,357+	hsa_ires_00365.1|Homo sapiens (human)|chr8:407,051-431,357+		Homo sapiens (human)	chr8:407,051-431,357+	174
hsa_ires_00366.1|Homo sapiens (human)|chr2:206,149,908-206,159,431-	hsa_ires_00366.1|Homo sapiens (human)|chr2:206,149,908-206,159,431-		Homo sapiens (human)	chr2:206,149,908-206,159,431-	174
hsa_ires_00367.1|Homo sapiens (human)|chr2:73,892,966-73,901,363+	hsa_ires_00367.1|Homo sapiens (human)|chr2:73,892,966-73,901,363+		Homo sapiens (human)	chr2:73,892,966-73,901,363+	174
hsa_ires_00368.1|Homo sapiens (human)|chr3:52,495,340-52,501,187+	hsa_ires_00368.1|Homo sapiens (human)|chr3:52,495,340-52,501,187+		Homo sapiens (human)	chr3:52,495,340-52,501,187+	174
hsa_ires_00369.1|Homo sapiens (human)|chr12:6,555,910-6,556,083-	hsa_ires_00369.1|Homo sapiens (human)|chr12:6,555,910-6,556,083-		Homo sapiens (human)	chr12:6,555,910-6,556,083-	174
hsa_ires_00370.1|Homo sapiens (human)|chrX:33,339,266-33,339,439-	hsa_ires_00370.1|Homo sapiens (human)|chrX:33,339,266-33,339,439-		Homo sapiens (human)	chrX:33,339,266-33,339,439-	174
hsa_ires_00371.1|Homo sapiens (human)|chr5:150,447,734-150,449,663-	hsa_ires_00371.1|Homo sapiens (human)|chr5:150,447,734-150,449,663-		Homo sapiens (human)	chr5:150,447,734-150,449,663-	174
hsa_ires_00372.1|Homo sapiens (human)|chr5:172,959,436-172,960,005+	hsa_ires_00372.1|Homo sapiens (human)|chr5:172,959,436-172,960,005+		Homo sapiens (human)	chr5:172,959,436-172,960,005+	174
hsa_ires_00373.1|Homo sapiens (human)|chr6:30,571,393-30,577,414+	hsa_ires_00373.1|Homo sapiens (human)|chr6:30,571,393-30,577,414+		Homo sapiens (human)	chr6:30,571,393-30,577,414+	174
hsa_ires_00374.1|Homo sapiens (human)|chrX:35,798,447-35,802,196+	hsa_ires_00374.1|Homo sapiens (human)|chrX:35,798,447-35,802,196+		Homo sapiens (human)	chrX:35,798,447-35,802,196+	174
hsa_ires_00375.1|Homo sapiens (human)|chr12:109,098,153-109,098,326+	hsa_ires_00375.1|Homo sapiens (human)|chr12:109,098,153-109,098,326+		Homo sapiens (human)	chr12:109,098,153-109,098,326+	174
hsa_ires_00376.1|Homo sapiens (human)|chr10:114,163,269-114,174,127-	hsa_ires_00376.1|Homo sapiens (human)|chr10:114,163,269-114,174,127-		Homo sapiens (human)	chr10:114,163,269-114,174,127-	174
hsa_ires_00377.1|Homo sapiens (human)|chr6:89,637,793-89,638,755-	hsa_ires_00377.1|Homo sapiens (human)|chr6:89,637,793-89,638,755-		Homo sapiens (human)	chr6:89,637,793-89,638,755-	174
hsa_ires_00378.1|Homo sapiens (human)|chr9:8,636,838-8,733,946-	hsa_ires_00378.1|Homo sapiens (human)|chr9:8,636,838-8,733,946-		Homo sapiens (human)	chr9:8,636,838-8,733,946-	174
hsa_ires_00379.1|Homo sapiens (human)|chrX:23,783,178-23,783,351+	hsa_ires_00379.1|Homo sapiens (human)|chrX:23,783,178-23,783,351+		Homo sapiens (human)	chrX:23,783,178-23,783,351+	174
hsa_ires_00380.1|Homo sapiens (human)|chr12:209,987-213,953-	hsa_ires_00380.1|Homo sapiens (human)|chr12:209,987-213,953-		Homo sapiens (human)	chr12:209,987-213,953-	174
hsa_ires_00381.1|Homo sapiens (human)|chrX:49,059,005-49,062,041+	hsa_ires_00381.1|Homo sapiens (human)|chrX:49,059,005-49,062,041+		Homo sapiens (human)	chrX:49,059,005-49,062,041+	174
hsa_ires_00382.1|Homo sapiens (human)|chrY:1,282,413-1,282,703;chrX:1,282,413-1,282,703+;+	hsa_ires_00382.1|Homo sapiens (human)|chrY:1,282,413-1,282,703;chrX:1,282,413-1,282,703+;+		Homo sapiens (human)	chrY:1,282,413-1,282,703;chrX:1,282,413-1,282,703+;+	174
hsa_ires_00383.1|Homo sapiens (human)|chr1:45,457,786-45,490,939-	hsa_ires_00383.1|Homo sapiens (human)|chr1:45,457,786-45,490,939-		Homo sapiens (human)	chr1:45,457,786-45,490,939-	174
hsa_ires_00384.1|Homo sapiens (human)|chr1:156,246,732-156,247,982-	hsa_ires_00384.1|Homo sapiens (human)|chr1:156,246,732-156,247,982-		Homo sapiens (human)	chr1:156,246,732-156,247,982-	174
hsa_ires_00385.1|Homo sapiens (human)|chr2:84,516,455-84,517,863+	hsa_ires_00385.1|Homo sapiens (human)|chr2:84,516,455-84,517,863+		Homo sapiens (human)	chr2:84,516,455-84,517,863+	174
hsa_ires_00386.1|Homo sapiens (human)|chrX:70,259,625-70,259,798-	hsa_ires_00386.1|Homo sapiens (human)|chrX:70,259,625-70,259,798-		Homo sapiens (human)	chrX:70,259,625-70,259,798-	174
hsa_ires_00387.1|Homo sapiens (human)|chr17:57,257,013-57,257,513+	hsa_ires_00387.1|Homo sapiens (human)|chr17:57,257,013-57,257,513+		Homo sapiens (human)	chr17:57,257,013-57,257,513+	174
hsa_ires_00388.1|Homo sapiens (human)|chr9:112,297,835-112,333,561-	hsa_ires_00388.1|Homo sapiens (human)|chr9:112,297,835-112,333,561-		Homo sapiens (human)	chr9:112,297,835-112,333,561-	174
hsa_ires_00389.1|Homo sapiens (human)|chrX:102,653,740-102,653,913+	hsa_ires_00389.1|Homo sapiens (human)|chrX:102,653,740-102,653,913+		Homo sapiens (human)	chrX:102,653,740-102,653,913+	174
hsa_ires_00390.1|Homo sapiens (human)|chr5:138,331,181-138,331,730-	hsa_ires_00390.1|Homo sapiens (human)|chr5:138,331,181-138,331,730-		Homo sapiens (human)	chr5:138,331,181-138,331,730-	174
hsa_ires_00391.1|Homo sapiens (human)|chrX:49,078,094-49,079,905-	hsa_ires_00391.1|Homo sapiens (human)|chrX:49,078,094-49,079,905-		Homo sapiens (human)	chrX:49,078,094-49,079,905-	174
hsa_ires_00392.1|Homo sapiens (human)|chr16:70,523,381-70,523,554-	hsa_ires_00392.1|Homo sapiens (human)|chr16:70,523,381-70,523,554-		Homo sapiens (human)	chr16:70,523,381-70,523,554-	174
hsa_ires_00393.1|Homo sapiens (human)|chr8:144,851,296-144,853,066-	hsa_ires_00393.1|Homo sapiens (human)|chr8:144,851,296-144,853,066-		Homo sapiens (human)	chr8:144,851,296-144,853,066-	174
hsa_ires_00394.1|Homo sapiens (human)|chr1:40,247,901-40,248,074+	hsa_ires_00394.1|Homo sapiens (human)|chr1:40,247,901-40,248,074+		Homo sapiens (human)	chr1:40,247,901-40,248,074+	174
hsa_ires_00395.1|Homo sapiens (human)|chr12:26,936,804-26,937,958-	hsa_ires_00395.1|Homo sapiens (human)|chr12:26,936,804-26,937,958-		Homo sapiens (human)	chr12:26,936,804-26,937,958-	174
hsa_ires_00396.1|Homo sapiens (human)|chr7:21,916,817-21,945,822-	hsa_ires_00396.1|Homo sapiens (human)|chr7:21,916,817-21,945,822-		Homo sapiens (human)	chr7:21,916,817-21,945,822-	174
hsa_ires_00397.1|Homo sapiens (human)|chr2:53,765,573-53,786,981-	hsa_ires_00397.1|Homo sapiens (human)|chr2:53,765,573-53,786,981-		Homo sapiens (human)	chr2:53,765,573-53,786,981-	174
hsa_ires_00398.1|Homo sapiens (human)|chr5:179,806,574-179,823,004+	hsa_ires_00398.1|Homo sapiens (human)|chr5:179,806,574-179,823,004+		Homo sapiens (human)	chr5:179,806,574-179,823,004+	174
hsa_ires_00399.1|Homo sapiens (human)|chr5:7,869,104-7,870,831+	hsa_ires_00399.1|Homo sapiens (human)|chr5:7,869,104-7,870,831+		Homo sapiens (human)	chr5:7,869,104-7,870,831+	174
hsa_ires_00400.1|Homo sapiens (human)|chr12:9,733,126-9,733,299-	hsa_ires_00400.1|Homo sapiens (human)|chr12:9,733,126-9,733,299-		Homo sapiens (human)	chr12:9,733,126-9,733,299-	174
hsa_ires_00401.1|Homo sapiens (human)|chr2:127,874,235-127,884,783-	hsa_ires_00401.1|Homo sapiens (human)|chr2:127,874,235-127,884,783-		Homo sapiens (human)	chr2:127,874,235-127,884,783-	174
hsa_ires_00402.1|Homo sapiens (human)|chr7:42,926,661-42,932,206-	hsa_ires_00402.1|Homo sapiens (human)|chr7:42,926,661-42,932,206-		Homo sapiens (human)	chr7:42,926,661-42,932,206-	174
hsa_ires_00403.1|Homo sapiens (human)|chr12:16,600,861-16,608,034-	hsa_ires_00403.1|Homo sapiens (human)|chr12:16,600,861-16,608,034-		Homo sapiens (human)	chr12:16,600,861-16,608,034-	174
hsa_ires_00404.1|Homo sapiens (human)|chr11:6,403,767-6,405,210-	hsa_ires_00404.1|Homo sapiens (human)|chr11:6,403,767-6,405,210-		Homo sapiens (human)	chr11:6,403,767-6,405,210-	174
hsa_ires_00405.1|Homo sapiens (human)|chr17:17,522,382-17,577,465-	hsa_ires_00405.1|Homo sapiens (human)|chr17:17,522,382-17,577,465-		Homo sapiens (human)	chr17:17,522,382-17,577,465-	174
hsa_ires_00406.1|Homo sapiens (human)|chr1:212,565,334-212,615,041+	hsa_ires_00406.1|Homo sapiens (human)|chr1:212,565,334-212,615,041+		Homo sapiens (human)	chr1:212,565,334-212,615,041+	174
hsa_ires_00407.1|Homo sapiens (human)|chr17:42,458,844-42,460,901+	hsa_ires_00407.1|Homo sapiens (human)|chr17:42,458,844-42,460,901+		Homo sapiens (human)	chr17:42,458,844-42,460,901+	174
hsa_ires_00408.1|Homo sapiens (human)|chr19:8,364,148-8,364,321+	hsa_ires_00408.1|Homo sapiens (human)|chr19:8,364,148-8,364,321+		Homo sapiens (human)	chr19:8,364,148-8,364,321+	174
hsa_ires_00409.1|Homo sapiens (human)|chr1:153,668,552-153,670,963-	hsa_ires_00409.1|Homo sapiens (human)|chr1:153,668,552-153,670,963-		Homo sapiens (human)	chr1:153,668,552-153,670,963-	174
hsa_ires_00410.1|Homo sapiens (human)|chr3:187,702,129-187,702,302-	hsa_ires_00410.1|Homo sapiens (human)|chr3:187,702,129-187,702,302-		Homo sapiens (human)	chr3:187,702,129-187,702,302-	174
hsa_ires_00411.1|Homo sapiens (human)|chr3:123,620,295-123,620,468-	hsa_ires_00411.1|Homo sapiens (human)|chr3:123,620,295-123,620,468-		Homo sapiens (human)	chr3:123,620,295-123,620,468-	174
hsa_ires_00412.1|Homo sapiens (human)|chr16:30,354,682-30,354,855-	hsa_ires_00412.1|Homo sapiens (human)|chr16:30,354,682-30,354,855-		Homo sapiens (human)	chr16:30,354,682-30,354,855-	174
hsa_ires_00413.1|Homo sapiens (human)|chr22:38,782,732-38,794,102-	hsa_ires_00413.1|Homo sapiens (human)|chr22:38,782,732-38,794,102-		Homo sapiens (human)	chr22:38,782,732-38,794,102-	174
hsa_ires_00414.1|Homo sapiens (human)|chr19:21,819,221-21,836,208-	hsa_ires_00414.1|Homo sapiens (human)|chr19:21,819,221-21,836,208-		Homo sapiens (human)	chr19:21,819,221-21,836,208-	174
hsa_ires_00415.1|Homo sapiens (human)|chr3:25,428,558-25,428,731+	hsa_ires_00415.1|Homo sapiens (human)|chr3:25,428,558-25,428,731+		Homo sapiens (human)	chr3:25,428,558-25,428,731+	174
hsa_ires_00416.1|Homo sapiens (human)|chr2:74,502,860-74,503,033-	hsa_ires_00416.1|Homo sapiens (human)|chr2:74,502,860-74,503,033-		Homo sapiens (human)	chr2:74,502,860-74,503,033-	174
hsa_ires_00417.1|Homo sapiens (human)|chr20:31,440,608-31,450,053+	hsa_ires_00417.1|Homo sapiens (human)|chr20:31,440,608-31,450,053+		Homo sapiens (human)	chr20:31,440,608-31,450,053+	174
hsa_ires_00418.1|Homo sapiens (human)|chr2:183,078,760-183,078,933+	hsa_ires_00418.1|Homo sapiens (human)|chr2:183,078,760-183,078,933+		Homo sapiens (human)	chr2:183,078,760-183,078,933+	174
hsa_ires_00419.1|Homo sapiens (human)|chr18:12,308,248-12,308,758+	hsa_ires_00419.1|Homo sapiens (human)|chr18:12,308,248-12,308,758+		Homo sapiens (human)	chr18:12,308,248-12,308,758+	174
hsa_ires_00420.1|Homo sapiens (human)|chr2:201,132,965-201,135,975+	hsa_ires_00420.1|Homo sapiens (human)|chr2:201,132,965-201,135,975+		Homo sapiens (human)	chr2:201,132,965-201,135,975+	174
hsa_ires_00421.1|Homo sapiens (human)|chr17:51,153,536-51,155,697+	hsa_ires_00421.1|Homo sapiens (human)|chr17:51,153,536-51,155,697+		Homo sapiens (human)	chr17:51,153,536-51,155,697+	174
hsa_ires_00422.1|Homo sapiens (human)|chrX:101,042,290-101,051,678-	hsa_ires_00422.1|Homo sapiens (human)|chrX:101,042,290-101,051,678-		Homo sapiens (human)	chrX:101,042,290-101,051,678-	174
hsa_ires_00423.1|Homo sapiens (human)|chr2:169,584,386-169,604,041+	hsa_ires_00423.1|Homo sapiens (human)|chr2:169,584,386-169,604,041+		Homo sapiens (human)	chr2:169,584,386-169,604,041+	174
hsa_ires_00424.1|Homo sapiens (human)|chr14:77,708,071-77,710,873+	hsa_ires_00424.1|Homo sapiens (human)|chr14:77,708,071-77,710,873+		Homo sapiens (human)	chr14:77,708,071-77,710,873+	174
hsa_ires_00425.1|Homo sapiens (human)|chr1:6,385,650-6,385,823-	hsa_ires_00425.1|Homo sapiens (human)|chr1:6,385,650-6,385,823-		Homo sapiens (human)	chr1:6,385,650-6,385,823-	174
hsa_ires_00426.1|Homo sapiens (human)|NA	hsa_ires_00426.1|Homo sapiens (human)|NA		Homo sapiens (human)	Homo sapiens human	174
hsa_ires_00427.1|Homo sapiens (human)|chr17:7,252,241-7,252,502+	hsa_ires_00427.1|Homo sapiens (human)|chr17:7,252,241-7,252,502+		Homo sapiens (human)	chr17:7,252,241-7,252,502+	174
hsa_ires_00428.1|Homo sapiens (human)|chr13:60,397,293-60,439,748+	hsa_ires_00428.1|Homo sapiens (human)|chr13:60,397,293-60,439,748+		Homo sapiens (human)	chr13:60,397,293-60,439,748+	174
hsa_ires_00429.1|Homo sapiens (human)|chr14:20,802,069-20,802,397-	hsa_ires_00429.1|Homo sapiens (human)|chr14:20,802,069-20,802,397-		Homo sapiens (human)	chr14:20,802,069-20,802,397-	174
hsa_ires_00430.1|Homo sapiens (human)|chr6:34,238,828-34,240,780+	hsa_ires_00430.1|Homo sapiens (human)|chr6:34,238,828-34,240,780+		Homo sapiens (human)	chr6:34,238,828-34,240,780+	174
hsa_ires_00431.1|Homo sapiens (human)|chr14:54,441,257-54,441,430-	hsa_ires_00431.1|Homo sapiens (human)|chr14:54,441,257-54,441,430-		Homo sapiens (human)	chr14:54,441,257-54,441,430-	174
hsa_ires_00432.1|Homo sapiens (human)|chr16:49,730,868-49,857,750-	hsa_ires_00432.1|Homo sapiens (human)|chr16:49,730,868-49,857,750-		Homo sapiens (human)	chr16:49,730,868-49,857,750-	174
hsa_ires_00433.1|Homo sapiens (human)|chr19:58,554,187-58,554,988-	hsa_ires_00433.1|Homo sapiens (human)|chr19:58,554,187-58,554,988-		Homo sapiens (human)	chr19:58,554,187-58,554,988-	174
hsa_ires_00434.1|Homo sapiens (human)|chr1:26,900,298-26,900,471-	hsa_ires_00434.1|Homo sapiens (human)|chr1:26,900,298-26,900,471-		Homo sapiens (human)	chr1:26,900,298-26,900,471-	174
hsa_ires_00435.1|Homo sapiens (human)|chr21:30,430,276-30,430,449+	hsa_ires_00435.1|Homo sapiens (human)|chr21:30,430,276-30,430,449+		Homo sapiens (human)	chr21:30,430,276-30,430,449+	174
hsa_ires_00436.1|Homo sapiens (human)|chr3:172,752,321-172,754,530+	hsa_ires_00436.1|Homo sapiens (human)|chr3:172,752,321-172,754,530+		Homo sapiens (human)	chr3:172,752,321-172,754,530+	174
hsa_ires_00437.1|Homo sapiens (human)|chr1:155,679,501-155,679,674-	hsa_ires_00437.1|Homo sapiens (human)|chr1:155,679,501-155,679,674-		Homo sapiens (human)	chr1:155,679,501-155,679,674-	174
hsa_ires_00438.1|Homo sapiens (human)|chr8:109,322,419-109,329,933-	hsa_ires_00438.1|Homo sapiens (human)|chr8:109,322,419-109,329,933-		Homo sapiens (human)	chr8:109,322,419-109,329,933-	174
hsa_ires_00439.1|Homo sapiens (human)|chr3:53,347,454-53,347,627-	hsa_ires_00439.1|Homo sapiens (human)|chr3:53,347,454-53,347,627-		Homo sapiens (human)	chr3:53,347,454-53,347,627-	174
hsa_ires_00440.1|Homo sapiens (human)|chr7:27,102,501-27,102,674-	hsa_ires_00440.1|Homo sapiens (human)|chr7:27,102,501-27,102,674-		Homo sapiens (human)	chr7:27,102,501-27,102,674-	174
hsa_ires_00441.1|Homo sapiens (human)|chr2:171,687,463-171,690,155+	hsa_ires_00441.1|Homo sapiens (human)|chr2:171,687,463-171,690,155+		Homo sapiens (human)	chr2:171,687,463-171,690,155+	174
hsa_ires_00442.1|Homo sapiens (human)|chr16:21,161,009-21,161,182+	hsa_ires_00442.1|Homo sapiens (human)|chr16:21,161,009-21,161,182+		Homo sapiens (human)	chr16:21,161,009-21,161,182+	174
hsa_ires_00443.1|Homo sapiens (human)|chr6:144,291,737-144,403,125+	hsa_ires_00443.1|Homo sapiens (human)|chr6:144,291,737-144,403,125+		Homo sapiens (human)	chr6:144,291,737-144,403,125+	174
hsa_ires_00444.1|Homo sapiens (human)|chr7:44,122,054-44,122,227-	hsa_ires_00444.1|Homo sapiens (human)|chr7:44,122,054-44,122,227-		Homo sapiens (human)	chr7:44,122,054-44,122,227-	174
hsa_ires_00445.1|Homo sapiens (human)|chr17:42,851,184-42,851,357+	hsa_ires_00445.1|Homo sapiens (human)|chr17:42,851,184-42,851,357+		Homo sapiens (human)	chr17:42,851,184-42,851,357+	174
hsa_ires_00446.1|Homo sapiens (human)|chr12:102,958,071-102,958,244+	hsa_ires_00446.1|Homo sapiens (human)|chr12:102,958,071-102,958,244+		Homo sapiens (human)	chr12:102,958,071-102,958,244+	174
hsa_ires_00447.1|Homo sapiens (human)|chr20:64,076,887-64,079,399-	hsa_ires_00447.1|Homo sapiens (human)|chr20:64,076,887-64,079,399-		Homo sapiens (human)	chr20:64,076,887-64,079,399-	174
hsa_ires_00448.1|Homo sapiens (human)|chr6:24,774,931-24,777,289+	hsa_ires_00448.1|Homo sapiens (human)|chr6:24,774,931-24,777,289+		Homo sapiens (human)	chr6:24,774,931-24,777,289+	174
hsa_ires_00449.1|Homo sapiens (human)|chr1:32,765,634-32,765,807+	hsa_ires_00449.1|Homo sapiens (human)|chr1:32,765,634-32,765,807+		Homo sapiens (human)	chr1:32,765,634-32,765,807+	174
hsa_ires_00450.1|Homo sapiens (human)|chr21:42,863,455-42,873,634-	hsa_ires_00450.1|Homo sapiens (human)|chr21:42,863,455-42,873,634-		Homo sapiens (human)	chr21:42,863,455-42,873,634-	174
hsa_ires_00451.1|Homo sapiens (human)|chr6:24,875,792-24,877,098-	hsa_ires_00451.1|Homo sapiens (human)|chr6:24,875,792-24,877,098-		Homo sapiens (human)	chr6:24,875,792-24,877,098-	174
hsa_ires_00452.1|Homo sapiens (human)|chr20:50,096,717-50,109,042-	hsa_ires_00452.1|Homo sapiens (human)|chr20:50,096,717-50,109,042-		Homo sapiens (human)	chr20:50,096,717-50,109,042-	174
hsa_ires_00453.1|Homo sapiens (human)|chr3:51,961,241-51,962,050-	hsa_ires_00453.1|Homo sapiens (human)|chr3:51,961,241-51,962,050-		Homo sapiens (human)	chr3:51,961,241-51,962,050-	174
hsa_ires_00454.1|Homo sapiens (human)|chr17:77,093,309-77,143,596+	hsa_ires_00454.1|Homo sapiens (human)|chr17:77,093,309-77,143,596+		Homo sapiens (human)	chr17:77,093,309-77,143,596+	174
hsa_ires_00455.1|Homo sapiens (human)|chr5:52,800,221-52,800,394+	hsa_ires_00455.1|Homo sapiens (human)|chr5:52,800,221-52,800,394+		Homo sapiens (human)	chr5:52,800,221-52,800,394+	174
hsa_ires_00456.1|Homo sapiens (human)|chr14:87,993,492-87,993,665-	hsa_ires_00456.1|Homo sapiens (human)|chr14:87,993,492-87,993,665-		Homo sapiens (human)	chr14:87,993,492-87,993,665-	174
hsa_ires_00457.1|Homo sapiens (human)|chr20:508,552-527,997-	hsa_ires_00457.1|Homo sapiens (human)|chr20:508,552-527,997-		Homo sapiens (human)	chr20:508,552-527,997-	174
hsa_ires_00458.1|Homo sapiens (human)|chr19:55,642,335-55,642,508+	hsa_ires_00458.1|Homo sapiens (human)|chr19:55,642,335-55,642,508+		Homo sapiens (human)	chr19:55,642,335-55,642,508+	174
hsa_ires_00460.1|Homo sapiens (human)|chr1:8,868,019-8,870,586-	hsa_ires_00460.1|Homo sapiens (human)|chr1:8,868,019-8,870,586-		Homo sapiens (human)	chr1:8,868,019-8,870,586-	174
hsa_ires_00461.1|Homo sapiens (human)|chr19:15,410,533-15,419,022-	hsa_ires_00461.1|Homo sapiens (human)|chr19:15,410,533-15,419,022-		Homo sapiens (human)	chr19:15,410,533-15,419,022-	174
hsa_ires_00462.1|Homo sapiens (human)|chr14:39,233,941-39,234,114+	hsa_ires_00462.1|Homo sapiens (human)|chr14:39,233,941-39,234,114+		Homo sapiens (human)	chr14:39,233,941-39,234,114+	174
hsa_ires_00463.1|Homo sapiens (human)|NA	hsa_ires_00463.1|Homo sapiens (human)|NA		Homo sapiens (human)	Homo sapiens human	174
hsa_ires_00464.1|Homo sapiens (human)|chr14:58,244,805-58,247,786+	hsa_ires_00464.1|Homo sapiens (human)|chr14:58,244,805-58,247,786+		Homo sapiens (human)	chr14:58,244,805-58,247,786+	174
hsa_ires_00465.1|Homo sapiens (human)|chr2:161,136,955-161,179,678+	hsa_ires_00465.1|Homo sapiens (human)|chr2:161,136,955-161,179,678+		Homo sapiens (human)	chr2:161,136,955-161,179,678+	174
hsa_ires_00466.1|Homo sapiens (human)|chr3:57,073,521-57,073,694+	hsa_ires_00466.1|Homo sapiens (human)|chr3:57,073,521-57,073,694+		Homo sapiens (human)	chr3:57,073,521-57,073,694+	174
hsa_ires_00467.1|Homo sapiens (human)|chr21:31,659,622-31,659,795+	hsa_ires_00467.1|Homo sapiens (human)|chr21:31,659,622-31,659,795+		Homo sapiens (human)	chr21:31,659,622-31,659,795+	174
hsa_ires_00468.1|Homo sapiens (human)|chr10:103,392,458-103,395,910-	hsa_ires_00468.1|Homo sapiens (human)|chr10:103,392,458-103,395,910-		Homo sapiens (human)	chr10:103,392,458-103,395,910-	174
hsa_ires_00469.1|Homo sapiens (human)|chr11:66,000,390-66,002,066-	hsa_ires_00469.1|Homo sapiens (human)|chr11:66,000,390-66,002,066-		Homo sapiens (human)	chr11:66,000,390-66,002,066-	174
hsa_ires_00470.1|Homo sapiens (human)|chr9:128,456,219-128,460,558+	hsa_ires_00470.1|Homo sapiens (human)|chr9:128,456,219-128,460,558+		Homo sapiens (human)	chr9:128,456,219-128,460,558+	174
hsa_ires_00471.1|Homo sapiens (human)|chr5:136,152,754-136,153,760+	hsa_ires_00471.1|Homo sapiens (human)|chr5:136,152,754-136,153,760+		Homo sapiens (human)	chr5:136,152,754-136,153,760+	174
hsa_ires_00472.1|Homo sapiens (human)|chrX:48,898,336-48,898,509+	hsa_ires_00472.1|Homo sapiens (human)|chrX:48,898,336-48,898,509+		Homo sapiens (human)	chrX:48,898,336-48,898,509+	174
hsa_ires_00473.1|Homo sapiens (human)|chr3:3,175,190-3,179,717-	hsa_ires_00473.1|Homo sapiens (human)|chr3:3,175,190-3,179,717-		Homo sapiens (human)	chr3:3,175,190-3,179,717-	174
hsa_ires_00474.1|Homo sapiens (human)|chr12:56,116,614-56,116,787+	hsa_ires_00474.1|Homo sapiens (human)|chr12:56,116,614-56,116,787+		Homo sapiens (human)	chr12:56,116,614-56,116,787+	174
hsa_ires_00475.1|Homo sapiens (human)|chr4:87,499,575-87,529,207-	hsa_ires_00475.1|Homo sapiens (human)|chr4:87,499,575-87,529,207-		Homo sapiens (human)	chr4:87,499,575-87,529,207-	174
hsa_ires_00476.1|Homo sapiens (human)|chr18:55,403,715-55,403,888-	hsa_ires_00476.1|Homo sapiens (human)|chr18:55,403,715-55,403,888-		Homo sapiens (human)	chr18:55,403,715-55,403,888-	174
hsa_ires_00477.1|Homo sapiens (human)|chr18:905,213-905,386+	hsa_ires_00477.1|Homo sapiens (human)|chr18:905,213-905,386+		Homo sapiens (human)	chr18:905,213-905,386+	174
hsa_ires_00478.1|Homo sapiens (human)|chr10:122,386,104-122,393,200+	hsa_ires_00478.1|Homo sapiens (human)|chr10:122,386,104-122,393,200+		Homo sapiens (human)	chr10:122,386,104-122,393,200+	174
hsa_ires_00479.1|Homo sapiens (human)|chr16:20,902,544-20,902,717+	hsa_ires_00479.1|Homo sapiens (human)|chr16:20,902,544-20,902,717+		Homo sapiens (human)	chr16:20,902,544-20,902,717+	174
hsa_ires_00480.1|Homo sapiens (human)|chr1:173,207,159-173,207,313-	hsa_ires_00480.1|Homo sapiens (human)|chr1:173,207,159-173,207,313-		Homo sapiens (human)	chr1:173,207,159-173,207,313-	174
hsa_ires_00481.1|Homo sapiens (human)|chr11:18,455,914-18,456,680+	hsa_ires_00481.1|Homo sapiens (human)|chr11:18,455,914-18,456,680+		Homo sapiens (human)	chr11:18,455,914-18,456,680+	174
hsa_ires_00482.1|Homo sapiens (human)|chr11:117,199,324-117,203,066+	hsa_ires_00482.1|Homo sapiens (human)|chr11:117,199,324-117,203,066+		Homo sapiens (human)	chr11:117,199,324-117,203,066+	174
hsa_ires_00483.1|Homo sapiens (human)|chr14:23,556,584-23,556,757+	hsa_ires_00483.1|Homo sapiens (human)|chr14:23,556,584-23,556,757+		Homo sapiens (human)	chr14:23,556,584-23,556,757+	174
hsa_ires_00484.1|Homo sapiens (human)|chr21:44,551,332-44,551,505-	hsa_ires_00484.1|Homo sapiens (human)|chr21:44,551,332-44,551,505-		Homo sapiens (human)	chr21:44,551,332-44,551,505-	174
hsa_ires_00485.1|Homo sapiens (human)|chr7:13,989,053-13,991,208-	hsa_ires_00485.1|Homo sapiens (human)|chr7:13,989,053-13,991,208-		Homo sapiens (human)	chr7:13,989,053-13,991,208-	174
hsa_ires_00486.1|Homo sapiens (human)|chr16:84,180,303-84,181,331-	hsa_ires_00486.1|Homo sapiens (human)|chr16:84,180,303-84,181,331-		Homo sapiens (human)	chr16:84,180,303-84,181,331-	174
hsa_ires_00487.1|Homo sapiens (human)|chr6:88,145,275-88,147,774-	hsa_ires_00487.1|Homo sapiens (human)|chr6:88,145,275-88,147,774-		Homo sapiens (human)	chr6:88,145,275-88,147,774-	174
hsa_ires_00488.1|Homo sapiens (human)|chr9:15,211,385-15,249,967-	hsa_ires_00488.1|Homo sapiens (human)|chr9:15,211,385-15,249,967-		Homo sapiens (human)	chr9:15,211,385-15,249,967-	174
hsa_ires_00489.1|Homo sapiens (human)|chr17:19,745,130-19,748,427-	hsa_ires_00489.1|Homo sapiens (human)|chr17:19,745,130-19,748,427-		Homo sapiens (human)	chr17:19,745,130-19,748,427-	174
hsa_ires_00490.1|Homo sapiens (human)|chr14:20,688,777-20,699,426+	hsa_ires_00490.1|Homo sapiens (human)|chr14:20,688,777-20,699,426+		Homo sapiens (human)	chr14:20,688,777-20,699,426+	174
hsa_ires_00491.1|Homo sapiens (human)|chr11:117,918,832-117,929,453-	hsa_ires_00491.1|Homo sapiens (human)|chr11:117,918,832-117,929,453-		Homo sapiens (human)	chr11:117,918,832-117,929,453-	174
hsa_ires_00492.1|Homo sapiens (human)|chr16:29,679,120-29,694,746+	hsa_ires_00492.1|Homo sapiens (human)|chr16:29,679,120-29,694,746+		Homo sapiens (human)	chr16:29,679,120-29,694,746+	174
hsa_ires_00493.1|Homo sapiens (human)|chrX:47,190,800-47,198,825+	hsa_ires_00493.1|Homo sapiens (human)|chrX:47,190,800-47,198,825+		Homo sapiens (human)	chrX:47,190,800-47,198,825+	174
hsa_ires_00494.1|Homo sapiens (human)|chr4:75,514,444-75,515,529+	hsa_ires_00494.1|Homo sapiens (human)|chr4:75,514,444-75,515,529+		Homo sapiens (human)	chr4:75,514,444-75,515,529+	174
hsa_ires_00495.1|Homo sapiens (human)|chr2:27,369,879-27,370,052-	hsa_ires_00495.1|Homo sapiens (human)|chr2:27,369,879-27,370,052-		Homo sapiens (human)	chr2:27,369,879-27,370,052-	174
hsa_ires_00496.1|Homo sapiens (human)|chr22:40,857,081-40,860,686+	hsa_ires_00496.1|Homo sapiens (human)|chr22:40,857,081-40,860,686+		Homo sapiens (human)	chr22:40,857,081-40,860,686+	174
hsa_ires_00497.1|Homo sapiens (human)|chr22:39,021,346-39,021,519+	hsa_ires_00497.1|Homo sapiens (human)|chr22:39,021,346-39,021,519+		Homo sapiens (human)	chr22:39,021,346-39,021,519+	174
hsa_ires_00498.1|Homo sapiens (human)|chr13:99,501,433-99,501,606+	hsa_ires_00498.1|Homo sapiens (human)|chr13:99,501,433-99,501,606+		Homo sapiens (human)	chr13:99,501,433-99,501,606+	174
hsa_ires_00499.1|Homo sapiens (human)|chr6:26,365,255-26,368,050+	hsa_ires_00499.1|Homo sapiens (human)|chr6:26,365,255-26,368,050+		Homo sapiens (human)	chr6:26,365,255-26,368,050+	174
hsa_ires_00500.1|Homo sapiens (human)|chr14:72,939,836-72,940,326+	hsa_ires_00500.1|Homo sapiens (human)|chr14:72,939,836-72,940,326+		Homo sapiens (human)	chr14:72,939,836-72,940,326+	174
hsa_ires_00501.1|Homo sapiens (human)|chr8:76,984,179-77,000,004-	hsa_ires_00501.1|Homo sapiens (human)|chr8:76,984,179-77,000,004-		Homo sapiens (human)	chr8:76,984,179-77,000,004-	174
hsa_ires_00502.1|Homo sapiens (human)|chr19:49,496,365-49,497,260+	hsa_ires_00502.1|Homo sapiens (human)|chr19:49,496,365-49,497,260+		Homo sapiens (human)	chr19:49,496,365-49,497,260+	174
hsa_ires_00503.1|Homo sapiens (human)|chrX:103,677,028-103,686,641-	hsa_ires_00503.1|Homo sapiens (human)|chrX:103,677,028-103,686,641-		Homo sapiens (human)	chrX:103,677,028-103,686,641-	174
hsa_ires_00504.1|Homo sapiens (human)|chr3:150,943,845-150,944,018-	hsa_ires_00504.1|Homo sapiens (human)|chr3:150,943,845-150,944,018-		Homo sapiens (human)	chr3:150,943,845-150,944,018-	174
hsa_ires_00505.1|Homo sapiens (human)|chrX:149,688,253-149,688,975+	hsa_ires_00505.1|Homo sapiens (human)|chrX:149,688,253-149,688,975+		Homo sapiens (human)	chrX:149,688,253-149,688,975+	174
hsa_ires_00506.1|Homo sapiens (human)|chr16:4,514,131-4,538,394-	hsa_ires_00506.1|Homo sapiens (human)|chr16:4,514,131-4,538,394-		Homo sapiens (human)	chr16:4,514,131-4,538,394-	174
hsa_ires_00508.1|Homo sapiens (human)|chr2:157,325,643-157,325,816-	hsa_ires_00508.1|Homo sapiens (human)|chr2:157,325,643-157,325,816-		Homo sapiens (human)	chr2:157,325,643-157,325,816-	174
hsa_ires_00509.1|Homo sapiens (human)|chr6:30,061,351-30,061,524+	hsa_ires_00509.1|Homo sapiens (human)|chr6:30,061,351-30,061,524+		Homo sapiens (human)	chr6:30,061,351-30,061,524+	174
hsa_ires_00510.1|Homo sapiens (human)|chr5:142,613,988-142,614,161-	hsa_ires_00510.1|Homo sapiens (human)|chr5:142,613,988-142,614,161-		Homo sapiens (human)	chr5:142,613,988-142,614,161-	174
hsa_ires_00511.1|Homo sapiens (human)|chr3:197,183,809-197,183,982-	hsa_ires_00511.1|Homo sapiens (human)|chr3:197,183,809-197,183,982-		Homo sapiens (human)	chr3:197,183,809-197,183,982-	174
hsa_ires_00512.1|Homo sapiens (human)|chr2:37,928,779-37,929,277+	hsa_ires_00512.1|Homo sapiens (human)|chr2:37,928,779-37,929,277+		Homo sapiens (human)	chr2:37,928,779-37,929,277+	174
hsa_ires_00513.1|Homo sapiens (human)|chr22:42,636,799-42,646,950-	hsa_ires_00513.1|Homo sapiens (human)|chr22:42,636,799-42,646,950-		Homo sapiens (human)	chr22:42,636,799-42,646,950-	174
hsa_ires_00514.1|Homo sapiens (human)|chr7:1,569,340-1,569,513-	hsa_ires_00514.1|Homo sapiens (human)|chr7:1,569,340-1,569,513-		Homo sapiens (human)	chr7:1,569,340-1,569,513-	174
hsa_ires_00515.1|Homo sapiens (human)|chr17:35,363,808-35,367,578-	hsa_ires_00515.1|Homo sapiens (human)|chr17:35,363,808-35,367,578-		Homo sapiens (human)	chr17:35,363,808-35,367,578-	174
hsa_ires_00516.1|Homo sapiens (human)|chr1:114,741,665-114,749,985-	hsa_ires_00516.1|Homo sapiens (human)|chr1:114,741,665-114,749,985-		Homo sapiens (human)	chr1:114,741,665-114,749,985-	174
hsa_ires_00517.1|Homo sapiens (human)|chr7:27,110,641-27,122,612-	hsa_ires_00517.1|Homo sapiens (human)|chr7:27,110,641-27,122,612-		Homo sapiens (human)	chr7:27,110,641-27,122,612-	174
hsa_ires_00518.1|Homo sapiens (human)|chr19:36,236,267-36,236,440+	hsa_ires_00518.1|Homo sapiens (human)|chr19:36,236,267-36,236,440+		Homo sapiens (human)	chr19:36,236,267-36,236,440+	174
hsa_ires_00519.1|Homo sapiens (human)|chr1:111,310,409-111,317,683+	hsa_ires_00519.1|Homo sapiens (human)|chr1:111,310,409-111,317,683+		Homo sapiens (human)	chr1:111,310,409-111,317,683+	174
hsa_ires_00520.1|Homo sapiens (human)|chr3:63,443,272-63,443,445+	hsa_ires_00520.1|Homo sapiens (human)|chr3:63,443,272-63,443,445+		Homo sapiens (human)	chr3:63,443,272-63,443,445+	174
hsa_ires_00521.1|Homo sapiens (human)|chr2:215,435,803-215,435,976-	hsa_ires_00521.1|Homo sapiens (human)|chr2:215,435,803-215,435,976-		Homo sapiens (human)	chr2:215,435,803-215,435,976-	174
hsa_ires_00522.1|Homo sapiens (human)|chr1:112,929,309-112,956,164-	hsa_ires_00522.1|Homo sapiens (human)|chr1:112,929,309-112,956,164-		Homo sapiens (human)	chr1:112,929,309-112,956,164-	174
hsa_ires_00523.1|Homo sapiens (human)|chr12:102,480,382-102,480,555-	hsa_ires_00523.1|Homo sapiens (human)|chr12:102,480,382-102,480,555-		Homo sapiens (human)	chr12:102,480,382-102,480,555-	174
hsa_ires_00524.1|Homo sapiens (human)|chr12:41,437,771-41,437,944+	hsa_ires_00524.1|Homo sapiens (human)|chr12:41,437,771-41,437,944+		Homo sapiens (human)	chr12:41,437,771-41,437,944+	174
hsa_ires_00525.1|Homo sapiens (human)|chr9:113,275,634-113,276,584+	hsa_ires_00525.1|Homo sapiens (human)|chr9:113,275,634-113,276,584+		Homo sapiens (human)	chr9:113,275,634-113,276,584+	174
hsa_ires_00526.1|Homo sapiens (human)|chr11:71,582,702-71,582,875-	hsa_ires_00526.1|Homo sapiens (human)|chr11:71,582,702-71,582,875-		Homo sapiens (human)	chr11:71,582,702-71,582,875-	174
hsa_ires_00527.1|Homo sapiens (human)|chr16:75,243,013-75,266,809-	hsa_ires_00527.1|Homo sapiens (human)|chr16:75,243,013-75,266,809-		Homo sapiens (human)	chr16:75,243,013-75,266,809-	174
hsa_ires_00528.1|Homo sapiens (human)|chr5:91,383,093-91,383,266-	hsa_ires_00528.1|Homo sapiens (human)|chr5:91,383,093-91,383,266-		Homo sapiens (human)	chr5:91,383,093-91,383,266-	174
hsa_ires_00529.1|Homo sapiens (human)|chr7:141,738,445-141,739,166+	hsa_ires_00529.1|Homo sapiens (human)|chr7:141,738,445-141,739,166+		Homo sapiens (human)	chr7:141,738,445-141,739,166+	174
hsa_ires_00530.1|Homo sapiens (human)|chr2:177,234,269-177,263,573-	hsa_ires_00530.1|Homo sapiens (human)|chr2:177,234,269-177,263,573-		Homo sapiens (human)	chr2:177,234,269-177,263,573-	174
hsa_ires_00531.1|Homo sapiens (human)|chr11:66,952,430-66,954,383-	hsa_ires_00531.1|Homo sapiens (human)|chr11:66,952,430-66,954,383-		Homo sapiens (human)	chr11:66,952,430-66,954,383-	174
hsa_ires_00532.1|Homo sapiens (human)|chr10:60,778,479-60,780,165+	hsa_ires_00532.1|Homo sapiens (human)|chr10:60,778,479-60,780,165+		Homo sapiens (human)	chr10:60,778,479-60,780,165+	117
hsa_ires_00533.1|Homo sapiens (human)|chr11:85,648,040-85,654,186+	hsa_ires_00533.1|Homo sapiens (human)|chr11:85,648,040-85,654,186+		Homo sapiens (human)	chr11:85,648,040-85,654,186+	174
hsa_ires_00534.1|Homo sapiens (human)|chr17:78,892,330-78,892,503-	hsa_ires_00534.1|Homo sapiens (human)|chr17:78,892,330-78,892,503-		Homo sapiens (human)	chr17:78,892,330-78,892,503-	174
hsa_ires_00535.1|Homo sapiens (human)|chr17:10,036,437-10,036,610-	hsa_ires_00535.1|Homo sapiens (human)|chr17:10,036,437-10,036,610-		Homo sapiens (human)	chr17:10,036,437-10,036,610-	174
hsa_ires_00536.1|Homo sapiens (human)|chrX:65,667,668-65,667,841+	hsa_ires_00536.1|Homo sapiens (human)|chrX:65,667,668-65,667,841+		Homo sapiens (human)	chrX:65,667,668-65,667,841+	174
hsa_ires_00537.1|Homo sapiens (human)|chr10:80,420,294-80,420,467+	hsa_ires_00537.1|Homo sapiens (human)|chr10:80,420,294-80,420,467+		Homo sapiens (human)	chr10:80,420,294-80,420,467+	174
hsa_ires_00538.1|Homo sapiens (human)|chr4:151,175,364-151,175,537-	hsa_ires_00538.1|Homo sapiens (human)|chr4:151,175,364-151,175,537-		Homo sapiens (human)	chr4:151,175,364-151,175,537-	174
hsa_ires_00539.1|Homo sapiens (human)|chr1:207,089,358-207,089,531+	hsa_ires_00539.1|Homo sapiens (human)|chr1:207,089,358-207,089,531+		Homo sapiens (human)	chr1:207,089,358-207,089,531+	174
hsa_ires_00540.1|Homo sapiens (human)|chr12:113,186,207-113,186,746+	hsa_ires_00540.1|Homo sapiens (human)|chr12:113,186,207-113,186,746+		Homo sapiens (human)	chr12:113,186,207-113,186,746+	174
hsa_ires_00541.1|Homo sapiens (human)|chrX:30,246,363-30,250,493+	hsa_ires_00541.1|Homo sapiens (human)|chrX:30,246,363-30,250,493+		Homo sapiens (human)	chrX:30,246,363-30,250,493+	174
hsa_ires_00542.1|Homo sapiens (human)|chr20:21,126,088-21,132,153+	hsa_ires_00542.1|Homo sapiens (human)|chr20:21,126,088-21,132,153+		Homo sapiens (human)	chr20:21,126,088-21,132,153+	174
hsa_ires_00543.1|Homo sapiens (human)|chr9:90,827,447-90,843,898+	hsa_ires_00543.1|Homo sapiens (human)|chr9:90,827,447-90,843,898+		Homo sapiens (human)	chr9:90,827,447-90,843,898+	174
hsa_ires_00544.1|Homo sapiens (human)|chr4:100,517,915-100,518,088-	hsa_ires_00544.1|Homo sapiens (human)|chr4:100,517,915-100,518,088-		Homo sapiens (human)	chr4:100,517,915-100,518,088-	174
hsa_ires_00545.1|Homo sapiens (human)|chr4:6,640,689-6,640,862+	hsa_ires_00545.1|Homo sapiens (human)|chr4:6,640,689-6,640,862+		Homo sapiens (human)	chr4:6,640,689-6,640,862+	174
hsa_ires_00546.1|Homo sapiens (human)|chr12:118,017,878-118,018,051+	hsa_ires_00546.1|Homo sapiens (human)|chr12:118,017,878-118,018,051+		Homo sapiens (human)	chr12:118,017,878-118,018,051+	174
hsa_ires_00547.1|Homo sapiens (human)|chr1:172,442,623-172,442,796-	hsa_ires_00547.1|Homo sapiens (human)|chr1:172,442,623-172,442,796-		Homo sapiens (human)	chr1:172,442,623-172,442,796-	174
hsa_ires_00548.1|Homo sapiens (human)|chr12:91,056,282-91,057,909-	hsa_ires_00548.1|Homo sapiens (human)|chr12:91,056,282-91,057,909-		Homo sapiens (human)	chr12:91,056,282-91,057,909-	174
hsa_ires_00549.1|Homo sapiens (human)|chr12:55,935,312-55,936,503+	hsa_ires_00549.1|Homo sapiens (human)|chr12:55,935,312-55,936,503+		Homo sapiens (human)	chr12:55,935,312-55,936,503+	174
hsa_ires_00550.1|Homo sapiens (human)|chr7:116,526,414-116,526,587+	hsa_ires_00550.1|Homo sapiens (human)|chr7:116,526,414-116,526,587+		Homo sapiens (human)	chr7:116,526,414-116,526,587+	174
hsa_ires_00551.1|Homo sapiens (human)|chr3:51,995,064-51,995,942-	hsa_ires_00551.1|Homo sapiens (human)|chr3:51,995,064-51,995,942-		Homo sapiens (human)	chr3:51,995,064-51,995,942-	174
hsa_ires_00552.1|Homo sapiens (human)|chr12:10,130,083-10,130,256-	hsa_ires_00552.1|Homo sapiens (human)|chr12:10,130,083-10,130,256-		Homo sapiens (human)	chr12:10,130,083-10,130,256-	174
hsa_ires_00553.1|Homo sapiens (human)|chr7:129,630,078-129,657,425+	hsa_ires_00553.1|Homo sapiens (human)|chr7:129,630,078-129,657,425+		Homo sapiens (human)	chr7:129,630,078-129,657,425+	174
hsa_ires_00554.1|Homo sapiens (human)|chr1:69,760,175-69,760,348+	hsa_ires_00554.1|Homo sapiens (human)|chr1:69,760,175-69,760,348+		Homo sapiens (human)	chr1:69,760,175-69,760,348+	174
hsa_ires_00555.1|Homo sapiens (human)|chr17:42,833,854-42,834,181+	hsa_ires_00555.1|Homo sapiens (human)|chr17:42,833,854-42,834,181+		Homo sapiens (human)	chr17:42,833,854-42,834,181+	174
hsa_ires_00556.1|Homo sapiens (human)|chr12:111,943,304-111,991,865-	hsa_ires_00556.1|Homo sapiens (human)|chr12:111,943,304-111,991,865-		Homo sapiens (human)	chr12:111,943,304-111,991,865-	174
hsa_ires_00557.1|Homo sapiens (human)|chr1:216,677,479-216,715,115-	hsa_ires_00557.1|Homo sapiens (human)|chr1:216,677,479-216,715,115-		Homo sapiens (human)	chr1:216,677,479-216,715,115-	174
hsa_ires_00558.1|Homo sapiens (human)|chr15:55,234,935-55,270,890-	hsa_ires_00558.1|Homo sapiens (human)|chr15:55,234,935-55,270,890-		Homo sapiens (human)	chr15:55,234,935-55,270,890-	174
hsa_ires_00559.1|Homo sapiens (human)|chr19:51,354,639-51,354,812-	hsa_ires_00559.1|Homo sapiens (human)|chr19:51,354,639-51,354,812-		Homo sapiens (human)	chr19:51,354,639-51,354,812-	174
hsa_ires_00560.1|Homo sapiens (human)|chr1:177,171,635-177,229,876+	hsa_ires_00560.1|Homo sapiens (human)|chr1:177,171,635-177,229,876+		Homo sapiens (human)	chr1:177,171,635-177,229,876+	174
hsa_ires_00561.1|Homo sapiens (human)|chr3:157,495,350-157,503,487-	hsa_ires_00561.1|Homo sapiens (human)|chr3:157,495,350-157,503,487-		Homo sapiens (human)	chr3:157,495,350-157,503,487-	174
hsa_ires_00562.1|Homo sapiens (human)|chr17:39,917,317-39,917,490-	hsa_ires_00562.1|Homo sapiens (human)|chr17:39,917,317-39,917,490-		Homo sapiens (human)	chr17:39,917,317-39,917,490-	174
hsa_ires_00563.1|Homo sapiens (human)|chr1:25,272,490-25,272,663+	hsa_ires_00563.1|Homo sapiens (human)|chr1:25,272,490-25,272,663+		Homo sapiens (human)	chr1:25,272,490-25,272,663+	174
hsa_ires_00564.1|Homo sapiens (human)|chr9:113,501,427-113,501,600+	hsa_ires_00564.1|Homo sapiens (human)|chr9:113,501,427-113,501,600+		Homo sapiens (human)	chr9:113,501,427-113,501,600+	174
hsa_ires_00565.1|Homo sapiens (human)|chr1:161,118,325-161,118,498+	hsa_ires_00565.1|Homo sapiens (human)|chr1:161,118,325-161,118,498+		Homo sapiens (human)	chr1:161,118,325-161,118,498+	174
hsa_ires_00566.1|Homo sapiens (human)|chr6:13,584,127-13,591,743+	hsa_ires_00566.1|Homo sapiens (human)|chr6:13,584,127-13,591,743+		Homo sapiens (human)	chr6:13,584,127-13,591,743+	174
hsa_ires_00567.1|Homo sapiens (human)|chr1:113,758,704-113,758,877-	hsa_ires_00567.1|Homo sapiens (human)|chr1:113,758,704-113,758,877-		Homo sapiens (human)	chr1:113,758,704-113,758,877-	174
hsa_ires_00568.1|Homo sapiens (human)|chr3:100,114,930-100,160,445+	hsa_ires_00568.1|Homo sapiens (human)|chr3:100,114,930-100,160,445+		Homo sapiens (human)	chr3:100,114,930-100,160,445+	174
hsa_ires_00569.1|Homo sapiens (human)|chr17:32,444,463-32,446,966+	hsa_ires_00569.1|Homo sapiens (human)|chr17:32,444,463-32,446,966+		Homo sapiens (human)	chr17:32,444,463-32,446,966+	174
hsa_ires_00570.1|Homo sapiens (human)|chr13:27,251,555-27,255,243+	hsa_ires_00570.1|Homo sapiens (human)|chr13:27,251,555-27,255,243+		Homo sapiens (human)	chr13:27,251,555-27,255,243+	174
hsa_ires_00571.1|Homo sapiens (human)|chr12:43,755,246-43,758,443-	hsa_ires_00571.1|Homo sapiens (human)|chr12:43,755,246-43,758,443-		Homo sapiens (human)	chr12:43,755,246-43,758,443-	174
hsa_ires_00572.1|Homo sapiens (human)|chr21:44,567,884-44,690,596-	hsa_ires_00572.1|Homo sapiens (human)|chr21:44,567,884-44,690,596-		Homo sapiens (human)	chr21:44,567,884-44,690,596-	174
hsa_ires_00573.1|Homo sapiens (human)|chr4:2,469,242-2,490,493+	hsa_ires_00573.1|Homo sapiens (human)|chr4:2,469,242-2,490,493+		Homo sapiens (human)	chr4:2,469,242-2,490,493+	174
hsa_ires_00575.1|Homo sapiens (human)|chr11:68,896,656-68,900,599-	hsa_ires_00575.1|Homo sapiens (human)|chr11:68,896,656-68,900,599-		Homo sapiens (human)	chr11:68,896,656-68,900,599-	174
hsa_ires_00576.1|Homo sapiens (human)|chr15:41,230,507-41,230,680-	hsa_ires_00576.1|Homo sapiens (human)|chr15:41,230,507-41,230,680-		Homo sapiens (human)	chr15:41,230,507-41,230,680-	174
hsa_ires_00577.1|Homo sapiens (human)|chrX:71,068,299-71,073,426-	hsa_ires_00577.1|Homo sapiens (human)|chrX:71,068,299-71,073,426-		Homo sapiens (human)	chrX:71,068,299-71,073,426-	174
hsa_ires_00578.1|Homo sapiens (human)|chr12:71,839,707-71,861,473+	hsa_ires_00578.1|Homo sapiens (human)|chr12:71,839,707-71,861,473+		Homo sapiens (human)	chr12:71,839,707-71,861,473+	174
hsa_ires_00579.1|Homo sapiens (human)|chr15:98,649,532-98,707,591+	hsa_ires_00579.1|Homo sapiens (human)|chr15:98,649,532-98,707,591+		Homo sapiens (human)	chr15:98,649,532-98,707,591+	174
hsa_ires_00581.1|Homo sapiens (human)|chr2:175,168,177-175,168,206-	hsa_ires_00581.1|Homo sapiens (human)|chr2:175,168,177-175,168,206-		Homo sapiens (human)	chr2:175,168,177-175,168,206-	30
hsa_ires_00582.1|Homo sapiens (human)|chr17:7,676,252-7,676,594-	p53_128-269|Homo sapiens		Homo sapiens (human)		142
hsa_ires_00582.1|Homo sapiens (human)|chr17:7,676,252-7,676,594-	hsa_ires_00582.1|Homo sapiens (human)|chr17:7,676,252-7,676,594-		Homo sapiens (human)	chr17:7,676,252-7,676,594-	117
hsa_ires_00583.1|Homo sapiens (human)|chr20:17,682,064-17,682,243-	hsa_ires_00583.1|Homo sapiens (human)|chr20:17,682,064-17,682,243-		Homo sapiens (human)	chr20:17,682,064-17,682,243-	180
hsa_ires_00584.1|Homo sapiens (human)|chr2:102,337,250-102,338,264+	hsa_ires_00584.1|Homo sapiens (human)|chr2:102,337,250-102,338,264+		Homo sapiens (human)	chr2:102,337,250-102,338,264+	237
hsa_ires_00585.1|Homo sapiens (human)|chr15:98,649,488-98,649,581+	hsa_ires_00585.1|Homo sapiens (human)|chr15:98,649,488-98,649,581+		Homo sapiens (human)	chr15:98,649,488-98,649,581+	94
hsa_ires_00587.1|Homo sapiens (human)|chr7:108,002,886-108,003,204-	hsa_ires_00587.1|Homo sapiens (human)|chr7:108,002,886-108,003,204-		Homo sapiens (human)	chr7:108,002,886-108,003,204-	180
hsa_ires_00588.1|Homo sapiens (human)|chr9:120,926,645-120,926,715-	hsa_ires_00588.1|Homo sapiens (human)|chr9:120,926,645-120,926,715-		Homo sapiens (human)	chr9:120,926,645-120,926,715-	71
hsa_ires_00589.1|Homo sapiens (human)|chr3:41,199,491-41,224,068+	hsa_ires_00589.1|Homo sapiens (human)|chr3:41,199,491-41,224,068+		Homo sapiens (human)	chr3:41,199,491-41,224,068+	228
hsa_ires_00590.1|Homo sapiens (human)|chr11:102,349,768-102,349,917+	hsa_ires_00590.1|Homo sapiens (human)|chr11:102,349,768-102,349,917+		Homo sapiens (human)	chr11:102,349,768-102,349,917+	150
hsa_ires_00591.1|Homo sapiens (human)|chr11:69,641,105-69,641,270+	hsa_ires_00591.1|Homo sapiens (human)|chr11:69,641,105-69,641,270+		Homo sapiens (human)	chr11:69,641,105-69,641,270+	166
hsa_ires_00592.1|Homo sapiens (human)|chr12:12,717,368-12,717,839+	hsa_ires_00592.1|Homo sapiens (human)|chr12:12,717,368-12,717,839+		Homo sapiens (human)	chr12:12,717,368-12,717,839+	472
hsa_ires_00594.1|Homo sapiens (human)|chr18:26,862,563-26,862,910-	hsa_ires_00594.1|Homo sapiens (human)|chr18:26,862,563-26,862,910-		Homo sapiens (human)	chr18:26,862,563-26,862,910-	348
hsa_ires_00595.1|Homo sapiens (human)|chr3:148,697,903-148,697,942+	hsa_ires_00595.1|Homo sapiens (human)|chr3:148,697,903-148,697,942+		Homo sapiens (human)	chr3:148,697,903-148,697,942+	40
hsa_ires_00598.1|Homo sapiens (human)|chr8:127,736,244-127,736,610+	CM000670.2:127736244-127736545 Homo sapiens IRES_c-myc Homo sapiens chromosome 8, GRCh38 reference primary assembly.		Homo sapiens (human)		302
hsa_ires_00599.1|Homo sapiens (human)|chr12:48,716,676-48,716,990-	hsa_ires_00599.1|Homo sapiens (human)|chr12:48,716,676-48,716,990-		Homo sapiens (human)	chr12:48,716,676-48,716,990-	315
hsa_ires_00600.1|Homo sapiens (human)|chr3:184,320,569-184,320,669+	hsa_ires_00600.1|Homo sapiens (human)|chr3:184,320,569-184,320,669+		Homo sapiens (human)	chr3:184,320,569-184,320,669+	101
hsa_ires_00602.1|Homo sapiens (human)|chrX:147,911,951-147,912,179+	hsa_ires_00602.1|Homo sapiens (human)|chrX:147,911,951-147,912,179+		Homo sapiens (human)	chrX:147,911,951-147,912,179+	229
hsa_ires_00602.1|Homo sapiens (human)|chrX:147,911,951-147,912,179+	hsa_ires_00602.1|Homo sapiens (human)|chrX:147,911,951-147,912,179+		Homo sapiens (human)	chrX:147,911,951-147,912,179+	229
hsa_ires_00605.1|Homo sapiens (human)|chr20:56,388,198-56,392,295-	hsa_ires_00614.1|Homo sapiens (human)|chr20:56,388,198-56,392,295-		Homo sapiens (human)	chr20:56,388,198-56,392,295-	147
hsa_ires_00605.1|Homo sapiens (human)|chr20:56,388,198-56,392,295-	hsa_ires_00605.1|Homo sapiens (human)|chr20:56,388,198-56,392,295-		Homo sapiens (human)	chr20:56,388,198-56,392,295-	133
hsa_ires_00606.1|Homo sapiens (human)|chr1:39,901,435-39,902,015-	CM000663.2:39902015-39901795 Homo sapiens IRES_L-myc Homo sapiens chromosome 1, GRCh38 reference primary assembly.		Homo sapiens (human)		221
hsa_ires_00609.1|Homo sapiens (human)|chr8:92,062,553-92,062,751-	hsa_ires_00609.1|Homo sapiens (human)|chr8:92,062,553-92,062,751-		Homo sapiens (human)	chr8:92,062,553-92,062,751-	199
hsa_ires_00609.1|Homo sapiens (human)|chr8:92,062,553-92,062,751-	hsa_ires_00609.1|Homo sapiens (human)|chr8:92,062,553-92,062,751-		Homo sapiens (human)	chr8:92,062,553-92,062,751-	199
hsa_ires_00610.1|Homo sapiens (human)|chr6:135,181,316-135,181,465+	MYB|Homo sapiens		Homo sapiens (human)		150
hsa_ires_00610.1|Homo sapiens (human)|chr6:135,181,316-135,181,465+	hsa_ires_00610.1|Homo sapiens (human)|chr6:135,181,316-135,181,465+		Homo sapiens (human)	chr6:135,181,316-135,181,465+	150
hsa_ires_00612.1|Homo sapiens (human)|chr22:39,244,116-39,244,511-	hsa_ires_00612.1|Homo sapiens (human)|chr22:39,244,116-39,244,511-		Homo sapiens (human)	chr22:39,244,116-39,244,511-	396
hsa_ires_00615.1|Homo sapiens (human)|chr6:31,166,038-31,166,068-	hsa_ires_00615.1|Homo sapiens (human)|chr6:31,166,038-31,166,068-		Homo sapiens (human)	chr6:31,166,038-31,166,068-	31
hsa_ires_00616.1|Homo sapiens (human)|chr6:43,770,953-43,771,246+	CM000668.2:43770953-43771261 Homo sapiens IRES_VEGF_A Homo sapiens chromosome 6, GRCh38 reference primary assembly.		Homo sapiens (human)		309
hsa_ires_00617.1|Homo sapiens (human)|chr8:130358143-130358298-	hsa_ires_00617.1|Homo sapiens (human)|chr8:130358143-130358298-		Homo sapiens (human)	chr8:130358143-130358298-	156
hsa_ires_00618.1|Homo sapiens (human)|NA	MYT2_997-1152|Homo sapiens		Homo sapiens (human)		156
hsa_ires_00618.1|Homo sapiens (human)|NA	hsa_ires_00618.1|Homo sapiens (human)|NA		Homo sapiens (human)	Homo sapiens human	149
hsa_ires_00621.1|Homo sapiens (human)|chrX:123885493-123885662+	hsa_ires_00621.1|Homo sapiens (human)|chrX:123885493-123885662+		Homo sapiens (human)	chrX:123885493-123885662+	170
hsa_ires_00622.1|Homo sapiens (human)|chr4:152,411,804-152,411,865-	hsa_ires_00622.1|Homo sapiens (human)|chr4:152,411,804-152,411,865-		Homo sapiens (human)	chr4:152,411,804-152,411,865-	62
hsa_ires_00623.1|Homo sapiens (human)|chr6:145,888,051-145,893,291-	hsa_ires_00623.1|Homo sapiens (human)|chr6:145,888,051-145,893,291-		Homo sapiens (human)	chr6:145,888,051-145,893,291-	127
hsa_ires_00624.1|Homo sapiens (human)|chr15:64,499,293-64,500,166+	hsa_ires_00624.1|Homo sapiens (human)|chr15:64,499,293-64,500,166+		Homo sapiens (human)	chr15:64,499,293-64,500,166+	211
hsa_ires_00625.1|Homo sapiens (human)|NA	hsa_ires_00625.1|Homo sapiens (human)|NA		Homo sapiens (human)	Homo sapiens human	90
hsa_ires_00626.1|Homo sapiens (human)|NA	hsa_ires_00626.1|Homo sapiens (human)|NA		Homo sapiens (human)	Homo sapiens human	75
hsa_ires_00627.1|Homo sapiens (human)|NA	hsa_ires_00627.1|Homo sapiens (human)|NA		Homo sapiens (human)	Homo sapiens human	72
hsa_ires_00628.1|Homo sapiens (human)|NA	hsa_ires_00628.1|Homo sapiens (human)|NA		Homo sapiens (human)	Homo sapiens human	78
hsa_ires_00629.1|Homo sapiens (human)|NA	hsa_ires_00629.1|Homo sapiens (human)|NA		Homo sapiens (human)	Homo sapiens human	75
hsa_ires_00630.1|Homo sapiens (human)|NA	hsa_ires_00630.1|Homo sapiens (human)|NA		Homo sapiens (human)	Homo sapiens human	96
hsa_ires_00631.1|Homo sapiens (human)|NA	hsa_ires_00631.1|Homo sapiens (human)|NA		Homo sapiens (human)	Homo sapiens human	54
hsa_ires_00632.1|Homo sapiens (human)|NA	hsa_ires_00632.1|Homo sapiens (human)|NA		Homo sapiens (human)	Homo sapiens human	72
hsa_ires_00633.1|Homo sapiens (human)|NA	hsa_ires_00633.1|Homo sapiens (human)|NA		Homo sapiens (human)	Homo sapiens human	90
hsa_ires_00634.1|Homo sapiens (human)|NA	hsa_ires_00634.1|Homo sapiens (human)|NA		Homo sapiens (human)	Homo sapiens human	87
hsa_ires_00635.1|Homo sapiens (human)|NA	hsa_ires_00635.1|Homo sapiens (human)|NA		Homo sapiens (human)	Homo sapiens human	75
hsa_ires_00636.1|Homo sapiens (human)|NA	hsa_ires_00636.1|Homo sapiens (human)|NA		Homo sapiens (human)	Homo sapiens human	80
hsa_ires_00637.1|Homo sapiens (human)|chr2:239,195,174-239,195,422-	hsa_ires_00637.1|Homo sapiens (human)|chr2:239,195,174-239,195,422-		Homo sapiens (human)	chr2:239,195,174-239,195,422-	249
hsa_ires_00638.1|Homo sapiens (human)|chr2:239,194,229-239,194,451-	hsa_ires_00638.1|Homo sapiens (human)|chr2:239,194,229-239,194,451-		Homo sapiens (human)	chr2:239,194,229-239,194,451-	223
hsa_ires_00640.1|Homo sapiens (human)|chr9:84,670,472-84,670,748+	hsa_ires_00640.1|Homo sapiens (human)|chr9:84,670,472-84,670,748+		Homo sapiens (human)	chr9:84,670,472-84,670,748+	277
hsa_ires_00641.1|Homo sapiens (human)|chr20:54,173,580-54,173,977-	CM000682.2:54173977-54173577 Homo sapiens IRES_cyp24a1 Homo sapiens chromosome 20, GRCh38 reference primary assembly.		Homo sapiens (human)		401
hsa_ires_00641.1|Homo sapiens (human)|chr20:54,173,580-54,173,977-	hsa_ires_00641.1|Homo sapiens (human)|chr20:54,173,580-54,173,977-		Homo sapiens (human)	chr20:54,173,580-54,173,977-	398
hsa_ires_00642.1|Homo sapiens (human)|chr5:112,775,731-112,780,810+	hsa_ires_00642.1|Homo sapiens (human)|chr5:112,775,731-112,780,810+		Homo sapiens (human)	chr5:112,775,731-112,780,810+	28
hsa_ires_00643.1|Homo sapiens (human)|chr6:43,770,299-43,770,691+	hsa_ires_00643.1|Homo sapiens (human)|chr6:43,770,299-43,770,691+		Homo sapiens (human)	chr6:43,770,299-43,770,691+	393
hsa_ires_00645.1|Homo sapiens (human)|chr8:22,129,171-22,131,052-	hsa_ires_00645.1|Homo sapiens (human)|chr8:22,129,171-22,131,052-		Homo sapiens (human)	chr8:22,129,171-22,131,052-	665
hsa_ires_00646.1|Homo sapiens (human)|chr12:76,074,220-76,084,685-	hsa_ires_00646.1|Homo sapiens (human)|chr12:76,074,220-76,084,685-		Homo sapiens (human)	chr12:76,074,220-76,084,685-	139
hsa_ires_00647.1|Homo sapiens (human)|chr2:169,798,871-169,798,950+	hsa_ires_00647.1|Homo sapiens (human)|chr2:169,798,871-169,798,950+		Homo sapiens (human)	chr2:169,798,871-169,798,950+	80
hsa_ires_00648.1|Homo sapiens (human)|chr2:169,799,178-169,800,960+	hsa_ires_00648.1|Homo sapiens (human)|chr2:169,799,178-169,800,960+		Homo sapiens (human)	chr2:169,799,178-169,800,960+	348
hsa_ires_00649.1|Homo sapiens (human)|chr1:85,580,865-85,580,984+	hsa_ires_00649.1|Homo sapiens (human)|chr1:85,580,865-85,580,984+		Homo sapiens (human)	chr1:85,580,865-85,580,984+	120
hsa_ires_00650.1|Homo sapiens (human)|chr19:7,294,162-7,294,342-	hsa_ires_00650.1|Homo sapiens (human)|chr19:7,294,162-7,294,342-		Homo sapiens (human)	chr19:7,294,162-7,294,342-	181
hsa_ires_00651.1|Homo sapiens (human)|chr4:122,826,708-122,826,866+	hsa_ires_00651.1|Homo sapiens (human)|chr4:122,826,708-122,826,866+		Homo sapiens (human)	chr4:122,826,708-122,826,866+	159
hsa_ires_00652.1|Homo sapiens (human)|chr17:18,355,982-18,363,542-	hsa_ires_00652.1|Homo sapiens (human)|chr17:18,355,982-18,363,542-		Homo sapiens (human)	chr17:18,355,982-18,363,542-	190
hsa_ires_00653.1|Homo sapiens (human)|chr20:56,388,198-56,392,295-	hsa_ires_00653.1|Homo sapiens (human)|chr20:56,388,198-56,392,295-		Homo sapiens (human)	chr20:56,388,198-56,392,295-	257
hsa_ires_00654.1|Homo sapiens (human)|chr3:41,225,550-41,225,743+	hsa_ires_00654.1|Homo sapiens (human)|chr3:41,225,550-41,225,743+		Homo sapiens (human)	chr3:41,225,550-41,225,743+	107
hsa_ires_00655.1|Homo sapiens (human)|chr7:131,108,573-131,108,803-	hsa_ires_00655.1|Homo sapiens (human)|chr7:131,108,573-131,108,803-		Homo sapiens (human)	chr7:131,108,573-131,108,803-	231
hsa_ires_00656.1|Homo sapiens (human)|chr1:145,996,441-145,996,607-	hsa_ires_00656.1|Homo sapiens (human)|chr1:145,996,441-145,996,607-		Homo sapiens (human)	chr1:145,996,441-145,996,607-	167
hsa_ires_00657.1|Homo sapiens (human)|chr17:45,894,464-45,962,337+	hsa_ires_00657.1|Homo sapiens (human)|chr17:45,894,464-45,962,337+		Homo sapiens (human)	chr17:45,894,464-45,962,337+	240
hsa_ires_00658.1|Homo sapiens (human)|chr3:69,936,642-69,936,722+	hsa_ires_00658.1|Homo sapiens (human)|chr3:69,936,642-69,936,722+		Homo sapiens (human)	chr3:69,936,642-69,936,722+	81
hsa_ires_00659.1|Homo sapiens (human)|chr15:43,800,421-43,800,622+	hsa_ires_00659.1|Homo sapiens (human)|chr15:43,800,421-43,800,622+		Homo sapiens (human)	chr15:43,800,421-43,800,622+	202
hsa_ires_00660.1|Homo sapiens (human)|chr2:218,217,094-218,217,470+	hsa_ires_00660.1|Homo sapiens (human)|chr2:218,217,094-218,217,470+		Homo sapiens (human)	chr2:218,217,094-218,217,470+	169
hsa_ires_00661.1|Homo sapiens (human)|chr6:24,666,763-24,666,861-	hsa_ires_00661.1|Homo sapiens (human)|chr6:24,666,763-24,666,861-		Homo sapiens (human)	chr6:24,666,763-24,666,861-	99
hsa_ires_00662.1|Homo sapiens (human)|chr9:95,508,362-95,508,549-	hsa_ires_00662.1|Homo sapiens (human)|chr9:95,508,362-95,508,549-		Homo sapiens (human)	chr9:95,508,362-95,508,549-	188
hsa_ires_00663.1|Homo sapiens (human)|chr15:73,994,713-73,994,812+	hsa_ires_00663.1|Homo sapiens (human)|chr15:73,994,713-73,994,812+		Homo sapiens (human)	chr15:73,994,713-73,994,812+	100
hsa_ires_00664.1|Homo sapiens (human)|chr4:89,835,668-89,837,199-	hsa_ires_00664.1|Homo sapiens (human)|chr4:89,835,668-89,837,199-		Homo sapiens (human)	chr4:89,835,668-89,837,199-	263
hsa_ires_00665.1|Homo sapiens (human)|chr20:49,154,034-49,188,370-	hsa_ires_00665.1|Homo sapiens (human)|chr20:49,154,034-49,188,370-		Homo sapiens (human)	chr20:49,154,034-49,188,370-	368
hsa_ires_00665.1|Homo sapiens (human)|chr20:49,154,034-49,188,370-	hsa_ires_00665.1|Homo sapiens (human)|chr20:49,154,034-49,188,370-		Homo sapiens (human)	chr20:49,154,034-49,188,370-	368
hsa_ires_00666.1|Homo sapiens (human)|chr20:49,154,034-49,188,370-	hsa_ires_00666.1|Homo sapiens (human)|chr20:49,154,034-49,188,370-		Homo sapiens (human)	chr20:49,154,034-49,188,370-	293
hsa_ires_00669.1|Homo sapiens (human)|chr20:49,166,202-49,188,370-	hsa_ires_00669.1|Homo sapiens (human)|chr20:49,166,202-49,188,370-		Homo sapiens (human)	chr20:49,166,202-49,188,370-	537
hsa_ires_00670.1|Homo sapiens (human)|chr20:37,346,154-37,384,186+	hsa_ires_00670.1|Homo sapiens (human)|chr20:37,346,154-37,384,186+		Homo sapiens (human)	chr20:37,346,154-37,384,186+	381
hsa_ires_00671.1|Homo sapiens (human)|chr15:40,929,333-40,929,668+	hsa_ires_00671.1|Homo sapiens (human)|chr15:40,929,333-40,929,668+		Homo sapiens (human)	chr15:40,929,333-40,929,668+	336
hsa_ires_00673.1|Homo sapiens (human)|chr22:18,157,664-18,157,768+	hsa_ires_00673.1|Homo sapiens (human)|chr22:18,157,664-18,157,768+		Homo sapiens (human)	chr22:18,157,664-18,157,768+	105
hsa_ires_00675.1|Homo sapiens (human)|chr1:27,914,444-27,914,583-	hsa_ires_00675.1|Homo sapiens (human)|chr1:27,914,444-27,914,583-		Homo sapiens (human)	chr1:27,914,444-27,914,583-	140
hsa_ires_00676.1|Homo sapiens (human)|chr10:74,176,554-74,176,872+	hsa_ires_00676.1|Homo sapiens (human)|chr10:74,176,554-74,176,872+		Homo sapiens (human)	chr10:74,176,554-74,176,872+	319
hsa_ires_00677.1|Homo sapiens (human)|chr17:17,836,818-17,837,003-	hsa_ires_00677.1|Homo sapiens (human)|chr17:17,836,818-17,837,003-		Homo sapiens (human)	chr17:17,836,818-17,837,003-	186
hsa_ires_00679.1|Homo sapiens (human)|chr19:852,941-853,003+	hsa_ires_00679.1|Homo sapiens (human)|chr19:852,941-853,003+		Homo sapiens (human)	chr19:852,941-853,003+	63
hsa_ires_00680.1|Homo sapiens (human)|chr13:21,671,818-21,671,912+	hsa_ires_00680.1|Homo sapiens (human)|chr13:21,671,818-21,671,912+		Homo sapiens (human)	chr13:21,671,818-21,671,912+	95
hsa_ires_00681.1|Homo sapiens (human)|chr7:135,927,559-135,927,656-	hsa_ires_00681.1|Homo sapiens (human)|chr7:135,927,559-135,927,656-		Homo sapiens (human)	chr7:135,927,559-135,927,656-	98
hsa_ires_00682.1|Homo sapiens (human)|chr8:11,704,244-11,708,312+	hsa_ires_00682.1|Homo sapiens (human)|chr8:11,704,244-11,708,312+		Homo sapiens (human)	chr8:11,704,244-11,708,312+	518
hsa_ires_00683.1|Homo sapiens (human)|chr17:41,715,342-41,715,436+	hsa_ires_00683.1|Homo sapiens (human)|chr17:41,715,342-41,715,436+		Homo sapiens (human)	chr17:41,715,342-41,715,436+	94
hsa_ires_00684.1|Homo sapiens (human)|chr21:26,170,621-26,170,767-	hsa_ires_00684.1|Homo sapiens (human)|chr21:26,170,621-26,170,767-		Homo sapiens (human)	chr21:26,170,621-26,170,767-	147
hsa_ires_00685.1|Homo sapiens (human)|chr13:29,553,761-29,595,584-	hsa_ires_00685.1|Homo sapiens (human)|chr13:29,553,761-29,595,584-		Homo sapiens (human)	chr13:29,553,761-29,595,584-	278
hsa_ires_00686.1|Homo sapiens (human)|chr1:3,652,565-3,707,587+	hsa_ires_00686.1|Homo sapiens (human)|chr1:3,652,565-3,707,587+		Homo sapiens (human)	chr1:3,652,565-3,707,587+	335
hsa_ires_00687.1|Homo sapiens (human)|chr20:23,049,505-23,049,664-	hsa_ires_00687.1|Homo sapiens (human)|chr20:23,049,505-23,049,664-		Homo sapiens (human)	chr20:23,049,505-23,049,664-	160
hsa_ires_00688.1|Homo sapiens (human)|chr13:51,034,096-51,066,006-	hsa_ires_00688.1|Homo sapiens (human)|chr13:51,034,096-51,066,006-		Homo sapiens (human)	chr13:51,034,096-51,066,006-	194
hsa_ires_00689.1|Homo sapiens (human)|chr9:87,726,220-87,726,396+	hsa_ires_00689.1|Homo sapiens (human)|chr9:87,726,220-87,726,396+		Homo sapiens (human)	chr9:87,726,220-87,726,396+	177
hsa_ires_00690.1|Homo sapiens (human)|chr13:20,189,591-20,192,943-	hsa_ires_00690.1|Homo sapiens (human)|chr13:20,189,591-20,192,943-		Homo sapiens (human)	chr13:20,189,591-20,192,943-	174
LamB1_-335_-1|Homo sapiens	LamB1_-335_-1|Homo sapiens		Homo sapiens (human)		335
L-myc|Homo sapiens	L-myc|Homo sapiens		Homo sapiens (human)		52
mmu_ires_00027.1|Mus musculus (house mouse)	hsa_ires_00672.1|Homo sapiens (human)|chr6:45,328,317-45,328,729+		Homo sapiens (human)	chr6:45,328,317-45,328,729+	213
n-MYC|Homo sapiens	n-MYC|Homo sapiens		Homo sapiens (human)		320
NRF_-653_-17|Homo sapiens	NRF_-653_-17|Homo sapiens		Homo sapiens (human)		637
p27kip1|Homo sapiens	p27kip1|Homo sapiens		Homo sapiens (human)		152
Pim-1|Homo sapiens	Pim-1|Homo sapiens		Homo sapiens (human)		396
PITSLRE_p58|Homo sapiens	PITSLRE_p58|Homo sapiens		Homo sapiens (human)		381
UNR|Homo sapiens	UNR|Homo sapiens		Homo sapiens (human)		429
XIAP_5-464|Homo sapiens	XIAP_5-464|Homo sapiens		Homo sapiens (human)		460
XIAP_5-464|Homo sapiens	XIAP_5-464|Homo sapiens		Homo sapiens (human)		460
KX883290.1:6822-7013 Hubei picorna-like virus 15 IRES_Cripavirus Hubei picorna-like virus 15 strain arthropodmix13755 hypothetical protein 1 and hypothetical protein 2 genes, complete cds.	KX883290.1:6822-7013 Hubei picorna-like virus 15 IRES_Cripavirus Hubei picorna-like virus 15 strain arthropodmix13755 hypothetical protein 1 and hypothetical protein 2 genes, complete cds.		Hubei picorna-like virus 15		192
vir_ires_00015.1	vir_ires_00015.1		Human adenovirus 5 (HAdV5)		174
vir_ires_00016.1	vir_ires_00016.1		Human adenovirus 5 (HAdV5)		174
vir_ires_00017.1	vir_ires_00017.1		Human adenovirus 5 (HAdV5)		174
vir_ires_00018.1	vir_ires_00018.1		Human adenovirus 5 (HAdV5)		174
vir_ires_00019.1	vir_ires_00019.1		Human adenovirus 5 (HAdV5)		174
vir_ires_00019.1	vir_ires_00019.1		Human adenovirus 5 (HAdV5)		174
vir_ires_00445.1	vir_ires_00445.1		Human adenovirus 5 (HAdV5)		174
vir_ires_00407.1	vir_ires_00407.1		Human adenovirus 54 (HAdV-54)		174
vir_ires_00408.1	vir_ires_00408.1		Human adenovirus 54 (HAdV-54)		174
vir_ires_00410.1	vir_ires_00410.1		Human adenovirus 54 (HAdV-54)		174
vir_ires_00446.1	vir_ires_00446.1		Human adenovirus 54 (HAdV-54)		174
vir_ires_00449.1	vir_ires_00449.1		Human adenovirus 54 (HAdV-54)		174
vir_ires_00451.1	vir_ires_00451.1		Human adenovirus 54 (HAdV-54)		174
vir_ires_00467.1	vir_ires_00467.1		Human adenovirus 54 (HAdV-54)		174
vir_ires_00022.1	vir_ires_00022.1		Human adenovirus 7 (HAdV7)		174
vir_ires_00022.1	vir_ires_00022.1		Human adenovirus 7 (HAdV7)		174
vir_ires_00024.1	vir_ires_00024.1		Human adenovirus 7 (HAdV7)		174
vir_ires_00025.1	vir_ires_00025.1		Human adenovirus 7 (HAdV7)		174
vir_ires_00031.1	vir_ires_00031.1		Human adenovirus 7 (HAdV7)		174
vir_ires_00032.1	vir_ires_00032.1		Human adenovirus 7 (HAdV7)		174
vir_ires_00432.1	vir_ires_00027.1		Human adenovirus 7 (HAdV7)		174
vir_ires_00235.1	vir_ires_00235.1		Human alphaherpesvirus 1 (Herpes simplex virus 1, HHV-1)		174
vir_ires_00236.1	vir_ires_00236.1		Human alphaherpesvirus 1 (Herpes simplex virus 1, HHV-1)		174
vir_ires_00237.1	vir_ires_00237.1		Human alphaherpesvirus 1 (Herpes simplex virus 1, HHV-1)		174
vir_ires_00238.1	vir_ires_00238.1		Human alphaherpesvirus 1 (Herpes simplex virus 1, HHV-1)		174
vir_ires_00239.1	vir_ires_00239.1		Human alphaherpesvirus 1 (Herpes simplex virus 1, HHV-1)		174
vir_ires_00240.1	vir_ires_00240.1		Human alphaherpesvirus 1 (Herpes simplex virus 1, HHV-1)		174
vir_ires_00241.1	vir_ires_00241.1		Human alphaherpesvirus 1 (Herpes simplex virus 1, HHV-1)		174
vir_ires_00242.1	vir_ires_00242.1		Human alphaherpesvirus 1 (Herpes simplex virus 1, HHV-1)		174
vir_ires_00243.1	vir_ires_00243.1		Human alphaherpesvirus 1 (Herpes simplex virus 1, HHV-1)		174
vir_ires_00227.1	vir_ires_00227.1		Human alphaherpesvirus 2 (Herpes simplex virus 2, HHV-2)		174
vir_ires_00228.1	vir_ires_00228.1		Human alphaherpesvirus 2 (Herpes simplex virus 2, HHV-2)		174
vir_ires_00229.1	vir_ires_00229.1		Human alphaherpesvirus 2 (Herpes simplex virus 2, HHV-2)		174
vir_ires_00230.1	vir_ires_00230.1		Human alphaherpesvirus 2 (Herpes simplex virus 2, HHV-2)		174
vir_ires_00231.1	vir_ires_00231.1		Human alphaherpesvirus 2 (Herpes simplex virus 2, HHV-2)		174
vir_ires_00232.1	vir_ires_00232.1		Human alphaherpesvirus 2 (Herpes simplex virus 2, HHV-2)		174
vir_ires_00233.1	vir_ires_00233.1		Human alphaherpesvirus 2 (Herpes simplex virus 2, HHV-2)		174
vir_ires_00072.1	vir_ires_00072.1		Human alphaherpesvirus 3 (HHV-3)		174
vir_ires_00073.1	vir_ires_00073.1		Human alphaherpesvirus 3 (HHV-3)		174
vir_ires_00074.1	vir_ires_00074.1		Human alphaherpesvirus 3 (HHV-3)		174
vir_ires_00075.1	vir_ires_00075.1		Human alphaherpesvirus 3 (HHV-3)		174
vir_ires_00076.1	vir_ires_00076.1		Human alphaherpesvirus 3 (HHV-3)		174
vir_ires_00077.1	vir_ires_00077.1		Human alphaherpesvirus 3 (HHV-3)		174
vir_ires_00078.1	vir_ires_00078.1		Human alphaherpesvirus 3 (HHV-3)		174
vir_ires_00079.1	vir_ires_00079.1		Human alphaherpesvirus 3 (HHV-3)		174
vir_ires_00080.1	vir_ires_00080.1		Human alphaherpesvirus 3 (HHV-3)		174
vir_ires_00081.1	vir_ires_00081.1		Human alphaherpesvirus 3 (HHV-3)		174
vir_ires_00082.1	vir_ires_00082.1		Human alphaherpesvirus 3 (HHV-3)		174
vir_ires_00083.1	vir_ires_00083.1		Human alphaherpesvirus 3 (HHV-3)		174
vir_ires_00084.1	vir_ires_00084.1		Human alphaherpesvirus 3 (HHV-3)		174
vir_ires_00085.1	vir_ires_00085.1		Human alphaherpesvirus 3 (HHV-3)		174
vir_ires_00086.1	vir_ires_00086.1		Human alphaherpesvirus 3 (HHV-3)		174
vir_ires_00087.1	vir_ires_00087.1		Human alphaherpesvirus 3 (HHV-3)		174
vir_ires_00088.1	vir_ires_00088.1		Human alphaherpesvirus 3 (HHV-3)		174
vir_ires_00089.1	vir_ires_00089.1		Human alphaherpesvirus 3 (HHV-3)		174
vir_ires_00090.1	vir_ires_00090.1		Human alphaherpesvirus 3 (HHV-3)		174
vir_ires_00524.1	vir_ires_00524.1		Human betaherpesvirus 5		663
vir_ires_00297.1	vir_ires_00297.1		Human betaherpesvirus 5 (HHV-5;  HCMV)		174
vir_ires_00298.1	vir_ires_00298.1		Human betaherpesvirus 5 (HHV-5;  HCMV)		174
vir_ires_00299.1	vir_ires_00299.1		Human betaherpesvirus 5 (HHV-5;  HCMV)		174
vir_ires_00300.1	vir_ires_00300.1		Human betaherpesvirus 5 (HHV-5;  HCMV)		174
vir_ires_00301.1	vir_ires_00301.1		Human betaherpesvirus 5 (HHV-5;  HCMV)		174
vir_ires_00302.1	vir_ires_00302.1		Human betaherpesvirus 5 (HHV-5;  HCMV)		174
vir_ires_00303.1	vir_ires_00303.1		Human betaherpesvirus 5 (HHV-5;  HCMV)		174
vir_ires_00304.1	vir_ires_00304.1		Human betaherpesvirus 5 (HHV-5;  HCMV)		174
vir_ires_00305.1	vir_ires_00305.1		Human betaherpesvirus 5 (HHV-5;  HCMV)		174
vir_ires_00306.1	vir_ires_00306.1		Human betaherpesvirus 5 (HHV-5;  HCMV)		174
vir_ires_00307.1	vir_ires_00307.1		Human betaherpesvirus 5 (HHV-5;  HCMV)		174
vir_ires_00308.1	vir_ires_00308.1		Human betaherpesvirus 5 (HHV-5;  HCMV)		174
vir_ires_00309.1	vir_ires_00309.1		Human betaherpesvirus 5 (HHV-5;  HCMV)		174
vir_ires_00310.1	vir_ires_00310.1		Human betaherpesvirus 5 (HHV-5;  HCMV)		174
vir_ires_00311.1	vir_ires_00311.1		Human betaherpesvirus 5 (HHV-5;  HCMV)		174
vir_ires_00312.1	vir_ires_00312.1		Human betaherpesvirus 5 (HHV-5;  HCMV)		174
vir_ires_00313.1	vir_ires_00313.1		Human betaherpesvirus 5 (HHV-5;  HCMV)		174
vir_ires_00314.1	vir_ires_00314.1		Human betaherpesvirus 5 (HHV-5;  HCMV)		174
vir_ires_00315.1	vir_ires_00315.1		Human betaherpesvirus 5 (HHV-5;  HCMV)		174
vir_ires_00316.1	vir_ires_00316.1		Human betaherpesvirus 5 (HHV-5;  HCMV)		174
vir_ires_00175.1	vir_ires_00175.1		Human betaherpesvirus 6A (HHV-6A)		174
vir_ires_00176.1	vir_ires_00176.1		Human betaherpesvirus 6A (HHV-6A)		174
vir_ires_00177.1	vir_ires_00177.1		Human betaherpesvirus 6A (HHV-6A)		174
vir_ires_00178.1	vir_ires_00178.1		Human betaherpesvirus 6A (HHV-6A)		174
vir_ires_00179.1	vir_ires_00179.1		Human betaherpesvirus 6A (HHV-6A)		174
vir_ires_00180.1	vir_ires_00180.1		Human betaherpesvirus 6A (HHV-6A)		174
vir_ires_00181.1	vir_ires_00181.1		Human betaherpesvirus 6A (HHV-6A)		174
vir_ires_00181.1	vir_ires_00181.1		Human betaherpesvirus 6A (HHV-6A)		174
vir_ires_00182.1	vir_ires_00182.1		Human betaherpesvirus 6A (HHV-6A)		174
vir_ires_00182.1	vir_ires_00182.1		Human betaherpesvirus 6A (HHV-6A)		174
vir_ires_00183.1	vir_ires_00183.1		Human betaherpesvirus 6A (HHV-6A)		174
vir_ires_00184.1	vir_ires_00184.1		Human betaherpesvirus 6A (HHV-6A)		174
vir_ires_00185.1	vir_ires_00185.1		Human betaherpesvirus 6A (HHV-6A)		174
vir_ires_00187.1	vir_ires_00187.1		Human betaherpesvirus 6A (HHV-6A)		174
vir_ires_00424.1	vir_ires_00424.1		Human betaherpesvirus 6A (HHV-6A)		174
vir_ires_00426.1	vir_ires_00426.1		Human betaherpesvirus 6A (HHV-6A)		174
vir_ires_00429.1	vir_ires_00429.1		Human betaherpesvirus 6A (HHV-6A)		174
vir_ires_00429.1	vir_ires_00429.1		Human betaherpesvirus 6A (HHV-6A)		174
vir_ires_00434.1	vir_ires_00434.1		Human betaherpesvirus 6A (HHV-6A)		174
vir_ires_00435.1	vir_ires_00435.1		Human betaherpesvirus 6A (HHV-6A)		174
vir_ires_00441.1	vir_ires_00441.1		Human betaherpesvirus 6A (HHV-6A)		174
vir_ires_00458.1	vir_ires_00458.1		Human betaherpesvirus 6A (HHV-6A)		174
vir_ires_00463.1	vir_ires_00463.1		Human betaherpesvirus 6A (HHV-6A)		174
vir_ires_00045.1	vir_ires_00045.1		Human betaherpesvirus 6B (HHV-6B)		174
vir_ires_00046.1	vir_ires_00046.1		Human betaherpesvirus 6B (HHV-6B)		174
vir_ires_00048.1	vir_ires_00048.1		Human betaherpesvirus 6B (HHV-6B)		174
vir_ires_00049.1	vir_ires_00049.1		Human betaherpesvirus 6B (HHV-6B)		174
vir_ires_00050.1	vir_ires_00050.1		Human betaherpesvirus 6B (HHV-6B)		174
vir_ires_00051.1	vir_ires_00051.1		Human betaherpesvirus 6B (HHV-6B)		174
vir_ires_00052.1	vir_ires_00052.1		Human betaherpesvirus 6B (HHV-6B)		174
vir_ires_00053.1	vir_ires_00053.1		Human betaherpesvirus 6B (HHV-6B)		174
vir_ires_00054.1	vir_ires_00054.1		Human betaherpesvirus 6B (HHV-6B)		174
vir_ires_00055.1	vir_ires_00055.1		Human betaherpesvirus 6B (HHV-6B)		174
vir_ires_00056.1	vir_ires_00056.1		Human betaherpesvirus 6B (HHV-6B)		174
vir_ires_00057.1	vir_ires_00057.1		Human betaherpesvirus 6B (HHV-6B)		174
vir_ires_00059.1	vir_ires_00059.1		Human betaherpesvirus 6B (HHV-6B)		174
vir_ires_00060.1	vir_ires_00060.1		Human betaherpesvirus 6B (HHV-6B)		174
vir_ires_00062.1	vir_ires_00062.1		Human betaherpesvirus 6B (HHV-6B)		174
vir_ires_00064.1	vir_ires_00064.1		Human betaherpesvirus 6B (HHV-6B)		174
vir_ires_00065.1	vir_ires_00065.1		Human betaherpesvirus 6B (HHV-6B)		174
vir_ires_00066.1	vir_ires_00066.1		Human betaherpesvirus 6B (HHV-6B)		174
vir_ires_00067.1	vir_ires_00067.1		Human betaherpesvirus 6B (HHV-6B)		174
vir_ires_00068.1	vir_ires_00068.1		Human betaherpesvirus 6B (HHV-6B)		174
vir_ires_00069.1	vir_ires_00069.1		Human betaherpesvirus 6B (HHV-6B)		174
vir_ires_00070.1	vir_ires_00070.1		Human betaherpesvirus 6B (HHV-6B)		174
vir_ires_00071.1	vir_ires_00071.1		Human betaherpesvirus 6B (HHV-6B)		174
vir_ires_00201.1	vir_ires_00201.1		Human betaherpesvirus 7 (HHV-7)		174
vir_ires_00202.1	vir_ires_00202.1		Human betaherpesvirus 7 (HHV-7)		174
vir_ires_00203.1	vir_ires_00203.1		Human betaherpesvirus 7 (HHV-7)		174
vir_ires_00204.1	vir_ires_00204.1		Human betaherpesvirus 7 (HHV-7)		174
vir_ires_00205.1	vir_ires_00205.1		Human betaherpesvirus 7 (HHV-7)		174
vir_ires_00206.1	vir_ires_00206.1		Human betaherpesvirus 7 (HHV-7)		174
vir_ires_00207.1	vir_ires_00207.1		Human betaherpesvirus 7 (HHV-7)		174
vir_ires_00208.1	vir_ires_00208.1		Human betaherpesvirus 7 (HHV-7)		174
vir_ires_00209.1	vir_ires_00209.1		Human betaherpesvirus 7 (HHV-7)		174
vir_ires_00210.1	vir_ires_00210.1		Human betaherpesvirus 7 (HHV-7)		174
vir_ires_00211.1	vir_ires_00211.1		Human betaherpesvirus 7 (HHV-7)		174
vir_ires_00212.1	vir_ires_00212.1		Human betaherpesvirus 7 (HHV-7)		174
vir_ires_00213.1	vir_ires_00213.1		Human betaherpesvirus 7 (HHV-7)		174
vir_ires_00214.1	vir_ires_00214.1		Human betaherpesvirus 7 (HHV-7)		174
vir_ires_00215.1	vir_ires_00215.1		Human betaherpesvirus 7 (HHV-7)		174
vir_ires_00216.1	vir_ires_00216.1		Human betaherpesvirus 7 (HHV-7)		174
vir_ires_00217.1	vir_ires_00217.1		Human betaherpesvirus 7 (HHV-7)		174
vir_ires_00218.1	vir_ires_00218.1		Human betaherpesvirus 7 (HHV-7)		174
vir_ires_00219.1	vir_ires_00219.1		Human betaherpesvirus 7 (HHV-7)		174
vir_ires_00220.1	vir_ires_00220.1		Human betaherpesvirus 7 (HHV-7)		174
vir_ires_00221.1	vir_ires_00221.1		Human betaherpesvirus 7 (HHV-7)		174
vir_ires_00222.1	vir_ires_00222.1		Human betaherpesvirus 7 (HHV-7)		174
vir_ires_00223.1	vir_ires_00223.1		Human betaherpesvirus 7 (HHV-7)		174
vir_ires_00224.1	vir_ires_00224.1		Human betaherpesvirus 7 (HHV-7)		174
vir_ires_00405.1	vir_ires_00405.1		Human bocavirus 4 NI (HBoV4-NI)		174
vir_ires_00406.1	vir_ires_00406.1		Human bocavirus 4 NI (HBoV4-NI)		174
vir_ires_00255.1	vir_ires_00255.1		Human coronavirus 229E (HCoV-229E)		174
vir_ires_00319.1	vir_ires_00319.1		Human coronavirus HKU1 (HCoV-HKU1)		174
vir_ires_00320.1	vir_ires_00320.1		Human coronavirus HKU1 (HCoV-HKU1)		174
vir_ires_00295.1	vir_ires_00295.1		Human coronavirus NL63 (HCoV-NL63)		174
vir_ires_00296.1	vir_ires_00296.1		Human coronavirus NL63 (HCoV-NL63)		174
vir_ires_00293.1	vir_ires_00293.1		Human coronavirus OC43 (HCoV-OC43)		174
vir_ires_00294.1	vir_ires_00294.1		Human coronavirus OC43 (HCoV-OC43)		174
vir_ires_00280.1	vir_ires_00280.1		Human erythrovirus V9 (HEV-V9)		174
vir_ires_00281.1	vir_ires_00281.1		Human erythrovirus V9 (HEV-V9)		174
vir_ires_00423.1	vir_ires_00423.1		Human foamy virus (HFV)		174
vir_ires_00332.1	vir_ires_00332.1		Human gammaherpesvirus 4 (Epstein-Barr virus)		174
vir_ires_00336.1	vir_ires_00336.1		Human gammaherpesvirus 4 (Epstein-Barr virus)		174
vir_ires_00338.1	vir_ires_00338.1		Human gammaherpesvirus 4 (Epstein-Barr virus)		174
vir_ires_00341.1	vir_ires_00341.1		Human gammaherpesvirus 4 (Epstein-Barr virus)		174
vir_ires_00326.1	vir_ires_00326.1		Human gammaherpesvirus 4 (Epstein-Barr virus);  Human herpesvirus 4 type 2 (Epstein-Barr virus type 2)		174
vir_ires_00327.1	vir_ires_00327.1		Human gammaherpesvirus 4 (Epstein-Barr virus);  Human herpesvirus 4 type 2 (Epstein-Barr virus type 2)		174
vir_ires_00328.1	vir_ires_00328.1		Human gammaherpesvirus 4 (Epstein-Barr virus);  Human herpesvirus 4 type 2 (Epstein-Barr virus type 2)		174
vir_ires_00329.1	vir_ires_00329.1		Human gammaherpesvirus 4 (Epstein-Barr virus);  Human herpesvirus 4 type 2 (Epstein-Barr virus type 2)		174
vir_ires_00330.1	vir_ires_00330.1		Human gammaherpesvirus 4 (Epstein-Barr virus);  Human herpesvirus 4 type 2 (Epstein-Barr virus type 2)		174
vir_ires_00331.1	vir_ires_00331.1		Human gammaherpesvirus 4 (Epstein-Barr virus);  Human herpesvirus 4 type 2 (Epstein-Barr virus type 2)		174
vir_ires_00333.1	vir_ires_00333.1		Human gammaherpesvirus 4 (Epstein-Barr virus);  Human herpesvirus 4 type 2 (Epstein-Barr virus type 2)		174
vir_ires_00334.1	vir_ires_00334.1		Human gammaherpesvirus 4 (Epstein-Barr virus);  Human herpesvirus 4 type 2 (Epstein-Barr virus type 2)		174
vir_ires_00335.1	vir_ires_00335.1		Human gammaherpesvirus 4 (Epstein-Barr virus);  Human herpesvirus 4 type 2 (Epstein-Barr virus type 2)		174
vir_ires_00337.1	vir_ires_00337.1		Human gammaherpesvirus 4 (Epstein-Barr virus);  Human herpesvirus 4 type 2 (Epstein-Barr virus type 2)		174
vir_ires_00342.1	vir_ires_00342.1		Human gammaherpesvirus 4 (Epstein-Barr virus);  Human herpesvirus 4 type 2 (Epstein-Barr virus type 2)		174
vir_ires_00512.1	vir_ires_00512.1	RF00511	Human gammaherpesvirus 8		232
vir_ires_00349.1	vir_ires_00349.1		Human gammaherpesvirus 8 (Kaposi's sarcoma-associated herpesvirus)		174
vir_ires_00350.1	vir_ires_00350.1		Human gammaherpesvirus 8 (Kaposi's sarcoma-associated herpesvirus)		174
vir_ires_00351.1	vir_ires_00351.1		Human gammaherpesvirus 8 (Kaposi's sarcoma-associated herpesvirus)		174
vir_ires_00352.1	vir_ires_00352.1		Human gammaherpesvirus 8 (Kaposi's sarcoma-associated herpesvirus)		174
vir_ires_00353.1	vir_ires_00353.1		Human gammaherpesvirus 8 (Kaposi's sarcoma-associated herpesvirus)		174
vir_ires_00354.1	vir_ires_00354.1		Human gammaherpesvirus 8 (Kaposi's sarcoma-associated herpesvirus)		174
vir_ires_00355.1	vir_ires_00355.1		Human gammaherpesvirus 8 (Kaposi's sarcoma-associated herpesvirus)		174
vir_ires_00356.1	vir_ires_00356.1		Human gammaherpesvirus 8 (Kaposi's sarcoma-associated herpesvirus)		174
vir_ires_00357.1	vir_ires_00357.1		Human gammaherpesvirus 8 (Kaposi's sarcoma-associated herpesvirus)		174
vir_ires_00358.1	vir_ires_00358.1		Human gammaherpesvirus 8 (Kaposi's sarcoma-associated herpesvirus)		174
vir_ires_00359.1	vir_ires_00359.1		Human gammaherpesvirus 8 (Kaposi's sarcoma-associated herpesvirus)		174
vir_ires_00360.1	vir_ires_00360.1		Human herpesvirus 4 type 2 (Epstein-Barr virus type 2)		174
vir_ires_00361.1	vir_ires_00361.1		Human herpesvirus 4 type 2 (Epstein-Barr virus type 2)		174
vir_ires_00362.1	vir_ires_00362.1		Human herpesvirus 4 type 2 (Epstein-Barr virus type 2)		174
vir_ires_00362.1	vir_ires_00362.1		Human herpesvirus 4 type 2 (Epstein-Barr virus type 2)		174
vir_ires_00430.1	vir_ires_00430.1		Human herpesvirus 4 type 2 (Epstein-Barr virus type 2)		174
vir_ires_00457.1	vir_ires_00457.1		Human herpesvirus 4 type 2 (Epstein-Barr virus type 2)		174
vir_ires_00464.1	vir_ires_00464.1		Human herpesvirus 4 type 2 (Epstein-Barr virus type 2)		174
vir_ires_00509.1	vir_ires_00509.1		Human herpesvirus 8 type M (HHV-8M)		252
vir_ires_00234.1	vir_ires_00234.1		Human immunodeficiency virus 1 (HIV-1)		174
vir_ires_00039.1	vir_ires_00039.1		Human immunodeficiency virus 2 (HIV-2)		174
vir_ires_00039.1	vir_ires_00039.1		Human immunodeficiency virus 2 (HIV-2)		174
vir_ires_00040.1	vir_ires_00040.1		Human immunodeficiency virus 2 (HIV-2)		174
vir_ires_00225.1	vir_ires_00225.1		Human immunodeficiency virus 2 (HIV-2)		174
vir_ires_00447.1	vir_ires_00447.1		Human immunodeficiency virus 2 (HIV-2)		174
vir_ires_00119.1	vir_ires_00119.1		Human mastadenovirus A		174
vir_ires_00120.1	vir_ires_00120.1		Human mastadenovirus A		174
vir_ires_00121.1	vir_ires_00121.1		Human mastadenovirus A		174
vir_ires_00122.1	vir_ires_00122.1		Human mastadenovirus A		174
vir_ires_00123.1	vir_ires_00123.1		Human mastadenovirus A		174
vir_ires_00124.1	vir_ires_00124.1		Human mastadenovirus A		174
vir_ires_00125.1	vir_ires_00125.1		Human mastadenovirus A		174
vir_ires_00126.1	vir_ires_00126.1		Human mastadenovirus A		174
vir_ires_00127.1	vir_ires_00127.1		Human mastadenovirus A		174
vir_ires_00128.1	vir_ires_00128.1		Human mastadenovirus A		174
vir_ires_00129.1	vir_ires_00129.1		Human mastadenovirus A		174
vir_ires_00130.1	vir_ires_00130.1		Human mastadenovirus A		174
vir_ires_00131.1	vir_ires_00131.1		Human mastadenovirus A		174
vir_ires_00132.1	vir_ires_00132.1		Human mastadenovirus A		174
vir_ires_00133.1	vir_ires_00133.1		Human mastadenovirus A		174
vir_ires_00389.1	vir_ires_00389.1		Human mastadenovirus B (HAdV-B)		174
vir_ires_00390.1	vir_ires_00390.1		Human mastadenovirus B (HAdV-B)		174
vir_ires_00391.1	vir_ires_00391.1		Human mastadenovirus B (HAdV-B)		174
vir_ires_00392.1	vir_ires_00392.1		Human mastadenovirus B (HAdV-B)		174
vir_ires_00393.1	vir_ires_00393.1		Human mastadenovirus B (HAdV-B)		174
vir_ires_00394.1	vir_ires_00394.1		Human mastadenovirus B (HAdV-B)		174
vir_ires_00395.1	vir_ires_00395.1		Human mastadenovirus B (HAdV-B)		174
vir_ires_00397.1	vir_ires_00397.1		Human mastadenovirus B (HAdV-B)		174
vir_ires_00398.1	vir_ires_00398.1		Human mastadenovirus B (HAdV-B)		174
vir_ires_00399.1	vir_ires_00399.1		Human mastadenovirus B (HAdV-B)		174
vir_ires_00427.1	vir_ires_00427.1		Human mastadenovirus B (HAdV-B)		174
vir_ires_00428.1	vir_ires_00428.1		Human mastadenovirus B (HAdV-B)		174
vir_ires_00428.1	vir_ires_00428.1		Human mastadenovirus B (HAdV-B)		174
vir_ires_00431.1	vir_ires_00431.1		Human mastadenovirus B (HAdV-B)		174
vir_ires_00443.1	vir_ires_00443.1		Human mastadenovirus B (HAdV-B)		174
vir_ires_00443.1	vir_ires_00443.1		Human mastadenovirus B (HAdV-B)		174
vir_ires_00448.1	vir_ires_00448.1		Human mastadenovirus B (HAdV-B)		174
vir_ires_00450.1	vir_ires_00450.1		Human mastadenovirus B (HAdV-B)		174
vir_ires_00450.1	vir_ires_00450.1		Human mastadenovirus B (HAdV-B)		174
vir_ires_00452.1	vir_ires_00452.1		Human mastadenovirus B (HAdV-B)		174
vir_ires_00452.1	vir_ires_00452.1		Human mastadenovirus B (HAdV-B)		174
vir_ires_00461.1	vir_ires_00461.1		Human mastadenovirus B (HAdV-B)		174
vir_ires_00462.1	vir_ires_00462.1		Human mastadenovirus B (HAdV-B)		174
vir_ires_00021.1	vir_ires_00021.1		Human mastadenovirus B (HAdV-B);  Human adenovirus 7 (HAdV7)		174
vir_ires_00023.1	vir_ires_00023.1		Human mastadenovirus B (HAdV-B);  Human adenovirus 7 (HAdV7)		174
vir_ires_00003.1	vir_ires_00003.1		Human mastadenovirus C; Human adenovirus 2 (HAdV-C)		174
vir_ires_00003.1	vir_ires_00003.1		Human mastadenovirus C; Human adenovirus 2 (HAdV-C)		174
vir_ires_00005.1	vir_ires_00005.1		Human mastadenovirus C; Human adenovirus 2 (HAdV-C)		174
vir_ires_00006.1	vir_ires_00006.1		Human mastadenovirus C; Human adenovirus 2 (HAdV-C)		174
vir_ires_00007.1	vir_ires_00007.1		Human mastadenovirus C; Human adenovirus 2 (HAdV-C)		174
vir_ires_00008.1	vir_ires_00008.1		Human mastadenovirus C; Human adenovirus 2 (HAdV-C)		174
vir_ires_00009.1	vir_ires_00009.1		Human mastadenovirus C; Human adenovirus 2 (HAdV-C)		174
vir_ires_00010.1	vir_ires_00010.1		Human mastadenovirus C; Human adenovirus 2 (HAdV-C)		174
vir_ires_00012.1	vir_ires_00012.1		Human mastadenovirus C; Human adenovirus 2 (HAdV-C)		174
vir_ires_00014.1	vir_ires_00014.1		Human mastadenovirus C; Human adenovirus 2 (HAdV-C)		174
vir_ires_00001.1	vir_ires_00001.1		Human mastadenovirus C; Human adenovirus 2; Human adenovirus 5 (HAdV-C)		174
vir_ires_00002.1	vir_ires_00002.1		Human mastadenovirus C; Human adenovirus 2; Human adenovirus 5 (HAdV-C)		174
vir_ires_00004.1	vir_ires_00004.1		Human mastadenovirus C; Human adenovirus 2; Human adenovirus 5 (HAdV-C)		174
vir_ires_00011.1	vir_ires_00011.1		Human mastadenovirus C; Human adenovirus 2; Human adenovirus 5 (HAdV-C)		174
vir_ires_00377.1	vir_ires_00377.1		Human mastadenovirus D (HAdV-D)		174
vir_ires_00380.1	vir_ires_00380.1		Human mastadenovirus D (HAdV-D)		174
vir_ires_00380.1	vir_ires_00380.1		Human mastadenovirus D (HAdV-D)		174
vir_ires_00381.1	vir_ires_00381.1		Human mastadenovirus D (HAdV-D)		174
vir_ires_00382.1	vir_ires_00382.1		Human mastadenovirus D (HAdV-D)		174
vir_ires_00384.1	vir_ires_00384.1		Human mastadenovirus D (HAdV-D)		174
vir_ires_00386.1	vir_ires_00386.1		Human mastadenovirus D (HAdV-D)		174
vir_ires_00386.1	vir_ires_00386.1		Human mastadenovirus D (HAdV-D)		174
vir_ires_00388.1	vir_ires_00388.1		Human mastadenovirus D (HAdV-D)		174
vir_ires_00436.1	vir_ires_00383.1		Human mastadenovirus D (HAdV-D)		174
vir_ires_00257.1	vir_ires_00257.1		Human mastadenovirus E (HAdV-E)		174
vir_ires_00258.1	vir_ires_00258.1		Human mastadenovirus E (HAdV-E)		174
vir_ires_00259.1	vir_ires_00259.1		Human mastadenovirus E (HAdV-E)		174
vir_ires_00260.1	vir_ires_00260.1		Human mastadenovirus E (HAdV-E)		174
vir_ires_00261.1	vir_ires_00261.1		Human mastadenovirus E (HAdV-E)		174
vir_ires_00262.1	vir_ires_00262.1		Human mastadenovirus E (HAdV-E)		174
vir_ires_00263.1	vir_ires_00263.1		Human mastadenovirus E (HAdV-E)		174
vir_ires_00264.1	vir_ires_00264.1		Human mastadenovirus E (HAdV-E)		174
vir_ires_00265.1	vir_ires_00265.1		Human mastadenovirus E (HAdV-E)		174
vir_ires_00266.1	vir_ires_00266.1		Human mastadenovirus E (HAdV-E)		174
vir_ires_00267.1	vir_ires_00267.1		Human mastadenovirus E (HAdV-E)		174
vir_ires_00425.1	vir_ires_00425.1		Human mastadenovirus E (HAdV-E)		174
vir_ires_00104.1	vir_ires_00104.1		Human mastadenovirus F (HAdV-F)		174
vir_ires_00105.1	vir_ires_00105.1		Human mastadenovirus F (HAdV-F)		174
vir_ires_00106.1	vir_ires_00106.1		Human mastadenovirus F (HAdV-F)		174
vir_ires_00107.1	vir_ires_00107.1		Human mastadenovirus F (HAdV-F)		174
vir_ires_00108.1	vir_ires_00108.1		Human mastadenovirus F (HAdV-F)		174
vir_ires_00109.1	vir_ires_00109.1		Human mastadenovirus F (HAdV-F)		174
vir_ires_00110.1	vir_ires_00110.1		Human mastadenovirus F (HAdV-F)		174
vir_ires_00277.1	vir_ires_00277.1		Human metapneumovirus (HMPV)		174
vir_ires_00155.1	vir_ires_00155.1		Human papillomavirus type 10 (HPV10)		174
vir_ires_00156.1	vir_ires_00156.1		Human papillomavirus type 10 (HPV10)		174
vir_ires_00345.1	vir_ires_00345.1		Human papillomavirus type 101 (HPV101)		174
vir_ires_00346.1	vir_ires_00346.1		Human papillomavirus type 101 (HPV101)		174
vir_ires_00347.1	vir_ires_00347.1		Human papillomavirus type 101 (HPV101)		174
vir_ires_00344.1	vir_ires_00344.1		Human papillomavirus type 103 (HPV103)		174
vir_ires_00403.1	vir_ires_00403.1		Human papillomavirus type 108 (HPV108)		174
vir_ires_00404.1	vir_ires_00404.1		Human papillomavirus type 108 (HPV108)		174
vir_ires_00146.1	vir_ires_00146.1		Human papillomavirus type 16 (HPV16)		174
vir_ires_00147.1	vir_ires_00147.1		Human papillomavirus type 16 (HPV16)		174
vir_ires_00157.1	vir_ires_00157.1		Human papillomavirus type 26 (HPV26)		174
vir_ires_00035.1	vir_ires_00035.1		Human papillomavirus type 31 (HPV31)		174
vir_ires_00036.1	vir_ires_00036.1		Human papillomavirus type 31 (HPV31)		174
vir_ires_00158.1	vir_ires_00158.1		Human papillomavirus type 32 (HPV32)		174
vir_ires_00159.1	vir_ires_00159.1		Human papillomavirus type 32 (HPV32)		174
vir_ires_00160.1	vir_ires_00160.1		Human papillomavirus type 32 (HPV32)		174
vir_ires_00161.1	vir_ires_00161.1		Human papillomavirus type 34 (HPV34)		174
vir_ires_00111.1	vir_ires_00111.1		Human papillomavirus type 4 (HPV4)		174
vir_ires_00112.1	vir_ires_00112.1		Human papillomavirus type 4 (HPV4)		174
vir_ires_00113.1	vir_ires_00113.1		Human papillomavirus type 4 (HPV4)		174
vir_ires_00092.1	vir_ires_00092.1		Human papillomavirus type 41 (HPV4)		174
vir_ires_00093.1	vir_ires_00093.1		Human papillomavirus type 41 (HPV4)		174
vir_ires_00094.1	vir_ires_00094.1		Human papillomavirus type 41 (HPV4)		174
vir_ires_00190.1	vir_ires_00190.1		Human papillomavirus type 48 (HPV48)		174
vir_ires_00191.1	vir_ires_00191.1		Human papillomavirus type 48 (HPV48)		174
vir_ires_00192.1	vir_ires_00192.1		Human papillomavirus type 48 (HPV48)		174
vir_ires_00162.1	vir_ires_00162.1		Human papillomavirus type 49 (HPV49)		174
vir_ires_00163.1	vir_ires_00163.1		Human papillomavirus type 49 (HPV49)		174
vir_ires_00148.1	vir_ires_00148.1		Human papillomavirus type 5 (HPV5)		174
vir_ires_00149.1	vir_ires_00149.1		Human papillomavirus type 5 (HPV5)		174
vir_ires_00150.1	vir_ires_00150.1		Human papillomavirus type 5 (HPV5)		174
vir_ires_00193.1	vir_ires_00193.1		Human papillomavirus type 50 (HPV50)		174
vir_ires_00194.1	vir_ires_00194.1		Human papillomavirus type 50 (HPV50)		174
vir_ires_00195.1	vir_ires_00195.1		Human papillomavirus type 50 (HPV50)		174
vir_ires_00196.1	vir_ires_00196.1		Human papillomavirus type 50 (HPV50)		174
vir_ires_00197.1	vir_ires_00197.1		Human papillomavirus type 50 (HPV50)		174
vir_ires_00164.1	vir_ires_00164.1		Human papillomavirus type 53 (HPV53)		174
vir_ires_00165.1	vir_ires_00165.1		Human papillomavirus type 53 (HPV53)		174
vir_ires_00198.1	vir_ires_00198.1		Human papillomavirus type 60 (HPV60)		174
vir_ires_00199.1	vir_ires_00199.1		Human papillomavirus type 60 (HPV60)		174
vir_ires_00200.1	vir_ires_00200.1		Human papillomavirus type 60 (HPV60)		174
vir_ires_00114.1	vir_ires_00114.1		Human papillomavirus type 63 (HPV63)		174
vir_ires_00115.1	vir_ires_00115.1		Human papillomavirus type 63 (HPV63)		174
vir_ires_00116.1	vir_ires_00116.1		Human papillomavirus type 63 (HPV63)		174
vir_ires_00117.1	vir_ires_00117.1		Human papillomavirus type 63 (HPV63)		174
vir_ires_00095.1	vir_ires_00095.1		Human papillomavirus type 6b (HPV6b)		174
vir_ires_00096.1	vir_ires_00096.1		Human papillomavirus type 6b (HPV6b)		174
vir_ires_00097.1	vir_ires_00097.1		Human papillomavirus type 6b (HPV6b)		174
vir_ires_00166.1	vir_ires_00166.1		Human papillomavirus type 7 (HPV7)		174
vir_ires_00167.1	vir_ires_00167.1		Human papillomavirus type 7 (HPV7)		174
vir_ires_00168.1	vir_ires_00168.1		Human papillomavirus type 7 (HPV7)		174
vir_ires_00365.1	vir_ires_00365.1		Human papillomavirus type 88 (HPV88)		174
vir_ires_00366.1	vir_ires_00366.1		Human papillomavirus type 88 (HPV88)		174
vir_ires_00367.1	vir_ires_00367.1		Human papillomavirus type 88 (HPV88)		174
vir_ires_00169.1	vir_ires_00169.1		Human papillomavirus type 9 (HPV9)		174
vir_ires_00170.1	vir_ires_00170.1		Human papillomavirus type 9 (HPV9)		174
vir_ires_00274.1	vir_ires_00274.1		Human papillomavirus type 90 (candHPV90)		174
vir_ires_00275.1	vir_ires_00275.1		Human papillomavirus type 90 (candHPV90)		174
vir_ires_00276.1	vir_ires_00276.1		Human papillomavirus type 90 (candHPV90)		174
vir_ires_00283.1	vir_ires_00283.1		Human papillomavirus type 92 (HPV92)		174
vir_ires_00284.1	vir_ires_00284.1		Human papillomavirus type 92 (HPV92)		174
vir_ires_00285.1	vir_ires_00285.1		Human papillomavirus type 92 (HPV92)		174
vir_ires_00286.1	vir_ires_00286.1		Human papillomavirus type 92 (HPV92)		174
vir_ires_00290.1	vir_ires_00290.1		Human papillomavirus type 96 (HPV96)		174
vir_ires_00291.1	vir_ires_00291.1		Human papillomavirus type 96 (HPV96)		174
vir_ires_00292.1	vir_ires_00292.1		Human papillomavirus type 96 (HPV96)		174
vir_ires_00321.1	vir_ires_00321.1		Human parvovirus 4 G1		174
vir_ires_00042.1	vir_ires_00042.1		Human parvovirus B19		174
vir_ires_00044.1	vir_ires_00044.1		Human parvovirus B19		174
PV_type1_Mahoney|Human poliovirus 1	PV_type1_Mahoney|Human poliovirus 1	RF00229	Human poliovirus 1		312
vir_ires_00151.1	vir_ires_00151.1		Human polyomavirus 1		174
vir_ires_00152.1	vir_ires_00152.1		Human polyomavirus 1		174
vir_ires_00268.1	vir_ires_00268.1		Human respirovirus 1 (HPIV-1)		174
vir_ires_00532.1	vir_ires_00532.1		Human T-cell leukemia virus type I		182
vir_ires_00542.1	vir_ires_00542.1		Human T-cell leukemia virus type I		264
vir_ires_00549.1	vir_ires_00549.1		Human T-cell leukemia virus type I		42
vir_ires_00135.1	vir_ires_00135.1		Human T-lymphotropic virus 2 (HTLV-2)		174
vir_ires_00546.1	vir_ires_00546.1		Infectious flacherie virus		311
vir_ires_00536.1	vir_ires_00536.1		Infectious pancreatic necrosis virus		119
vir_ires_00322.1	vir_ires_00322.1		Influenza A virus (A/goose/Guangdong/1/1996(H5N1))		174
vir_ires_00323.1	vir_ires_00323.1		Influenza A virus (A/New York/392/2004(H3N2))		174
vir_ires_00437.1	vir_ires_00437.1		Influenza A virus (A/New York/392/2004(H3N2))		174
vir_ires_00253.1	vir_ires_00253.1		Influenza B virus (B/Lee/1940)		174
vir_ires_00348.1	vir_ires_00348.1		Israeli acute paralysis virus (IAPV)		174
vir_ires_00550.1	vir_ires_00550.1		Leishmania RNA virus 1 - 1		447
vir_ires_00418.1	vir_ires_00418.1		Lloviu cuevavirus		174
vir_ires_00419.1	vir_ires_00419.1		Lloviu cuevavirus		174
vir_ires_00289.1	vir_ires_00289.1		Machupo mammarenavirus		174
vir_ires_00171.1	vir_ires_00171.1		Marburg marburgvirus		174
vir_ires_00172.1	vir_ires_00172.1		Marburg marburgvirus		174
vir_ires_00269.1	vir_ires_00269.1		Modoc virus (MODV)		174
vir_ires_00141.1	vir_ires_00141.1		Mouse mammary tumor virus (MMTV)		174
vir_ires_00142.1	vir_ires_00142.1		Mouse mammary tumor virus (MMTV)		174
vir_ires_00533.1	vir_ires_00523.1		Mouse mammary tumor virus (MMTV)		311
CM000995.3:107125011-107125270 Mus musculus IRES_Kv1_4 Mus musculus chromosome 2, GRCm39 reference primary assembly C57BL/6J	mouse_CM000673.2:30012935-30012676 | chr2:107125011-107125270(+) | RF00447 | IRES_Kv1_4 | potassium-channel Kv1.4 IRES	RF00447	Mus musculus (mouse)	chr2:107125011-107125270+	260
HIF1a|Mus musculus	HIF1a|Mus musculus	RF00449	Mus musculus (mouse)		257
mouse_hsa_ires_00042.1 | chr9:77297295-77297424(+) | RF00461 | IRES_VEGF_A | endothelial growth factor (VEGF) IRES A	mouse_hsa_ires_00042.1 | chr9:77297295-77297424(+) | RF00461 | IRES_VEGF_A | endothelial growth factor (VEGF) IRES A	RF00461	Mus musculus (mouse)	chr9:77297295-77297424+	130
CM001006.3:58956225-58956532 Mus musculus IRES_TrkB CM001006.3 Mus musculus chromosome 13, GRCm39 reference primary assembly C57BL/6J	CM001006.3:58956225-58956532 Mus musculus IRES_TrkB CM001006.3 Mus musculus chromosome 13, GRCm39 reference primary assembly C57BL/6J	RF00547	Mus musculus (mouse)		308
mouse_hsa_ires_00200.1 | chr15:79868434-79869040(-) | RF00549 | IRES_c-sis | internal ribosome entry site (IRES)	mouse_hsa_ires_00200.1 | chr15:79868434-79869040(-) | RF00549 | IRES_c-sis | internal ribosome entry site (IRES)	RF00549	Mus musculus (mouse)	chr15:79868434-79869040-	607
Apaf-1|Mus musculus	Apaf-1|Mus musculus		Mus musculus (mouse)		583
CM000997.3:40948223-40947846 Mus musculus IRES_Bag1 CM000997.3 Mus musculus chromosome 4, GRCm39 reference primary assembly C57BL/6J	CM000997.3:40948223-40947846 Mus musculus IRES_Bag1 CM000997.3 Mus musculus chromosome 4, GRCm39 reference primary assembly C57BL/6J		Mus musculus (mouse)		378
CM001003.3:56253427-56253630 Mus musculus IRES_Cx43 CM001003.3 Mus musculus chromosome 10, GRCm39 reference primary assembly C57BL/6J	mmu_ires_00012.1|Mus musculus (house mouse)		Mus musculus (mouse)		207
CM001005.3:12991823-12991620 Mus musculus IRES_n-myc CM001005.3 Mus musculus chromosome 12, GRCm39 reference primary assembly C57BL/6J	CM001005.3:12991823-12991620 Mus musculus IRES_n-myc CM001005.3 Mus musculus chromosome 12, GRCm39 reference primary assembly C57BL/6J		Mus musculus (mouse)		204
CM001010.3:46342573-46342268 Mus musculus IRES_VEGF_A CM001010.3 Mus musculus chromosome 17, GRCm39 reference primary assembly C57BL/6J	CM001010.3:46342573-46342268 Mus musculus IRES_VEGF_A CM001010.3 Mus musculus chromosome 17, GRCm39 reference primary assembly C57BL/6J		Mus musculus (mouse)		306
HIF1a|Mus musculus	CM001005.3:73954790-73955066 Mus musculus IRES_HIF1 CM001005.3 Mus musculus chromosome 12, GRCm39 reference primary assembly C57BL/6J		Mus musculus (mouse)		277
HIF1a|Mus musculus	mmu_ires_00001.1|Mus musculus (house mouse)		Mus musculus (mouse)		286
LINE-1_ORF1_-101_to_-1|Mus musculus	LINE-1_ORF1_-101_to_-1|Mus musculus		Mus musculus (mouse)		101
LINE-1_ORF1_-101_to_-1|Mus musculus	LINE-1_ORF1_-101_to_-1|Mus musculus		Mus musculus (mouse)		101
mmu_ires_00000.1|Mus musculus (house mouse)	mmu_ires_00000.1|Mus musculus (house mouse)		Mus musculus (mouse)		166
mmu_ires_00002.1|Mus musculus (house mouse)	mmu_ires_00002.1|Mus musculus (house mouse)		Mus musculus (mouse)		200
mmu_ires_00003.1|Mus musculus (house mouse)	mmu_ires_00003.1|Mus musculus (house mouse)		Mus musculus (mouse)		418
mmu_ires_00006.1|Mus musculus (house mouse)	mmu_ires_00006.1|Mus musculus (house mouse)		Mus musculus (mouse)		515
mmu_ires_00007.1|Mus musculus (house mouse)	mmu_ires_00007.1|Mus musculus (house mouse)		Mus musculus (mouse)		59
mmu_ires_00010.1|Mus musculus (house mouse)	mmu_ires_00010.1|Mus musculus (house mouse)		Mus musculus (mouse)		115
mmu_ires_00011.1|Mus musculus (house mouse)	mmu_ires_00011.1|Mus musculus (house mouse)		Mus musculus (mouse)		174
mmu_ires_00014.1|Mus musculus (house mouse)	mmu_ires_00014.1|Mus musculus (house mouse)		Mus musculus (mouse)		120
mmu_ires_00015.1|Mus musculus (house mouse)	mmu_ires_00015.1|Mus musculus (house mouse)		Mus musculus (mouse)		9
mmu_ires_00016.1|Mus musculus (house mouse)	mmu_ires_00016.1|Mus musculus (house mouse)		Mus musculus (mouse)		694
mmu_ires_00018.1|Mus musculus (house mouse)	mmu_ires_00018.1|Mus musculus (house mouse)		Mus musculus (mouse)		207
mmu_ires_00019.1|Mus musculus (house mouse)	mmu_ires_00019.1|Mus musculus (house mouse)		Mus musculus (mouse)		125
mmu_ires_00020.1|Mus musculus (house mouse)	mmu_ires_00020.1|Mus musculus (house mouse)		Mus musculus (mouse)		489
mmu_ires_00021.1|Mus musculus (house mouse)	mmu_ires_00021.1|Mus musculus (house mouse)		Mus musculus (mouse)		212
mmu_ires_00022.1|Mus musculus (house mouse)	mmu_ires_00022.1|Mus musculus (house mouse)		Mus musculus (mouse)		300
mmu_ires_00023.1|Mus musculus (house mouse)	mmu_ires_00023.1|Mus musculus (house mouse)		Mus musculus (mouse)		404
mmu_ires_00024.1|Mus musculus (mouse)	mmu_ires_00024.1|Mus musculus (mouse)		Mus musculus (mouse)		183
mmu_ires_00025.1|Mus musculus (house mouse)	mmu_ires_00025.1|Mus musculus (house mouse)		Mus musculus (mouse)		193
mmu_ires_00027.1|Mus musculus (house mouse)	mmu_ires_00027.1|Mus musculus (house mouse)		Mus musculus (mouse)		204
mmu_ires_00028.1|Mus musculus (house mouse)	mmu_ires_00028.1|Mus musculus (house mouse)		Mus musculus (mouse)		259
mmu_ires_00030.1|Mus musculus (house mouse)	mmu_ires_00030.1|Mus musculus (house mouse)		Mus musculus (mouse)		93
MNT_75-267|Homo sapiens	CM001004.3:74721955-74722157 Mus musculus IRES_mnt CM001004.3 Mus musculus chromosome 11, GRCm39 reference primary assembly C57BL/6J		Mus musculus (mouse)		203
mouse_hsa_ires_00200.1 | chr15:79868434-79869040(-) | RF00549 | IRES_c-sis | internal ribosome entry site (IRES)	CM001008.3:79898989-79898383 Mus musculus IRES_c-sis CM001008.3 Mus musculus chromosome 15, GRCm39 reference primary assembly C57BL/6J		Mus musculus (mouse)		607
mouse_hsa_ires_00588.1 | chr2:34662106-34662369(+) | RF00223 | IRES_Bip | internal ribosome entry site (IRES)	CM000995.3:34662106-34662369 Mus musculus IRES_Bip Mus musculus chromosome 2, GRCm39 reference primary assembly C57BL/6J		Mus musculus (mouse)		264
NDST3|Mus musculus	NDST3|Mus musculus		Mus musculus (mouse)		247
NDST3|Mus musculus	NDST3|Mus musculus		Mus musculus (mouse)		247
NDST4L|Mus musculus	NDST4L|Mus musculus		Mus musculus (mouse)		672
NDST4S|Mus musculus	NDST4S|Mus musculus		Mus musculus (mouse)		418
UtrA|Mus musculus	UtrA|Mus musculus		Mus musculus (mouse)		506
VEGF-A_-133_-1|Mus musculus	VEGF-A_-133_-1|Mus musculus		Mus musculus (mouse)		133
vir_ires_00256.1	vir_ires_00256.1		Nipah henipavirus (NiV)		174
vir_ires_00507.1	vir_ires_00507.1		Pegivirus A		691
vir_ires_00507.1	vir_ires_00507.1		Pegivirus A		691
PSIV_IGR|Plautia stali intestine virus	PSIV_IGR|Plautia stali intestine virus		Plautia stali intestine virus		145
vir_ires_00153.1	vir_ires_00153.1		Rabies lyssavirus		174
REV-A|Reticuloendotheliosis virus	REV-A|Reticuloendotheliosis virus		Reticuloendotheliosis virus		577
vir_ires_00476.1	vir_ires_00476.1		Reticuloendotheliosis virus (REV)		129
vir_ires_00400.1	vir_ires_00400.1		Rotavirus A		174
vir_ires_00324.1	vir_ires_00324.1		Rotavirus C		174
vir_ires_00325.1	vir_ires_00325.1		Rotavirus C		174
vir_ires_00139.1	vir_ires_00139.1		Spleen focus-forming virus (SFFV)		174
vir_ires_00140.1	vir_ires_00140.1		Spleen focus-forming virus (SFFV)		174
vir_ires_00317.1	vir_ires_00317.1		Sudan ebolavirus		174
vir_ires_00318.1	vir_ires_00318.1		Sudan ebolavirus		174
vir_ires_00412.1	vir_ires_00412.1		Tai Forest ebolavirus		174
vir_ires_00413.1	vir_ires_00413.1		Tai Forest ebolavirus		174
